passenger_id,flight_id,interaction_type,timestamp
2215fb8b-67c1-4f89-bfd5-52d068c5ca4f,29,SEARCH,2026-02-14T14:17:53.325067
fc14947a-d538-4d41-9ffe-e69397a72b32,17,PURCHASE,2026-02-14T14:33:53.325067
993f0dbf-2553-415d-9d50-be9b0928e9b7,11,SEARCH,2026-02-14T15:01:53.325067
96e8c26e-0ec2-4efc-9437-af2b9dbaccd4,6,SEARCH,2026-02-14T15:05:53.325067
939104dd-4d20-4b27-9fa0-d8f87d70973b,19,SEARCH,2026-02-14T15:06:53.325067
d7e15291-054f-4cef-9258-1af87c8a1dc4,21,SEARCH,2026-02-14T15:16:53.325067
114a3a20-1ec3-41c7-9356-8bcf7aff63fa,15,SEARCH,2026-02-14T15:41:53.325067
209e1b4f-9340-42d8-b737-0f3435787db4,14,SEARCH,2026-02-14T15:54:53.325067
939104dd-4d20-4b27-9fa0-d8f87d70973b,9,SEARCH,2026-02-14T15:55:53.325067
920036aa-1e46-4c61-b723-5f6d549697b4,13,SEARCH,2026-02-14T18:10:53.325067
03e12c65-f5c6-4994-a25f-4b40e3f5ce46,9,SEARCH,2026-02-14T18:21:53.325067
930b3803-3763-494c-9c8e-f522f4a0184d,7,SEARCH,2026-02-14T18:27:53.325067
c2ed763e-ec0e-4b59-b7ff-b2d4bc4f294b,20,SEARCH,2026-02-14T18:45:53.325067
6eab0579-7d84-4c14-93f7-7afac138240b,18,SEARCH,2026-02-14T18:49:53.325067
c24a1f2c-e995-4ab7-b371-51f3919a5d97,7,PURCHASE,2026-02-14T18:50:53.325067
ec5bf1f7-2a55-4a83-9709-2df9b1283cc9,3,SEARCH,2026-02-14T19:00:53.325067
01e53c67-0cb2-4f21-8eee-ef6246003908,16,PURCHASE,2026-02-14T19:36:53.325067
d7e77be1-9611-427c-9c23-b257a02e74d2,9,SEARCH,2026-02-14T19:42:53.325067
10736b4a-8fdb-4b0d-bcd2-3658eb891b12,14,SEARCH,2026-02-14T19:47:53.325067
bf25f2cc-5280-4b7d-955d-1f98969c2450,26,PURCHASE,2026-02-14T19:56:53.325067
09acf0d1-0c42-4614-ba7b-024042ad1bb9,4,SEARCH,2026-02-14T19:59:53.325067
e5635040-1736-4b05-9eaf-c6d0eca3b36b,12,SEARCH,2026-02-14T20:04:53.325067
482db056-98f2-4992-b2ac-4d904f495e51,8,SEARCH,2026-02-14T20:11:53.325067
f81d9aac-045b-487b-8eb7-78f2e6c87ad6,10,SEARCH,2026-02-14T20:21:53.325067
9647378f-753b-42a1-b37b-420d38ccf753,10,SEARCH,2026-02-14T20:23:53.325067
6eab0579-7d84-4c14-93f7-7afac138240b,9,SEARCH,2026-02-14T20:26:53.325067
ea88356f-27fa-4a01-82ca-d699a940f2b2,11,SEARCH,2026-02-14T20:28:53.325067
296d3bca-9d86-40fa-a523-94e710959c8a,7,PURCHASE,2026-02-14T21:03:53.325067
4d036e41-d90b-41cf-9073-34efdbe8ec2e,11,SEARCH,2026-02-14T21:14:53.325067
b24f8168-69cc-47f5-9566-a4630930bdcf,7,SEARCH,2026-02-14T21:16:53.325067
c2ed763e-ec0e-4b59-b7ff-b2d4bc4f294b,19,SEARCH,2026-02-14T21:18:53.325067
14475413-bfe4-45ff-9516-e0d88e2673ce,23,SEARCH,2026-02-14T21:20:53.325067
ec5bf1f7-2a55-4a83-9709-2df9b1283cc9,16,SEARCH,2026-02-14T21:27:53.325067
78376492-dfe4-4410-8dc6-4d19ec461fec,19,SEARCH,2026-02-14T21:27:53.325067
d5355a54-1fab-49ee-9adc-ab2f6e6d987b,19,SEARCH,2026-02-14T21:31:53.325067
78376492-dfe4-4410-8dc6-4d19ec461fec,17,PURCHASE,2026-02-14T21:36:53.325067
b28b69dc-d2c1-4964-8ff0-3991ce0cbb4d,7,SEARCH,2026-02-14T21:45:53.325067
153982c3-0a07-4f2c-bf34-6bc1b976aa1b,5,PURCHASE,2026-02-14T21:54:53.325067
b17de091-de72-4f42-87be-e738a35d85a5,15,SEARCH,2026-02-14T21:56:53.325067
6a02f2af-bf52-4219-a484-36c3503deea8,15,PURCHASE,2026-02-14T22:04:53.325067
1bc4281b-e7ff-46f0-95f9-a753144c12f5,8,SEARCH,2026-02-14T22:12:53.325067
c39f6053-cb21-4a6b-98bb-4036625cd5b7,24,SEARCH,2026-02-14T22:32:53.325067
d822cfc8-2e23-41a3-bb09-ddbc0af60dfa,16,SEARCH,2026-02-14T22:51:53.325067
a97b1044-6e48-4aea-b988-5c6d42bdefb6,10,SEARCH,2026-02-14T23:12:53.325067
516c6646-8b42-45fa-9dc3-a3b89b1e4e26,6,PURCHASE,2026-02-14T23:13:53.325067
6668ee69-9898-455a-a605-8fffe66fd4b9,13,SEARCH,2026-02-14T23:14:53.325067
53d42c57-4ffb-4e03-a869-2338cde94adf,15,SEARCH,2026-02-14T23:16:53.325067
7ad89e3d-f89e-4d18-a766-5559b26f9aba,12,SEARCH,2026-02-14T23:16:53.325067
a03e24ce-8ee9-48b7-b665-b66c9cc568d9,8,SEARCH,2026-02-14T23:37:53.325067
14475413-bfe4-45ff-9516-e0d88e2673ce,12,SEARCH,2026-02-14T23:46:53.325067
adb57e5e-5a91-4d39-9039-d02a28817f53,7,PURCHASE,2026-02-15T00:01:53.325067
f64c66fa-0171-4968-8c28-16069d56f17a,5,SEARCH,2026-02-15T00:02:53.325067
b24f8168-69cc-47f5-9566-a4630930bdcf,9,SEARCH,2026-02-15T00:03:53.325067
839f5e0b-2b92-4f79-83a4-8ca6b64ab7fb,11,PURCHASE,2026-02-15T00:11:53.325067
40b0d04a-ac3a-497e-a265-a239bf90a988,15,SEARCH,2026-02-15T00:31:53.325067
a35b5e7f-b562-4240-9e36-2a1fa2f5fe51,17,SEARCH,2026-02-15T00:36:53.325067
f4c4d321-f7c1-4ff1-8731-53e8e0a0f715,25,SEARCH,2026-02-15T00:36:53.325067
51190cd5-9692-45e9-81a0-31ea67943df9,8,SEARCH,2026-02-15T00:38:53.325067
4c682d9e-2f19-46a9-af00-13d29cfbdfb6,18,PURCHASE,2026-02-15T00:48:53.325067
952e40d1-9bb7-4e22-8bab-97cf9e8f7a1e,6,SEARCH,2026-02-15T00:48:53.325067
10736b4a-8fdb-4b0d-bcd2-3658eb891b12,17,SEARCH,2026-02-15T01:02:53.325067
ed8d870f-57f0-4c43-81e2-8db499511c37,27,SEARCH,2026-02-15T01:13:53.325067
79cb8b38-5cd9-4b11-bf31-20b782e0f357,6,SEARCH,2026-02-15T01:21:53.325067
8cd8d36b-2249-410a-863c-4887671d5e9c,9,SEARCH,2026-02-15T01:21:53.325067
b01bb9cc-efd9-471d-981d-546f87f111f8,32,SEARCH,2026-02-15T01:36:53.325067
8aa4e24e-b641-4e27-90ad-ae70b2653a10,13,SEARCH,2026-02-15T01:41:53.325067
228f70d1-8981-4a30-9694-1d276a881382,3,SEARCH,2026-02-15T01:49:53.325067
b635d7c5-712e-4ec6-b70c-134b9c948fd8,16,SEARCH,2026-02-15T02:14:53.325067
45ae47a9-2614-40b2-84b3-530b061ae6f3,6,SEARCH,2026-02-15T02:37:53.325067
7981a1ff-35a7-4d84-9f26-48042b761273,22,SEARCH,2026-02-15T02:58:53.325067
40b65422-3f7f-4252-83c7-3faf9f7f73d9,9,SEARCH,2026-02-15T03:05:53.325067
711674ac-dc45-4de7-9011-a7e336437ff1,24,SEARCH,2026-02-15T03:11:53.325067
fc14e347-43c5-4ea0-9f5a-84ac3ced980d,18,SEARCH,2026-02-15T03:17:53.325067
e8108cd8-6fef-4a59-bd95-717b807705f7,16,SEARCH,2026-02-15T03:35:53.325067
0d9df06b-fab6-464c-92e2-5a874d44718a,27,SEARCH,2026-02-15T03:46:53.325067
b0dc1cb2-7de9-4b0c-8611-aa4300a53faf,28,SEARCH,2026-02-15T03:50:53.325067
023d151c-6757-4419-87e2-88e1c2687a07,13,SEARCH,2026-02-15T04:09:53.325067
27d24a11-f94d-4ebd-ad87-de9dce3f42da,4,PURCHASE,2026-02-15T04:19:53.325067
6b3f9a86-54b2-440b-bc2e-1b1f1c640d49,3,SEARCH,2026-02-15T04:24:53.325067
9ccd0da8-437a-4a8f-a695-55c0be365599,6,SEARCH,2026-02-15T04:42:53.325067
61eeeca9-226b-4492-9998-205f7a300447,12,PURCHASE,2026-02-15T05:02:53.325067
f491c077-9c9e-4db6-9825-b5c397ad2a60,8,SEARCH,2026-02-15T05:02:53.325067
ffa5c930-300a-4e34-a99e-bf085c6d3432,13,SEARCH,2026-02-15T05:04:53.325067
ae1e8831-0783-4359-9259-63a1ac78a340,12,SEARCH,2026-02-15T05:13:53.325067
b3d5b452-8ff5-4c78-9a69-0f08e2dbd3a6,8,SEARCH,2026-02-15T05:22:53.325067
d7e77be1-9611-427c-9c23-b257a02e74d2,31,SEARCH,2026-02-15T05:23:53.325067
57a84dbf-f52a-40c1-8835-0ceaefc725f0,5,SEARCH,2026-02-15T05:54:53.325067
4bd6b982-dac9-4d73-b582-eeda940ab590,20,SEARCH,2026-02-15T06:07:53.325067
1ef1084f-e562-4722-b60f-a03cb724022e,24,SEARCH,2026-02-15T06:26:53.325067
89ee4286-f4a6-40b0-9d45-6041c20cfcb1,23,SEARCH,2026-02-15T06:47:53.325067
ba8f0e72-3209-4387-a358-72c4c62ebad3,11,SEARCH,2026-02-15T06:57:53.325067
e6b004ef-981b-4806-87d6-34502f53e460,22,SEARCH,2026-02-15T06:58:53.325067
4a23856f-1744-4f2d-9fa5-e3b8a9c98d5d,10,SEARCH,2026-02-15T07:11:53.325067
3543cf5f-f9e4-45cc-853e-61e31cdf3d23,24,SEARCH,2026-02-15T07:13:53.325067
a8b6a507-8fe3-4898-9d4d-1e3179236159,16,PURCHASE,2026-02-15T07:27:53.325067
a104e888-08f8-401e-a3e4-e91eced010d5,21,SEARCH,2026-02-15T07:35:53.325067
1ef1084f-e562-4722-b60f-a03cb724022e,18,SEARCH,2026-02-15T07:48:53.325067
d7e15291-054f-4cef-9258-1af87c8a1dc4,9,SEARCH,2026-02-15T07:49:53.325067
cd17b9bc-254b-4036-9136-94c57211675e,18,PURCHASE,2026-02-15T07:52:53.325067
99a0f925-6e74-4262-b2c2-7923c909af64,22,SEARCH,2026-02-15T07:53:53.325067
d3a790da-c37a-4724-9a5c-988365751ae3,18,PURCHASE,2026-02-15T07:56:53.325067
84532ebd-82c9-4c67-b7ea-55c3ece9c7a4,15,SEARCH,2026-02-15T08:03:53.325067
6b3f9a86-54b2-440b-bc2e-1b1f1c640d49,14,SEARCH,2026-02-15T08:03:53.325067
28d4420d-cf3a-4cd8-8912-bc9447596b91,13,SEARCH,2026-02-15T08:20:53.325067
d37ea336-c09e-43fc-98d9-b4fa1cbdfe96,5,PURCHASE,2026-02-15T08:21:53.325067
a3a3e7fd-0509-4231-a9f5-b23f1c697f12,17,SEARCH,2026-02-15T08:32:53.325067
a9997e2c-1247-4e74-9f46-182e61dd09f2,10,SEARCH,2026-02-15T09:27:53.325067
1b14a076-d2ef-4e4a-b995-407e692c52c0,12,SEARCH,2026-02-15T09:29:53.325067
b392a2ea-6797-4320-9af3-01ba20730ada,17,PURCHASE,2026-02-15T09:36:53.325067
c9a94ebb-ba55-4f77-a535-b3b156e8cd6c,21,SEARCH,2026-02-15T09:48:53.325067
77097335-9bf1-4ce5-a34c-c9cb92e53352,14,SEARCH,2026-02-15T10:00:53.325067
952e40d1-9bb7-4e22-8bab-97cf9e8f7a1e,16,PURCHASE,2026-02-15T10:14:53.325067
fe56cc6a-d6e2-45c9-8ff5-23371d3f93f8,29,PURCHASE,2026-02-15T10:21:53.325067
fe56cc6a-d6e2-45c9-8ff5-23371d3f93f8,33,SEARCH,2026-02-15T10:27:53.325067
46d4641b-2c5a-41da-b0c1-daae8c4e9be9,7,SEARCH,2026-02-15T10:30:53.325067
80cc2ae5-5000-4948-82e6-cd47416f1529,10,SEARCH,2026-02-15T10:57:53.325067
1844715d-6c92-4eb9-b947-dc14a551090f,22,SEARCH,2026-02-15T11:19:53.325067
499e0a6a-0709-4df6-82f3-c75fa0ae73db,6,PURCHASE,2026-02-15T11:20:53.325067
7ec54411-de28-43fa-a070-67fc7e1239d4,3,SEARCH,2026-02-15T11:35:53.325067
53346a36-6f23-45f7-8089-1bd846183d7f,9,SEARCH,2026-02-15T11:55:53.325067
e9903e8d-7458-4f4f-9745-a59f893cc56c,12,SEARCH,2026-02-15T12:20:53.325067
a2c99087-55d9-47cd-89bf-ee21b3e28061,8,SEARCH,2026-02-15T12:23:53.325067
08e72634-2463-427b-b483-84616f3685a4,23,SEARCH,2026-02-15T12:25:53.325067
86d658a5-b15f-4ac1-a7fc-f30974f84164,10,SEARCH,2026-02-15T12:35:53.325067
6a96c77d-5b1a-447c-a920-c59619c1a042,18,SEARCH,2026-02-15T13:00:53.325067
5b48744a-3ab9-4929-b9b3-2a391792b2a6,9,SEARCH,2026-02-15T13:00:53.325067
984775f1-a021-46d8-b8f7-f7c4a7db6d81,9,SEARCH,2026-02-15T13:06:53.325067
78b207a8-4f03-4de8-8b7a-56f69d1aa3ce,11,SEARCH,2026-02-15T13:14:53.325067
edc9014e-4596-4b2b-bf2c-4ce00a2724d1,23,SEARCH,2026-02-15T13:27:53.325067
6a96c77d-5b1a-447c-a920-c59619c1a042,12,SEARCH,2026-02-15T13:45:53.325067
025da52c-3daa-4ade-be62-1f35affd5e4d,9,SEARCH,2026-02-15T13:47:53.325067
84532ebd-82c9-4c67-b7ea-55c3ece9c7a4,15,SEARCH,2026-02-15T13:52:53.325067
e9a8ef61-8f21-4a1e-a326-fb36dd78499f,24,SEARCH,2026-02-15T13:58:53.325067
45ae47a9-2614-40b2-84b3-530b061ae6f3,17,SEARCH,2026-02-15T13:58:53.325067
c21ec16c-cc3d-45fa-be76-9ffc68d79ae3,17,SEARCH,2026-02-15T14:06:53.325067
a21c5513-9d37-4926-9729-0f802f6f6304,22,SEARCH,2026-02-15T14:27:53.325067
ad965232-d3a1-429c-a8a6-8736e3192620,7,SEARCH,2026-02-15T14:29:53.325067
7f31a02d-6bf8-4c93-ae8c-a227e3dd4e1c,18,PURCHASE,2026-02-15T14:40:53.325067
e0a9d7da-890c-4d19-aa6d-18ae709ee7c3,26,PURCHASE,2026-02-15T14:48:53.325067
45ae47a9-2614-40b2-84b3-530b061ae6f3,27,SEARCH,2026-02-15T15:14:53.325067
d2588be5-113a-4600-84a1-93a66a7c88d6,24,SEARCH,2026-02-15T15:28:53.325067
a03e24ce-8ee9-48b7-b665-b66c9cc568d9,16,SEARCH,2026-02-15T15:50:53.325067
9f1cfd91-01fa-41a2-a636-af0b8b4ade9f,6,PURCHASE,2026-02-15T15:51:53.325067
19fa6e83-b771-4a97-ae21-c241e196de8e,6,PURCHASE,2026-02-15T16:06:53.325067
c79c14ee-62df-4edf-baef-0b521cd8b3a9,3,SEARCH,2026-02-15T16:17:53.325067
25f6d082-6a51-413b-9783-0f019a400f42,12,SEARCH,2026-02-15T16:22:53.325067
f64c66fa-0171-4968-8c28-16069d56f17a,27,PURCHASE,2026-02-15T16:52:53.325067
1656ea37-9d31-40a9-89f2-4986e158ea4b,28,SEARCH,2026-02-15T17:16:53.325067
ae1e8831-0783-4359-9259-63a1ac78a340,15,PURCHASE,2026-02-15T17:26:53.325067
499e0a6a-0709-4df6-82f3-c75fa0ae73db,28,SEARCH,2026-02-15T17:46:53.325067
f235ab0f-557a-40dd-afaa-9ea9983aeb5f,11,SEARCH,2026-02-15T17:53:53.325067
0136a4e4-4cf3-4568-a345-e6c1ac040b27,10,SEARCH,2026-02-15T18:05:53.325067
b5d5a5aa-e2a3-493b-b0d9-545f901b58f6,8,SEARCH,2026-02-15T18:06:53.325067
fe56cc6a-d6e2-45c9-8ff5-23371d3f93f8,15,SEARCH,2026-02-15T18:11:53.325067
6a02f2af-bf52-4219-a484-36c3503deea8,6,SEARCH,2026-02-15T18:13:53.325067
a2c99087-55d9-47cd-89bf-ee21b3e28061,16,SEARCH,2026-02-15T18:28:53.325067
228f70d1-8981-4a30-9694-1d276a881382,14,PURCHASE,2026-02-15T18:38:53.325067
21dae28c-1b0b-4331-9a64-bfec29296aab,3,SEARCH,2026-02-15T18:39:53.325067
6970fdd5-2a61-4aa5-b1ee-eca9ae7bbbd9,5,SEARCH,2026-02-15T18:49:53.325067
15638f0f-2c5f-4501-accc-7180adec7352,24,PURCHASE,2026-02-15T19:13:53.325067
7771832c-852f-4810-a1fd-f125909e786d,30,SEARCH,2026-02-15T19:13:53.325067
0ce550f0-2261-430c-87e4-108642207c14,14,PURCHASE,2026-02-15T19:14:53.325067
c2208498-58e8-4a60-aee9-784ba412ecce,14,SEARCH,2026-02-15T19:43:53.325067
cfcaaa68-2c98-4f75-81fb-468ef00b4e72,28,SEARCH,2026-02-15T19:48:53.325067
a4856a37-4ff9-4684-b895-fa21a8cbd085,6,SEARCH,2026-02-15T19:48:53.325067
5373c04b-8165-4b0c-8cc5-edd291bca6b2,6,PURCHASE,2026-02-15T19:51:53.325067
e6051a4d-abd3-44a0-916c-40d50fc0f738,14,SEARCH,2026-02-15T20:04:53.325067
a411d6a4-de67-444c-a8c0-308e8d06e7f9,10,PURCHASE,2026-02-15T20:20:53.325067
03e12c65-f5c6-4994-a25f-4b40e3f5ce46,13,SEARCH,2026-02-15T20:50:53.325067
ea88356f-27fa-4a01-82ca-d699a940f2b2,6,PURCHASE,2026-02-15T21:01:53.325067
72b6e864-78a7-4e9c-96fe-6840cbd0bd9e,8,SEARCH,2026-02-15T21:01:53.325067
0007b2db-6653-42bd-8ba0-71309134929e,17,SEARCH,2026-02-15T21:07:53.325067
8c83272a-9e38-4894-9116-5734b90f6da3,6,SEARCH,2026-02-15T21:17:53.325067
6b388271-763a-4a1e-b54d-9a41473d6cc7,20,SEARCH,2026-02-15T21:17:53.325067
cd353de9-6e32-40d6-9c2d-680726598e91,24,SEARCH,2026-02-15T21:29:53.325067
e9903e8d-7458-4f4f-9745-a59f893cc56c,4,SEARCH,2026-02-15T21:36:53.325067
45b4e5b2-5e91-4e33-a1f3-bcc3cd492b2b,18,SEARCH,2026-02-15T21:46:53.325067
ff66b882-8c64-4453-96af-33ea3fc977ae,15,SEARCH,2026-02-15T21:49:53.325067
1656ea37-9d31-40a9-89f2-4986e158ea4b,20,SEARCH,2026-02-15T21:52:53.325067
6e14bc6d-596f-402c-9364-0466af03fd90,8,SEARCH,2026-02-15T21:58:53.325067
a41e8b1f-8ac5-43c0-8363-edbad92b0719,22,SEARCH,2026-02-15T22:03:53.325067
659760cc-0f68-416d-a3b0-c36876d92e07,16,PURCHASE,2026-02-15T22:11:53.325067
7803904e-2247-4d5c-963f-ccd4ca26faf0,10,SEARCH,2026-02-15T22:26:53.325067
3d00c004-102c-4633-8a05-ddb656eac2f6,9,SEARCH,2026-02-15T22:31:53.325067
ae1e8831-0783-4359-9259-63a1ac78a340,6,PURCHASE,2026-02-15T22:35:53.325067
984775f1-a021-46d8-b8f7-f7c4a7db6d81,34,SEARCH,2026-02-15T22:37:53.325067
1aeab7f6-de86-4010-bc33-de2b26dc48d9,14,SEARCH,2026-02-15T22:39:53.325067
32d89891-5b6f-49af-8a74-dd0d02624fde,24,PURCHASE,2026-02-15T22:42:53.325067
a4856a37-4ff9-4684-b895-fa21a8cbd085,6,SEARCH,2026-02-15T22:48:53.325067
242c3f83-43b1-408e-b05b-6fc2ed10168f,11,SEARCH,2026-02-15T22:59:53.325067
201cabf1-65f9-42b1-8615-e9130ceadfbe,6,SEARCH,2026-02-15T23:12:53.325067
03e12c65-f5c6-4994-a25f-4b40e3f5ce46,6,SEARCH,2026-02-15T23:16:53.325067
c9a8645c-8abf-45a4-8122-dc0e289063fe,27,SEARCH,2026-02-15T23:21:53.325067
8cb126e9-21f0-4b02-90b2-c15e6504b750,11,SEARCH,2026-02-15T23:22:53.325067
ff9c1a41-68e5-45af-b6a7-b78af120e27c,23,SEARCH,2026-02-15T23:25:53.325067
6eab0579-7d84-4c14-93f7-7afac138240b,10,PURCHASE,2026-02-15T23:30:53.325067
9da8e83a-ee12-4409-965b-324e3e2198fa,26,SEARCH,2026-02-15T23:38:53.325067
0ebfddde-402d-4f23-90ec-1f60f3a58d80,14,SEARCH,2026-02-15T23:42:53.325067
b20079f1-1592-49c2-8197-ef8085ad0348,20,SEARCH,2026-02-15T23:47:53.325067
51190cd5-9692-45e9-81a0-31ea67943df9,13,SEARCH,2026-02-16T00:33:53.325067
82f01968-17c4-4417-a691-e7a2988e5978,16,SEARCH,2026-02-16T00:35:53.325067
45b4e5b2-5e91-4e33-a1f3-bcc3cd492b2b,3,SEARCH,2026-02-16T00:55:53.325067
ceb9a5ba-9a79-4f1b-b8f4-27e6afad4574,4,SEARCH,2026-02-16T00:56:53.325067
a97b1044-6e48-4aea-b988-5c6d42bdefb6,20,SEARCH,2026-02-16T01:16:53.325067
a9997e2c-1247-4e74-9f46-182e61dd09f2,18,PURCHASE,2026-02-16T01:17:53.325067
f5a24716-0b1a-4022-9c26-9ba796ce0e0b,6,SEARCH,2026-02-16T01:25:53.325067
34a73aeb-dde0-4b34-8616-a11e680d89b5,26,PURCHASE,2026-02-16T01:35:53.325067
9c0318d6-9f22-457c-b755-26f3433ec25f,12,SEARCH,2026-02-16T01:39:53.325067
eae4987c-f9cc-4e78-ac55-f53f9f963a42,8,SEARCH,2026-02-16T01:57:53.325067
f989b4c3-a07f-4c59-bf58-a8e48cb67c2c,13,SEARCH,2026-02-16T02:05:53.325067
e784cea5-091b-44e9-bafa-a30bf09488b3,25,SEARCH,2026-02-16T02:16:53.325067
6b388271-763a-4a1e-b54d-9a41473d6cc7,6,SEARCH,2026-02-16T02:29:53.325067
b392a2ea-6797-4320-9af3-01ba20730ada,19,SEARCH,2026-02-16T02:29:53.325067
b15e9dc1-38e1-4813-86df-d556946ff7ad,11,PURCHASE,2026-02-16T02:36:53.325067
b0dc1cb2-7de9-4b0c-8611-aa4300a53faf,11,SEARCH,2026-02-16T02:49:53.325067
82f01968-17c4-4417-a691-e7a2988e5978,24,SEARCH,2026-02-16T02:50:53.325067
c14f5d5a-2027-47cf-8566-4878bc8b557d,21,SEARCH,2026-02-16T02:51:53.325067
b53bf36e-44fa-4ab5-82db-853f44cf8e54,27,SEARCH,2026-02-16T02:53:53.325067
8fb04133-739c-4977-b1b4-50e729b3b1a9,9,SEARCH,2026-02-16T02:55:53.325067
20f0883d-d9be-484b-b68a-a5737eeae40a,11,SEARCH,2026-02-16T02:57:53.325067
4bd6b982-dac9-4d73-b582-eeda940ab590,20,SEARCH,2026-02-16T03:08:53.325067
e5635040-1736-4b05-9eaf-c6d0eca3b36b,19,PURCHASE,2026-02-16T03:16:53.325067
da2676de-00a0-4815-bd02-43e018860d96,14,SEARCH,2026-02-16T03:21:53.325067
9ccd0302-b258-442e-b66b-3c33a6f7b0eb,12,PURCHASE,2026-02-16T03:22:53.325067
39240802-bb56-4802-b2c3-7ce6909d2480,18,SEARCH,2026-02-16T03:24:53.325067
c39f6053-cb21-4a6b-98bb-4036625cd5b7,2,SEARCH,2026-02-16T03:42:53.325067
c5846c3d-3f65-4152-bf10-d1fef5f44b56,31,SEARCH,2026-02-16T04:28:53.325067
fc0f0f36-1dd0-4cf1-9125-bd9cef554e1a,9,SEARCH,2026-02-16T04:30:53.325067
08c339e5-d7df-4047-8cf4-d409a9dfb6ab,24,SEARCH,2026-02-16T04:34:53.325067
e0a9d7da-890c-4d19-aa6d-18ae709ee7c3,7,SEARCH,2026-02-16T04:36:53.325067
46d4641b-2c5a-41da-b0c1-daae8c4e9be9,20,SEARCH,2026-02-16T04:57:53.325067
20bce24e-5929-483e-88f3-868a841043e0,26,SEARCH,2026-02-16T05:00:53.325067
b1b1b89a-fee0-4235-8467-73910d194ed8,32,PURCHASE,2026-02-16T05:18:53.325067
2c295371-4654-4268-8b49-03e1855770c2,20,SEARCH,2026-02-16T05:35:53.325067
5adc5e8e-3072-4753-befd-147c4de46bb2,20,PURCHASE,2026-02-16T05:40:53.325067
e8b648b5-cc25-4d43-904e-4c720bd6b748,5,SEARCH,2026-02-16T05:50:53.325067
69154f7b-e3ef-4c53-99df-21f118c9c540,28,SEARCH,2026-02-16T06:01:53.325067
2ac44fa5-420c-4322-8205-6f996ab44548,9,SEARCH,2026-02-16T06:09:53.325067
7c08278c-45df-4aec-a828-f8ec5848e626,11,SEARCH,2026-02-16T06:12:53.325067
2ea4a138-d77e-463f-b60c-3e100f6304a0,1,SEARCH,2026-02-16T06:14:53.325067
6eab0579-7d84-4c14-93f7-7afac138240b,25,PURCHASE,2026-02-16T06:37:53.325067
d374ed26-7e64-441c-a90a-eeffc47f4ffb,22,SEARCH,2026-02-16T06:48:53.325067
f9319695-b786-429e-bafc-67d5cbc9597d,4,SEARCH,2026-02-16T07:07:53.325067
7a23bd45-f094-4da0-a454-e5e51780f9d8,17,SEARCH,2026-02-16T07:13:53.325067
4ba1e89e-4107-41af-9d43-5feed90d28fc,17,SEARCH,2026-02-16T07:23:53.325067
2b95a003-e0b9-4cd7-b99d-90bbfffcfde0,21,SEARCH,2026-02-16T07:26:53.325067
e9a8ef61-8f21-4a1e-a326-fb36dd78499f,24,SEARCH,2026-02-16T07:45:53.325067
9850d9a8-1839-4238-a5df-8f7edf2390ca,9,SEARCH,2026-02-16T07:49:53.325067
b98cd1f3-3b05-4f31-9a57-b968715100b3,15,SEARCH,2026-02-16T07:50:53.325067
c59d01d9-bd2f-48c8-bebf-ba4e9345c47f,23,SEARCH,2026-02-16T07:53:53.325067
6491a90a-1252-4522-a4aa-568e054ea3e6,33,SEARCH,2026-02-16T08:16:53.325067
fe818ba4-0153-43af-9d9f-d010085c48d3,19,PURCHASE,2026-02-16T08:36:53.325067
4bd6b982-dac9-4d73-b582-eeda940ab590,14,PURCHASE,2026-02-16T09:05:53.325067
06589e07-2571-41d1-a784-6361a9ad35b1,36,SEARCH,2026-02-16T09:30:53.325067
9647378f-753b-42a1-b37b-420d38ccf753,14,SEARCH,2026-02-16T09:44:53.325067
ab10de25-9543-4ead-9a7e-ef5d55b2e648,25,SEARCH,2026-02-16T09:47:53.325067
75e4a6e3-1c6c-4926-a5ac-2bfccf017440,22,SEARCH,2026-02-16T09:55:53.325067
d21cd464-e517-42cd-81cb-f6bce7ede675,7,SEARCH,2026-02-16T09:59:53.325067
018919ec-9fdc-4f12-8176-8ae69ac2b00c,2,SEARCH,2026-02-16T10:07:53.325067
590dfae6-1765-4981-abc4-9bfc8a8eb228,16,SEARCH,2026-02-16T10:12:53.325067
8614f259-b1f4-4ff9-8496-c48257c0d552,18,SEARCH,2026-02-16T10:40:53.325067
8bbf9955-a497-4453-a7a3-7675c8c98080,14,SEARCH,2026-02-16T10:42:53.325067
2ea4a138-d77e-463f-b60c-3e100f6304a0,8,SEARCH,2026-02-16T10:59:53.325067
5726b442-95dd-4d17-9d43-25648739720c,9,SEARCH,2026-02-16T11:05:53.325067
a4a13f18-f3c2-4670-b91a-710b108d53a4,4,PURCHASE,2026-02-16T11:17:53.325067
6e14bc6d-596f-402c-9364-0466af03fd90,14,PURCHASE,2026-02-16T11:17:53.325067
575a857f-54be-428f-8863-5245aca9ebd4,7,PURCHASE,2026-02-16T11:26:53.325067
f5f14641-d463-40f3-84cb-e86ebe1ddd5a,22,SEARCH,2026-02-16T11:27:53.325067
890da6f7-a41d-4719-9d26-58ed800a02f8,3,SEARCH,2026-02-16T11:41:53.325067
58e6b90e-7ffb-4711-8a7a-d4cc429e2e2f,10,SEARCH,2026-02-16T12:01:53.325067
b53efe65-64f1-49cd-b06b-498b73ec1364,15,SEARCH,2026-02-16T12:09:53.325067
b5f25644-f131-468f-b987-44f29cbc0ba6,6,SEARCH,2026-02-16T12:12:53.325067
ab7e4d50-a6ed-4359-a257-ac576760a6f5,14,SEARCH,2026-02-16T12:24:53.325067
0a958b4a-4c70-4081-a5fc-35b1cb7e8e84,12,SEARCH,2026-02-16T12:25:53.325067
a44010ad-0d43-47a3-b12d-2c627035a49c,24,PURCHASE,2026-02-16T12:31:53.325067
b1b1b89a-fee0-4235-8467-73910d194ed8,20,PURCHASE,2026-02-16T12:34:53.325067
4ba1e89e-4107-41af-9d43-5feed90d28fc,14,SEARCH,2026-02-16T12:44:53.325067
631e86cf-35a6-4045-af3c-160a94ce637b,28,PURCHASE,2026-02-16T12:47:53.325067
4601a6c8-8df1-44ae-9935-ace3346f3fb3,4,SEARCH,2026-02-16T13:01:53.325067
bafee8fe-61e3-4094-8b70-c522f511b4e6,10,PURCHASE,2026-02-16T13:05:53.325067
0136a4e4-4cf3-4568-a345-e6c1ac040b27,15,SEARCH,2026-02-16T13:07:53.325067
cc07b342-7e38-49da-924a-c9a0b47d3972,8,SEARCH,2026-02-16T13:11:53.325067
08e72634-2463-427b-b483-84616f3685a4,16,SEARCH,2026-02-16T13:24:53.325067
73061176-624e-40a7-ae78-fae7400aec38,14,SEARCH,2026-02-16T13:50:53.325067
8ff32a31-17ef-4383-b1da-c325a30d8972,15,SEARCH,2026-02-16T13:52:53.325067
bb2204d1-bf5a-4650-b7c2-af557946c2ff,5,SEARCH,2026-02-16T13:54:53.325067
a8b6a507-8fe3-4898-9d4d-1e3179236159,3,SEARCH,2026-02-16T14:01:53.325067
a8593aa1-caa8-4e24-ae7e-4b22b873b129,23,SEARCH,2026-02-16T14:09:53.325067
45ae47a9-2614-40b2-84b3-530b061ae6f3,10,SEARCH,2026-02-16T14:21:53.325067
ae1e8831-0783-4359-9259-63a1ac78a340,15,SEARCH,2026-02-16T14:35:53.325067
90b8a8f0-b1ab-476a-9f6e-1b4935b5c76f,12,SEARCH,2026-02-16T14:47:53.325067
cff25f10-4746-434c-a27d-cf9673e18828,8,SEARCH,2026-02-16T14:56:53.325067
585ff55e-0e22-4a24-8778-c481e8a8f372,27,SEARCH,2026-02-16T15:00:53.325067
58f53eb2-ec53-4e5d-bb22-a1c097ab9cec,16,SEARCH,2026-02-16T15:07:53.325067
cb9726b6-0a1f-4ad1-8362-4a50548667ba,21,SEARCH,2026-02-16T15:19:53.325067
ba8f0e72-3209-4387-a358-72c4c62ebad3,6,SEARCH,2026-02-16T15:24:53.325067
9063f75d-ad77-441d-bb30-de46a6716141,18,SEARCH,2026-02-16T15:38:53.325067
13226df5-061b-4a9f-b90c-461443dc42a6,5,SEARCH,2026-02-16T16:10:53.325067
531e8327-da0a-43e5-89ad-4038b82508d7,25,SEARCH,2026-02-16T16:18:53.325067
5726b442-95dd-4d17-9d43-25648739720c,13,PURCHASE,2026-02-16T16:27:53.325067
585ff55e-0e22-4a24-8778-c481e8a8f372,7,SEARCH,2026-02-16T16:38:53.325067
45b4e5b2-5e91-4e33-a1f3-bcc3cd492b2b,8,SEARCH,2026-02-16T17:08:53.325067
585ff55e-0e22-4a24-8778-c481e8a8f372,12,SEARCH,2026-02-16T17:11:53.325067
df3ad564-7cee-4fe9-96a9-84a7092a5e63,6,SEARCH,2026-02-16T17:17:53.325067
b3d5b452-8ff5-4c78-9a69-0f08e2dbd3a6,17,SEARCH,2026-02-16T17:22:53.325067
a002615b-76fb-4fc4-b07f-41e5ae4b2c8b,31,SEARCH,2026-02-16T17:28:53.325067
25a9a47e-8243-4dd7-a1ea-c6a1291bd002,20,SEARCH,2026-02-16T17:28:53.325067
7a23bd45-f094-4da0-a454-e5e51780f9d8,29,SEARCH,2026-02-16T17:39:53.325067
bf25f2cc-5280-4b7d-955d-1f98969c2450,22,SEARCH,2026-02-16T17:46:53.325067
cd4ee3a2-47e1-4627-b2b7-51c6b6e70707,7,PURCHASE,2026-02-16T17:49:53.325067
425260d4-ed1f-4c19-9d2d-5fad0141f6c5,22,SEARCH,2026-02-16T17:52:53.325067
0ce550f0-2261-430c-87e4-108642207c14,6,SEARCH,2026-02-16T18:17:53.325067
60c0cadf-a5e5-43fd-965f-2aca4f4ed21e,5,SEARCH,2026-02-16T18:25:53.325067
5b48744a-3ab9-4929-b9b3-2a391792b2a6,8,SEARCH,2026-02-16T18:43:53.325067
182ef987-a6d6-4329-abe8-2da0782d5dfb,13,SEARCH,2026-02-16T18:52:53.325067
6b11e257-0626-4984-b586-4da8c2814316,5,PURCHASE,2026-02-16T19:02:53.325067
6747140c-efd0-4e7b-989d-bdffb18081a8,21,SEARCH,2026-02-16T19:02:53.325067
49fd6910-4863-40e7-bee4-2397a54d89dd,25,SEARCH,2026-02-16T19:10:53.325067
c7e06cd1-5015-48c6-8ee7-2c10cc0bb46e,12,SEARCH,2026-02-16T19:18:53.325067
4c682d9e-2f19-46a9-af00-13d29cfbdfb6,5,SEARCH,2026-02-16T19:24:53.325067
abfb412e-37c0-489f-9efe-79058e16df0d,18,SEARCH,2026-02-16T19:39:53.325067
b15e9dc1-38e1-4813-86df-d556946ff7ad,13,SEARCH,2026-02-16T19:43:53.325067
990e87ab-835e-4dc4-8e87-09a6add62ed7,8,SEARCH,2026-02-16T19:45:53.325067
b5f25644-f131-468f-b987-44f29cbc0ba6,12,SEARCH,2026-02-16T19:50:53.325067
8fb04133-739c-4977-b1b4-50e729b3b1a9,15,SEARCH,2026-02-16T19:50:53.325067
32d89891-5b6f-49af-8a74-dd0d02624fde,9,SEARCH,2026-02-16T19:55:53.325067
39240802-bb56-4802-b2c3-7ce6909d2480,15,SEARCH,2026-02-16T20:02:53.325067
622e8cf8-40ca-4030-b114-0140ec8889a1,7,SEARCH,2026-02-16T20:06:53.325067
e520989e-7717-4c98-b144-c70127cf42a1,22,SEARCH,2026-02-16T20:19:53.325067
e6051a4d-abd3-44a0-916c-40d50fc0f738,27,SEARCH,2026-02-16T20:25:53.325067
73fe18cf-94b1-4974-bdc7-7cc358c52e03,8,SEARCH,2026-02-16T20:34:53.325067
e6b004ef-981b-4806-87d6-34502f53e460,26,SEARCH,2026-02-16T20:35:53.325067
a35b5e7f-b562-4240-9e36-2a1fa2f5fe51,18,SEARCH,2026-02-16T20:53:53.325067
7b0402c8-8b63-43fb-a207-85f2189eb508,21,SEARCH,2026-02-16T20:53:53.325067
b20079f1-1592-49c2-8197-ef8085ad0348,14,PURCHASE,2026-02-16T20:55:53.325067
4601a6c8-8df1-44ae-9935-ace3346f3fb3,5,SEARCH,2026-02-16T20:59:53.325067
e784cea5-091b-44e9-bafa-a30bf09488b3,8,SEARCH,2026-02-16T21:01:53.325067
ff549393-31f3-414b-818d-aba373db6163,15,PURCHASE,2026-02-16T21:02:53.325067
518d1791-c480-4d43-9842-025adce0018a,19,SEARCH,2026-02-16T21:05:53.325067
18e9d94d-07bd-4efa-be63-e36cea6f79a4,7,SEARCH,2026-02-16T21:14:53.325067
e6b004ef-981b-4806-87d6-34502f53e460,8,SEARCH,2026-02-16T21:24:53.325067
b4d8ef13-63c6-4cd5-8013-261faa512ff8,15,SEARCH,2026-02-16T21:59:53.325067
fe56cc6a-d6e2-45c9-8ff5-23371d3f93f8,9,SEARCH,2026-02-16T22:02:53.325067
090b81e2-0e0d-44fd-be63-77c6570bb85a,19,SEARCH,2026-02-16T22:07:53.325067
d6f65542-48fa-4984-bb0f-49c757934d5a,21,SEARCH,2026-02-16T22:07:53.325067
482db056-98f2-4992-b2ac-4d904f495e51,5,SEARCH,2026-02-16T22:11:53.325067
e361ca2c-d5b2-4165-ae61-cbc9895bd43b,9,SEARCH,2026-02-16T22:24:53.325067
f71f8f90-fd42-4dbf-a735-c02dba113881,23,PURCHASE,2026-02-16T22:32:53.325067
61eeeca9-226b-4492-9998-205f7a300447,23,SEARCH,2026-02-16T22:58:53.325067
c323d4f0-2ea5-4c35-9ed7-eb6f37c442a8,19,SEARCH,2026-02-16T23:05:53.325067
b4d8ef13-63c6-4cd5-8013-261faa512ff8,30,SEARCH,2026-02-16T23:05:53.325067
36bdc412-fa89-4f9e-b7c8-a13e1b2570a9,20,SEARCH,2026-02-16T23:06:53.325067
0e1e7889-c27a-483b-97db-e2eaa38fbfcd,16,SEARCH,2026-02-16T23:12:53.325067
beac9ba3-aa64-4f03-b94a-7023bf75b478,19,SEARCH,2026-02-16T23:21:53.325067
60c0cadf-a5e5-43fd-965f-2aca4f4ed21e,8,SEARCH,2026-02-16T23:21:53.325067
8ae31719-bfe7-462d-98c9-062cc514b618,4,SEARCH,2026-02-16T23:22:53.325067
bb2204d1-bf5a-4650-b7c2-af557946c2ff,25,SEARCH,2026-02-16T23:23:53.325067
34a73aeb-dde0-4b34-8616-a11e680d89b5,15,SEARCH,2026-02-16T23:24:53.325067
b96b592a-4e5c-4d1b-accc-2777368aa4be,19,SEARCH,2026-02-16T23:34:53.325067
98007922-1f86-4b8e-b8a1-c8f08d97f8d9,16,SEARCH,2026-02-16T23:47:53.325067
e9a8ef61-8f21-4a1e-a326-fb36dd78499f,8,SEARCH,2026-02-17T00:10:53.325067
cced0094-90fa-45a3-9711-dd4566cd0f92,17,SEARCH,2026-02-17T00:11:53.325067
6d5292b3-ee9a-4f00-b7a3-bc17f80f166f,9,SEARCH,2026-02-17T00:12:53.325067
d822cfc8-2e23-41a3-bb09-ddbc0af60dfa,24,SEARCH,2026-02-17T00:13:53.325067
19fa6e83-b771-4a97-ae21-c241e196de8e,21,SEARCH,2026-02-17T00:20:53.325067
f4c4d321-f7c1-4ff1-8731-53e8e0a0f715,16,SEARCH,2026-02-17T00:41:53.325067
b15e9dc1-38e1-4813-86df-d556946ff7ad,11,SEARCH,2026-02-17T01:05:53.325067
ffc7c64f-dde1-44f2-9cf7-74e6493333b1,5,SEARCH,2026-02-17T01:17:53.325067
40b0d04a-ac3a-497e-a265-a239bf90a988,19,PURCHASE,2026-02-17T01:22:53.325067
b1b1b89a-fee0-4235-8467-73910d194ed8,18,PURCHASE,2026-02-17T01:29:53.325067
f549fe2e-bad5-4330-ad02-22ce552041a3,10,SEARCH,2026-02-17T01:32:53.325067
7e2ae8e8-578a-47ff-ad9a-ff2af99edb89,9,SEARCH,2026-02-17T01:36:53.325067
eae4987c-f9cc-4e78-ac55-f53f9f963a42,21,SEARCH,2026-02-17T01:52:53.325067
b98cd1f3-3b05-4f31-9a57-b968715100b3,13,SEARCH,2026-02-17T02:15:53.325067
a411d6a4-de67-444c-a8c0-308e8d06e7f9,17,SEARCH,2026-02-17T02:20:53.325067
0e4891c7-dfb1-4146-a36d-8dc97450f860,23,SEARCH,2026-02-17T02:23:53.325067
930b3803-3763-494c-9c8e-f522f4a0184d,14,SEARCH,2026-02-17T02:41:53.325067
636d7396-1683-4a3e-82c0-9ae0c3301625,11,SEARCH,2026-02-17T02:41:53.325067
32363098-54ef-4853-93c8-083b04b5aa7f,12,PURCHASE,2026-02-17T02:46:53.325067
6b4554d8-ea98-424e-b4be-aab8653db58d,13,SEARCH,2026-02-17T02:57:53.325067
42465bac-01ec-4687-8265-81e0e15fb5c6,13,SEARCH,2026-02-17T03:00:53.325067
c64b9411-6286-45b6-9c58-4b7809b57cf9,3,SEARCH,2026-02-17T03:06:53.325067
2d604157-6dd3-49cd-8d09-518c32ac42d1,30,SEARCH,2026-02-17T03:10:53.325067
225e16c3-0e71-4167-a4bf-05fd86a3077d,8,PURCHASE,2026-02-17T03:15:53.325067
a266d188-7a9f-4b44-b73e-2d7af82b6ca9,15,SEARCH,2026-02-17T03:17:53.325067
756233ce-74a6-4cc7-81a8-d9f3d1e0ca29,4,SEARCH,2026-02-17T03:25:53.325067
58509eb1-425d-4ca5-81bd-306d21b3d8e4,36,SEARCH,2026-02-17T03:29:53.325067
ff66b882-8c64-4453-96af-33ea3fc977ae,13,PURCHASE,2026-02-17T03:41:53.325067
46ccf373-e384-449e-9168-3c0d8d3c2a87,9,SEARCH,2026-02-17T03:48:53.325067
9463cdf4-2301-41a4-aba5-f74c1946ae9d,23,SEARCH,2026-02-17T03:56:53.325067
ab10de25-9543-4ead-9a7e-ef5d55b2e648,9,PURCHASE,2026-02-17T04:02:53.325067
77097335-9bf1-4ce5-a34c-c9cb92e53352,9,SEARCH,2026-02-17T04:21:53.325067
5efcc330-6be7-47cb-97ac-647f1b2074af,34,SEARCH,2026-02-17T04:29:53.325067
a266d188-7a9f-4b44-b73e-2d7af82b6ca9,18,SEARCH,2026-02-17T04:36:53.325067
da12df1d-55f9-4f50-8846-73974e7a3589,14,SEARCH,2026-02-17T04:42:53.325067
f8651bba-e11f-4f31-9157-8ea01fc8309a,6,SEARCH,2026-02-17T04:48:53.325067
902a18a8-02f3-4165-acd5-8d7ae962d613,15,SEARCH,2026-02-17T05:13:53.325067
1bc4281b-e7ff-46f0-95f9-a753144c12f5,6,SEARCH,2026-02-17T05:35:53.325067
952e40d1-9bb7-4e22-8bab-97cf9e8f7a1e,7,SEARCH,2026-02-17T05:36:53.325067
8aa4e24e-b641-4e27-90ad-ae70b2653a10,4,SEARCH,2026-02-17T05:36:53.325067
4841323c-9834-439e-a84f-71a77a9d4d1c,4,SEARCH,2026-02-17T05:49:53.325067
cb9726b6-0a1f-4ad1-8362-4a50548667ba,20,SEARCH,2026-02-17T05:57:53.325067
8614f259-b1f4-4ff9-8496-c48257c0d552,13,SEARCH,2026-02-17T06:02:53.325067
939104dd-4d20-4b27-9fa0-d8f87d70973b,11,SEARCH,2026-02-17T06:06:53.325067
f7f334f6-5642-4135-a8e4-3ebf647136be,13,SEARCH,2026-02-17T06:07:53.325067
920036aa-1e46-4c61-b723-5f6d549697b4,32,SEARCH,2026-02-17T06:10:53.325067
27d24a11-f94d-4ebd-ad87-de9dce3f42da,31,SEARCH,2026-02-17T06:23:53.325067
cc876e06-27ba-4dfa-b925-231965647920,6,SEARCH,2026-02-17T06:40:53.325067
d9cfa097-b8b1-438c-ba43-f186292c2fd4,3,SEARCH,2026-02-17T06:58:53.325067
cd4ee3a2-47e1-4627-b2b7-51c6b6e70707,8,SEARCH,2026-02-17T07:12:53.325067
f56e5db2-c63d-432e-ab21-652e585a1229,10,SEARCH,2026-02-17T07:12:53.325067
771db771-b160-40df-bdda-3c4effd1c9b7,7,SEARCH,2026-02-17T07:20:53.325067
0e4891c7-dfb1-4146-a36d-8dc97450f860,5,SEARCH,2026-02-17T07:24:53.325067
e2976eab-3b7d-4868-9006-80626218e2d1,32,SEARCH,2026-02-17T07:30:53.325067
4febf5cb-8b1b-41fb-9f2a-ef336bf8dee3,25,SEARCH,2026-02-17T07:32:53.325067
e698bee2-3a4d-4773-bbb1-ea8778919f86,9,SEARCH,2026-02-17T07:38:53.325067
025da52c-3daa-4ade-be62-1f35affd5e4d,20,SEARCH,2026-02-17T07:51:53.325067
d374ed26-7e64-441c-a90a-eeffc47f4ffb,24,SEARCH,2026-02-17T07:59:53.325067
201cabf1-65f9-42b1-8615-e9130ceadfbe,18,SEARCH,2026-02-17T08:13:53.325067
3a5fc1da-6412-4109-81e5-e7e06b0c788e,10,SEARCH,2026-02-17T08:24:53.325067
f549fe2e-bad5-4330-ad02-22ce552041a3,7,SEARCH,2026-02-17T08:33:53.325067
930b3803-3763-494c-9c8e-f522f4a0184d,17,SEARCH,2026-02-17T08:35:53.325067
bb2204d1-bf5a-4650-b7c2-af557946c2ff,17,SEARCH,2026-02-17T08:50:53.325067
e8b648b5-cc25-4d43-904e-4c720bd6b748,7,SEARCH,2026-02-17T09:07:53.325067
2c295371-4654-4268-8b49-03e1855770c2,4,SEARCH,2026-02-17T09:11:53.325067
78376492-dfe4-4410-8dc6-4d19ec461fec,14,SEARCH,2026-02-17T09:13:53.325067
a21c5513-9d37-4926-9729-0f802f6f6304,21,SEARCH,2026-02-17T09:31:53.325067
42052f5a-939c-4821-aaab-9e8fc026ddcd,10,SEARCH,2026-02-17T09:37:53.325067
585ff55e-0e22-4a24-8778-c481e8a8f372,23,SEARCH,2026-02-17T10:08:53.325067
694d4b11-cdb4-46da-869c-44dc427440bc,28,SEARCH,2026-02-17T10:16:53.325067
499e0a6a-0709-4df6-82f3-c75fa0ae73db,18,SEARCH,2026-02-17T10:18:53.325067
cb9726b6-0a1f-4ad1-8362-4a50548667ba,17,SEARCH,2026-02-17T10:19:53.325067
920036aa-1e46-4c61-b723-5f6d549697b4,22,SEARCH,2026-02-17T10:19:53.325067
a583ef34-aa92-4f8d-b127-f99f7b6f094a,17,SEARCH,2026-02-17T10:22:53.325067
a7b0a94f-8f1c-4958-b500-5144b98128ad,5,SEARCH,2026-02-17T10:25:53.325067
bf25f2cc-5280-4b7d-955d-1f98969c2450,9,SEARCH,2026-02-17T10:27:53.325067
78376492-dfe4-4410-8dc6-4d19ec461fec,7,SEARCH,2026-02-17T10:38:53.325067
a411d6a4-de67-444c-a8c0-308e8d06e7f9,14,SEARCH,2026-02-17T10:41:53.325067
f81d9aac-045b-487b-8eb7-78f2e6c87ad6,8,SEARCH,2026-02-17T10:44:53.325067
77097335-9bf1-4ce5-a34c-c9cb92e53352,22,SEARCH,2026-02-17T10:56:53.325067
9b42292f-a51f-4d75-8725-5d2ab7b41c74,14,SEARCH,2026-02-17T11:17:53.325067
4453932d-0094-4102-b5e1-d4f9438748e5,19,SEARCH,2026-02-17T11:29:53.325067
771db771-b160-40df-bdda-3c4effd1c9b7,6,SEARCH,2026-02-17T11:36:53.325067
ab7e4d50-a6ed-4359-a257-ac576760a6f5,26,SEARCH,2026-02-17T11:59:53.325067
37fe6ce2-628b-4a7a-b843-6301327f59b9,23,SEARCH,2026-02-17T12:44:53.325067
05bf75dd-79cd-4eea-8105-12f527b3b67b,13,SEARCH,2026-02-17T12:47:53.325067
58a5a34c-bd4d-4ee6-bc1a-49fa95b55592,24,SEARCH,2026-02-17T12:48:53.325067
fd9d531f-1f9b-4f29-b369-cdd3f6f82fd7,15,SEARCH,2026-02-17T13:05:53.325067
80b80c0a-551e-4066-8130-783583b6341a,13,PURCHASE,2026-02-17T13:28:53.325067
09acf0d1-0c42-4614-ba7b-024042ad1bb9,38,PURCHASE,2026-02-17T13:29:53.325067
a9346e7e-17e3-4628-ad19-3b8932ed9b4d,11,PURCHASE,2026-02-17T13:47:53.325067
df596bcd-5a68-47cc-a9bd-570b97482ed5,32,SEARCH,2026-02-17T13:59:53.325067
42052f5a-939c-4821-aaab-9e8fc026ddcd,29,PURCHASE,2026-02-17T14:00:53.325067
df3ad564-7cee-4fe9-96a9-84a7092a5e63,9,PURCHASE,2026-02-17T14:20:53.325067
a7b0a94f-8f1c-4958-b500-5144b98128ad,3,SEARCH,2026-02-17T14:25:53.325067
a583ef34-aa92-4f8d-b127-f99f7b6f094a,1,SEARCH,2026-02-17T14:28:53.325067
147ac0ae-d8fe-4eed-8053-f2e45c8d9a0b,12,SEARCH,2026-02-17T14:48:53.325067
a44010ad-0d43-47a3-b12d-2c627035a49c,27,SEARCH,2026-02-17T14:58:53.325067
920036aa-1e46-4c61-b723-5f6d549697b4,16,SEARCH,2026-02-17T15:09:53.325067
2d604157-6dd3-49cd-8d09-518c32ac42d1,9,PURCHASE,2026-02-17T15:11:53.325067
518d1791-c480-4d43-9842-025adce0018a,6,PURCHASE,2026-02-17T15:18:53.325067
225e16c3-0e71-4167-a4bf-05fd86a3077d,27,SEARCH,2026-02-17T15:31:53.325067
bb2204d1-bf5a-4650-b7c2-af557946c2ff,10,SEARCH,2026-02-17T15:33:53.325067
a9346e7e-17e3-4628-ad19-3b8932ed9b4d,13,SEARCH,2026-02-17T15:53:53.325067
7981a1ff-35a7-4d84-9f26-48042b761273,19,SEARCH,2026-02-17T16:00:53.325067
85f21559-3af2-4897-841a-ff65292442f0,10,SEARCH,2026-02-17T16:36:53.325067
33163f98-d950-4322-9e3b-be0c9314f97f,4,SEARCH,2026-02-17T16:42:53.325067
ceb9a5ba-9a79-4f1b-b8f4-27e6afad4574,22,SEARCH,2026-02-17T16:47:53.325067
8d48589b-224d-4458-ab9a-bf947357f7bf,15,PURCHASE,2026-02-17T16:50:53.325067
8afa90c5-ff76-47ab-a95d-beba635ae545,6,SEARCH,2026-02-17T17:07:53.325067
05ecab31-be05-4cdd-97bd-8fa1a1d86061,13,SEARCH,2026-02-17T17:24:53.325067
1a7c3d97-7767-4d24-b808-86c709c1b938,4,SEARCH,2026-02-17T17:24:53.325067
1bc4281b-e7ff-46f0-95f9-a753144c12f5,5,SEARCH,2026-02-17T17:24:53.325067
af55ce6d-8ccc-4ab6-aedb-2a0ab42a12e3,6,SEARCH,2026-02-17T17:26:53.325067
a35b5e7f-b562-4240-9e36-2a1fa2f5fe51,24,PURCHASE,2026-02-17T17:56:53.325067
01e53c67-0cb2-4f21-8eee-ef6246003908,16,PURCHASE,2026-02-17T18:16:53.325067
cd353de9-6e32-40d6-9c2d-680726598e91,7,SEARCH,2026-02-17T18:29:53.325067
b635d7c5-712e-4ec6-b70c-134b9c948fd8,18,SEARCH,2026-02-17T18:34:53.325067
6491a90a-1252-4522-a4aa-568e054ea3e6,23,SEARCH,2026-02-17T18:34:53.325067
9f58599b-54cf-4662-9270-1c54f3d4385f,19,SEARCH,2026-02-17T18:36:53.325067
ba73a637-3b51-4b92-83ae-1eb0047fa0e6,10,SEARCH,2026-02-17T18:37:53.325067
80b80c0a-551e-4066-8130-783583b6341a,26,PURCHASE,2026-02-17T18:41:53.325067
da2676de-00a0-4815-bd02-43e018860d96,20,PURCHASE,2026-02-17T19:08:53.325067
e361ca2c-d5b2-4165-ae61-cbc9895bd43b,11,SEARCH,2026-02-17T19:10:53.325067
4bd6b982-dac9-4d73-b582-eeda940ab590,20,SEARCH,2026-02-17T19:19:53.325067
d3a790da-c37a-4724-9a5c-988365751ae3,29,SEARCH,2026-02-17T19:23:53.325067
b1b1b89a-fee0-4235-8467-73910d194ed8,17,SEARCH,2026-02-17T19:33:53.325067
45ae47a9-2614-40b2-84b3-530b061ae6f3,14,SEARCH,2026-02-17T19:36:53.325067
40b65422-3f7f-4252-83c7-3faf9f7f73d9,17,SEARCH,2026-02-17T19:40:53.325067
6865ed66-412e-4e21-83e6-46107262df72,15,SEARCH,2026-02-17T19:44:53.325067
e6b004ef-981b-4806-87d6-34502f53e460,5,SEARCH,2026-02-17T19:48:53.325067
b392a2ea-6797-4320-9af3-01ba20730ada,32,SEARCH,2026-02-17T19:55:53.325067
e8108cd8-6fef-4a59-bd95-717b807705f7,16,SEARCH,2026-02-17T19:57:53.325067
71852831-90ad-4deb-9abc-4a1baee33cb6,13,SEARCH,2026-02-17T19:59:53.325067
993f0dbf-2553-415d-9d50-be9b0928e9b7,5,SEARCH,2026-02-17T20:02:53.325067
08c339e5-d7df-4047-8cf4-d409a9dfb6ab,9,SEARCH,2026-02-17T20:28:53.325067
13226df5-061b-4a9f-b90c-461443dc42a6,10,SEARCH,2026-02-17T20:29:53.325067
69e263ee-7429-4a8d-8504-5817a13a7c44,11,SEARCH,2026-02-17T20:43:53.325067
4e8c9646-1deb-488d-8e1e-86a46ac95885,12,SEARCH,2026-02-17T20:51:53.325067
bafee8fe-61e3-4094-8b70-c522f511b4e6,8,SEARCH,2026-02-17T20:56:53.325067
d5355a54-1fab-49ee-9adc-ab2f6e6d987b,21,PURCHASE,2026-02-17T21:08:53.325067
cc876e06-27ba-4dfa-b925-231965647920,13,SEARCH,2026-02-17T21:09:53.325067
ffc7c64f-dde1-44f2-9cf7-74e6493333b1,16,PURCHASE,2026-02-17T21:20:53.325067
e3556b91-8a79-40ee-8564-73f6a8c294a8,13,SEARCH,2026-02-17T21:21:53.325067
52685bf4-2338-4240-931f-2fa58bd2e882,7,SEARCH,2026-02-17T21:23:53.325067
dd555b7b-8353-4885-872e-2d0c9a1439ff,19,SEARCH,2026-02-17T21:52:53.325067
cc07b342-7e38-49da-924a-c9a0b47d3972,12,SEARCH,2026-02-17T22:11:53.325067
60ffff00-535c-4dcc-9517-66e081dac5f4,19,PURCHASE,2026-02-17T22:16:53.325067
ea88356f-27fa-4a01-82ca-d699a940f2b2,3,SEARCH,2026-02-17T22:33:53.325067
d3a790da-c37a-4724-9a5c-988365751ae3,19,SEARCH,2026-02-17T23:01:53.325067
60ffff00-535c-4dcc-9517-66e081dac5f4,19,SEARCH,2026-02-17T23:05:53.325067
f42190bc-15f2-4928-b31e-76e81ca22d83,10,SEARCH,2026-02-17T23:13:53.325067
9063f75d-ad77-441d-bb30-de46a6716141,1,PURCHASE,2026-02-17T23:37:53.325067
e6b004ef-981b-4806-87d6-34502f53e460,15,SEARCH,2026-02-17T23:38:53.325067
b17de091-de72-4f42-87be-e738a35d85a5,6,SEARCH,2026-02-17T23:39:53.325067
636d7396-1683-4a3e-82c0-9ae0c3301625,2,SEARCH,2026-02-17T23:44:53.325067
20bce24e-5929-483e-88f3-868a841043e0,30,SEARCH,2026-02-17T23:45:53.325067
53d42c57-4ffb-4e03-a869-2338cde94adf,11,SEARCH,2026-02-17T23:51:53.325067
5bd2b13f-2c10-4795-b1e4-c9a840aaece9,17,SEARCH,2026-02-18T00:00:53.325067
34a73aeb-dde0-4b34-8616-a11e680d89b5,7,SEARCH,2026-02-18T00:01:53.325067
b392a2ea-6797-4320-9af3-01ba20730ada,12,SEARCH,2026-02-18T00:07:53.325067
61e2bd04-bc08-4f83-a50c-ca72347e4c0d,7,SEARCH,2026-02-18T00:22:53.325067
890da6f7-a41d-4719-9d26-58ed800a02f8,11,SEARCH,2026-02-18T00:32:53.325067
255a0ae0-2e95-4caf-95fc-b6b01608ce02,4,PURCHASE,2026-02-18T00:34:53.325067
b4d8ef13-63c6-4cd5-8013-261faa512ff8,6,SEARCH,2026-02-18T00:38:53.325067
01e53c67-0cb2-4f21-8eee-ef6246003908,15,SEARCH,2026-02-18T00:46:53.325067
58a5a34c-bd4d-4ee6-bc1a-49fa95b55592,21,SEARCH,2026-02-18T00:54:53.325067
531e8327-da0a-43e5-89ad-4038b82508d7,4,SEARCH,2026-02-18T01:02:53.325067
a2e7871b-6fe3-4322-aa44-f620c1694932,7,SEARCH,2026-02-18T01:12:53.325067
af55ce6d-8ccc-4ab6-aedb-2a0ab42a12e3,9,SEARCH,2026-02-18T01:17:53.325067
28b67510-16da-4c77-896b-2ffba172b497,23,SEARCH,2026-02-18T01:18:53.325067
fc0f0f36-1dd0-4cf1-9125-bd9cef554e1a,10,SEARCH,2026-02-18T01:23:53.325067
af55ce6d-8ccc-4ab6-aedb-2a0ab42a12e3,7,SEARCH,2026-02-18T01:44:53.325067
d7e15291-054f-4cef-9258-1af87c8a1dc4,6,SEARCH,2026-02-18T02:23:53.325067
4a23856f-1744-4f2d-9fa5-e3b8a9c98d5d,4,SEARCH,2026-02-18T02:32:53.325067
8aa4e24e-b641-4e27-90ad-ae70b2653a10,8,SEARCH,2026-02-18T02:32:53.325067
49fe03be-dcd7-468e-94c9-5e30bdcf9474,9,SEARCH,2026-02-18T02:38:53.325067
05bf75dd-79cd-4eea-8105-12f527b3b67b,13,SEARCH,2026-02-18T02:38:53.325067
77be904d-ae03-46de-a946-154376326fac,12,SEARCH,2026-02-18T02:45:53.325067
8c83272a-9e38-4894-9116-5734b90f6da3,3,PURCHASE,2026-02-18T02:47:53.325067
209e1b4f-9340-42d8-b737-0f3435787db4,5,SEARCH,2026-02-18T02:54:53.325067
6b08405f-b4ce-42bd-9146-6292de6f1e65,13,PURCHASE,2026-02-18T02:54:53.325067
25a9a47e-8243-4dd7-a1ea-c6a1291bd002,13,PURCHASE,2026-02-18T02:55:53.325067
6a337bfb-e9cc-4380-b663-66489efc264e,18,PURCHASE,2026-02-18T02:55:53.325067
ffa5c930-300a-4e34-a99e-bf085c6d3432,12,SEARCH,2026-02-18T02:57:53.325067
7583157b-c485-47ba-a784-d27950bebdca,19,SEARCH,2026-02-18T03:00:53.325067
e1f9159b-0c8e-4734-a379-c6745ef1486c,11,SEARCH,2026-02-18T03:04:53.325067
c79c14ee-62df-4edf-baef-0b521cd8b3a9,29,SEARCH,2026-02-18T03:06:53.325067
25a9a47e-8243-4dd7-a1ea-c6a1291bd002,2,SEARCH,2026-02-18T03:14:53.325067
15638f0f-2c5f-4501-accc-7180adec7352,22,SEARCH,2026-02-18T03:14:53.325067
c79c14ee-62df-4edf-baef-0b521cd8b3a9,17,SEARCH,2026-02-18T03:18:53.325067
2b95a003-e0b9-4cd7-b99d-90bbfffcfde0,28,SEARCH,2026-02-18T03:18:53.325067
3c40efe4-b5a2-4255-9451-8f4273e6d7bd,26,SEARCH,2026-02-18T03:24:53.325067
984775f1-a021-46d8-b8f7-f7c4a7db6d81,3,SEARCH,2026-02-18T03:33:53.325067
65b00138-3ad1-4210-8326-f5f0f920a927,5,PURCHASE,2026-02-18T03:36:53.325067
9b42292f-a51f-4d75-8725-5d2ab7b41c74,4,SEARCH,2026-02-18T03:36:53.325067
9b42292f-a51f-4d75-8725-5d2ab7b41c74,9,SEARCH,2026-02-18T03:42:53.325067
8cb126e9-21f0-4b02-90b2-c15e6504b750,9,SEARCH,2026-02-18T03:46:53.325067
ba8f0e72-3209-4387-a358-72c4c62ebad3,7,SEARCH,2026-02-18T03:58:53.325067
771db771-b160-40df-bdda-3c4effd1c9b7,4,SEARCH,2026-02-18T04:04:53.325067
023d151c-6757-4419-87e2-88e1c2687a07,15,SEARCH,2026-02-18T04:08:53.325067
918a7dab-fad0-4b26-8de2-2fcadd0fc18f,33,SEARCH,2026-02-18T04:08:53.325067
61e2bd04-bc08-4f83-a50c-ca72347e4c0d,24,SEARCH,2026-02-18T04:14:53.325067
9463cdf4-2301-41a4-aba5-f74c1946ae9d,24,SEARCH,2026-02-18T04:16:53.325067
7f6ddb48-9c93-4ada-b720-e394f9da044e,8,SEARCH,2026-02-18T05:02:53.325067
9647378f-753b-42a1-b37b-420d38ccf753,8,SEARCH,2026-02-18T05:19:53.325067
cced0094-90fa-45a3-9711-dd4566cd0f92,8,SEARCH,2026-02-18T05:22:53.325067
05ecab31-be05-4cdd-97bd-8fa1a1d86061,17,SEARCH,2026-02-18T05:22:53.325067
6a337bfb-e9cc-4380-b663-66489efc264e,4,SEARCH,2026-02-18T05:24:53.325067
839f5e0b-2b92-4f79-83a4-8ca6b64ab7fb,9,SEARCH,2026-02-18T05:32:53.325067
b17de091-de72-4f42-87be-e738a35d85a5,17,SEARCH,2026-02-18T05:33:53.325067
3e090f07-9e2c-4ad5-9519-d9f09eddd069,29,SEARCH,2026-02-18T05:40:53.325067
ad965232-d3a1-429c-a8a6-8736e3192620,17,SEARCH,2026-02-18T05:50:53.325067
e2976eab-3b7d-4868-9006-80626218e2d1,19,SEARCH,2026-02-18T05:55:53.325067
20bce24e-5929-483e-88f3-868a841043e0,21,SEARCH,2026-02-18T05:55:53.325067
f5f14641-d463-40f3-84cb-e86ebe1ddd5a,20,SEARCH,2026-02-18T05:57:53.325067
40b0d04a-ac3a-497e-a265-a239bf90a988,11,SEARCH,2026-02-18T06:04:53.325067
83cc2298-5978-4813-82b3-44bd610242d8,18,SEARCH,2026-02-18T06:09:53.325067
adb57e5e-5a91-4d39-9039-d02a28817f53,17,SEARCH,2026-02-18T06:18:53.325067
2d604157-6dd3-49cd-8d09-518c32ac42d1,13,PURCHASE,2026-02-18T06:26:53.325067
72b6e864-78a7-4e9c-96fe-6840cbd0bd9e,10,SEARCH,2026-02-18T06:27:53.325067
67e97542-b13e-4e00-97a5-cbbabea32b12,12,SEARCH,2026-02-18T06:29:53.325067
aa6b21a4-8c72-4957-9afa-6231cd81b533,18,SEARCH,2026-02-18T06:35:53.325067
74c694be-f2f1-48b5-9fbb-0a6233a71792,13,SEARCH,2026-02-18T06:40:53.325067
fe56cc6a-d6e2-45c9-8ff5-23371d3f93f8,14,SEARCH,2026-02-18T06:44:53.325067
990e87ab-835e-4dc4-8e87-09a6add62ed7,12,PURCHASE,2026-02-18T06:47:53.325067
9c0318d6-9f22-457c-b755-26f3433ec25f,37,SEARCH,2026-02-18T07:07:53.325067
c2208498-58e8-4a60-aee9-784ba412ecce,18,SEARCH,2026-02-18T07:29:53.325067
a2c99087-55d9-47cd-89bf-ee21b3e28061,33,SEARCH,2026-02-18T07:51:53.325067
ddb8726e-1052-45d7-84f0-77d9b0847c39,10,SEARCH,2026-02-18T08:06:53.325067
05ecab31-be05-4cdd-97bd-8fa1a1d86061,30,SEARCH,2026-02-18T08:08:53.325067
a411d6a4-de67-444c-a8c0-308e8d06e7f9,2,SEARCH,2026-02-18T08:19:53.325067
e739eb39-5034-468c-b5e7-b7c1679c2f05,18,SEARCH,2026-02-18T08:23:53.325067
6b08405f-b4ce-42bd-9146-6292de6f1e65,25,SEARCH,2026-02-18T08:35:53.325067
d21cd464-e517-42cd-81cb-f6bce7ede675,10,SEARCH,2026-02-18T08:42:53.325067
e3556b91-8a79-40ee-8564-73f6a8c294a8,22,SEARCH,2026-02-18T08:47:53.325067
6491a90a-1252-4522-a4aa-568e054ea3e6,4,SEARCH,2026-02-18T08:51:53.325067
adb57e5e-5a91-4d39-9039-d02a28817f53,10,SEARCH,2026-02-18T09:12:53.325067
8afa90c5-ff76-47ab-a95d-beba635ae545,9,PURCHASE,2026-02-18T09:15:53.325067
9c8f276e-86ba-4f0a-8a32-5ed55f5cc597,19,SEARCH,2026-02-18T09:56:53.325067
4febf5cb-8b1b-41fb-9f2a-ef336bf8dee3,33,SEARCH,2026-02-18T10:12:53.325067
b6a94374-7d42-4029-a262-dbf92b8615ed,33,SEARCH,2026-02-18T10:21:53.325067
7c08278c-45df-4aec-a828-f8ec5848e626,25,SEARCH,2026-02-18T10:27:53.325067
5efcc330-6be7-47cb-97ac-647f1b2074af,19,PURCHASE,2026-02-18T10:44:53.325067
6a02f2af-bf52-4219-a484-36c3503deea8,14,SEARCH,2026-02-18T10:50:53.325067
7a23bd45-f094-4da0-a454-e5e51780f9d8,23,SEARCH,2026-02-18T10:51:53.325067
edc9014e-4596-4b2b-bf2c-4ce00a2724d1,10,SEARCH,2026-02-18T10:57:53.325067
e361ca2c-d5b2-4165-ae61-cbc9895bd43b,16,SEARCH,2026-02-18T10:58:53.325067
6491a90a-1252-4522-a4aa-568e054ea3e6,7,PURCHASE,2026-02-18T11:17:53.325067
433f9cd8-a64b-42cc-8304-054b6770950f,4,PURCHASE,2026-02-18T11:20:53.325067
670178d5-1be2-43b8-ae51-c78b6e95596d,8,SEARCH,2026-02-18T11:33:53.325067
c0f3be62-17ed-46b4-9717-2cebd19f20b6,14,SEARCH,2026-02-18T11:33:53.325067
5b5ca9f4-bcca-4a64-9f37-442e28c71e88,11,SEARCH,2026-02-18T11:34:53.325067
8aa4e24e-b641-4e27-90ad-ae70b2653a10,23,SEARCH,2026-02-18T11:41:53.325067
2b95a003-e0b9-4cd7-b99d-90bbfffcfde0,12,SEARCH,2026-02-18T11:51:53.325067
1bc4281b-e7ff-46f0-95f9-a753144c12f5,5,SEARCH,2026-02-18T11:59:53.325067
6caa8d1a-d55a-4d7a-8573-c09cb368290c,8,SEARCH,2026-02-18T12:04:53.325067
67fc04f2-f83c-49fc-bf0a-b7acd06a81dc,7,SEARCH,2026-02-18T12:14:53.325067
2c295371-4654-4268-8b49-03e1855770c2,37,SEARCH,2026-02-18T12:31:53.325067
c7e06cd1-5015-48c6-8ee7-2c10cc0bb46e,13,SEARCH,2026-02-18T12:32:53.325067
13226df5-061b-4a9f-b90c-461443dc42a6,4,SEARCH,2026-02-18T12:56:53.325067
0e1e7889-c27a-483b-97db-e2eaa38fbfcd,13,SEARCH,2026-02-18T13:04:53.325067
711674ac-dc45-4de7-9011-a7e336437ff1,20,PURCHASE,2026-02-18T13:12:53.325067
636d7396-1683-4a3e-82c0-9ae0c3301625,8,SEARCH,2026-02-18T13:14:53.325067
6a5b1597-c097-42f4-b68d-a1b4d1670e5b,14,SEARCH,2026-02-18T13:17:53.325067
a44010ad-0d43-47a3-b12d-2c627035a49c,20,SEARCH,2026-02-18T13:26:53.325067
65b3a875-4c50-41b3-835e-05d868593233,4,SEARCH,2026-02-18T13:33:53.325067
023d151c-6757-4419-87e2-88e1c2687a07,23,PURCHASE,2026-02-18T13:43:53.325067
98007922-1f86-4b8e-b8a1-c8f08d97f8d9,11,SEARCH,2026-02-18T13:44:53.325067
1afa6b41-20e7-4505-992d-33ffad21857d,16,SEARCH,2026-02-18T13:50:53.325067
21dae28c-1b0b-4331-9a64-bfec29296aab,5,SEARCH,2026-02-18T14:01:53.325067
f42190bc-15f2-4928-b31e-76e81ca22d83,27,SEARCH,2026-02-18T14:11:53.325067
4febf5cb-8b1b-41fb-9f2a-ef336bf8dee3,11,SEARCH,2026-02-18T14:18:53.325067
f2a91885-84ac-4819-b0c7-9ec58273439e,35,SEARCH,2026-02-18T14:38:53.325067
09acf0d1-0c42-4614-ba7b-024042ad1bb9,11,SEARCH,2026-02-18T15:00:53.325067
e8108cd8-6fef-4a59-bd95-717b807705f7,4,SEARCH,2026-02-18T15:08:53.325067
ffa5c930-300a-4e34-a99e-bf085c6d3432,7,SEARCH,2026-02-18T15:39:53.325067
a9346e7e-17e3-4628-ad19-3b8932ed9b4d,40,SEARCH,2026-02-18T15:39:53.325067
984775f1-a021-46d8-b8f7-f7c4a7db6d81,12,SEARCH,2026-02-18T15:59:53.325067
fc14e347-43c5-4ea0-9f5a-84ac3ced980d,13,SEARCH,2026-02-18T16:01:53.325067
7e2ae8e8-578a-47ff-ad9a-ff2af99edb89,22,SEARCH,2026-02-18T16:03:53.325067
28b67510-16da-4c77-896b-2ffba172b497,16,SEARCH,2026-02-18T16:06:53.325067
e0178b1c-b664-4fb1-ba29-c4fa6109c485,6,SEARCH,2026-02-18T16:29:53.325067
08c339e5-d7df-4047-8cf4-d409a9dfb6ab,22,PURCHASE,2026-02-18T16:42:53.325067
ea88356f-27fa-4a01-82ca-d699a940f2b2,14,SEARCH,2026-02-18T16:45:53.325067
c39f6053-cb21-4a6b-98bb-4036625cd5b7,24,SEARCH,2026-02-18T16:59:53.325067
c2ed763e-ec0e-4b59-b7ff-b2d4bc4f294b,24,SEARCH,2026-02-18T17:32:53.325067
c9a94ebb-ba55-4f77-a535-b3b156e8cd6c,7,SEARCH,2026-02-18T17:51:53.325067
6b3f9a86-54b2-440b-bc2e-1b1f1c640d49,18,PURCHASE,2026-02-18T17:53:53.325067
20bce24e-5929-483e-88f3-868a841043e0,28,SEARCH,2026-02-18T18:15:53.325067
518d1791-c480-4d43-9842-025adce0018a,37,SEARCH,2026-02-18T18:19:53.325067
e9a8ef61-8f21-4a1e-a326-fb36dd78499f,11,SEARCH,2026-02-18T18:22:53.325067
35d284a5-0206-48ba-940a-d3f5eeca6f5a,23,SEARCH,2026-02-18T18:23:53.325067
bb2204d1-bf5a-4650-b7c2-af557946c2ff,30,SEARCH,2026-02-18T18:27:53.325067
3c9f5f5e-4057-4f9b-bd74-b529ecfa677a,20,SEARCH,2026-02-18T18:36:53.325067
0e881dc0-e5d7-42ac-b53d-4ef8f745502a,10,SEARCH,2026-02-18T18:52:53.325067
433f9cd8-a64b-42cc-8304-054b6770950f,34,SEARCH,2026-02-18T19:05:53.325067
3c9f5f5e-4057-4f9b-bd74-b529ecfa677a,9,SEARCH,2026-02-18T19:22:53.325067
57a84dbf-f52a-40c1-8835-0ceaefc725f0,14,SEARCH,2026-02-18T19:23:53.325067
ea90fd4f-b17a-4338-a614-073d9ae82556,14,SEARCH,2026-02-18T19:24:53.325067
eae4987c-f9cc-4e78-ac55-f53f9f963a42,13,SEARCH,2026-02-18T19:29:53.325067
d3a790da-c37a-4724-9a5c-988365751ae3,27,SEARCH,2026-02-18T19:30:53.325067
bf25f2cc-5280-4b7d-955d-1f98969c2450,8,SEARCH,2026-02-18T19:35:53.325067
c2208498-58e8-4a60-aee9-784ba412ecce,8,SEARCH,2026-02-18T19:42:53.325067
242b50ce-bbaa-43a5-b558-5e8566db4856,18,SEARCH,2026-02-18T19:50:53.325067
0ebfddde-402d-4f23-90ec-1f60f3a58d80,18,SEARCH,2026-02-18T19:59:53.325067
8fb04133-739c-4977-b1b4-50e729b3b1a9,3,SEARCH,2026-02-18T20:06:53.325067
576df0b8-64a6-457e-9ccc-65bbf71e8991,5,SEARCH,2026-02-18T20:07:53.325067
1bc4281b-e7ff-46f0-95f9-a753144c12f5,6,SEARCH,2026-02-18T20:20:53.325067
96e8c26e-0ec2-4efc-9437-af2b9dbaccd4,10,SEARCH,2026-02-18T20:21:53.325067
a4a13f18-f3c2-4670-b91a-710b108d53a4,10,SEARCH,2026-02-18T20:26:53.325067
75d49fe9-872c-4b3a-86dc-1932937fee8a,12,SEARCH,2026-02-18T20:40:53.325067
fe56cc6a-d6e2-45c9-8ff5-23371d3f93f8,14,SEARCH,2026-02-18T20:40:53.325067
b0f0703f-1ab9-4b58-a3a7-c5abaa6ccbee,4,SEARCH,2026-02-18T20:50:53.325067
1a7c3d97-7767-4d24-b808-86c709c1b938,12,SEARCH,2026-02-18T20:59:53.325067
40b0d04a-ac3a-497e-a265-a239bf90a988,3,SEARCH,2026-02-18T21:01:53.325067
213d181a-c484-4cd9-b77a-556fd29f693e,14,SEARCH,2026-02-18T21:05:53.325067
41aabca9-3913-4b03-930d-6c49127df644,16,SEARCH,2026-02-18T21:18:53.325067
03e12c65-f5c6-4994-a25f-4b40e3f5ce46,22,PURCHASE,2026-02-18T21:48:53.325067
6eab0579-7d84-4c14-93f7-7afac138240b,13,SEARCH,2026-02-18T21:48:53.325067
313a75c2-6499-4c10-ab25-7c04da298bcb,24,PURCHASE,2026-02-18T21:57:53.325067
69154f7b-e3ef-4c53-99df-21f118c9c540,5,SEARCH,2026-02-18T21:57:53.325067
32d89891-5b6f-49af-8a74-dd0d02624fde,19,SEARCH,2026-02-18T22:11:53.325067
be27ad6a-f5a6-49b2-b27d-714f889c9ef0,9,SEARCH,2026-02-18T22:13:53.325067
13226df5-061b-4a9f-b90c-461443dc42a6,21,SEARCH,2026-02-18T22:18:53.325067
3a5e0c14-6426-4a1f-b80a-f5d8174568d8,20,SEARCH,2026-02-18T22:19:53.325067
d21cd464-e517-42cd-81cb-f6bce7ede675,7,PURCHASE,2026-02-18T22:20:53.325067
483f4ce6-409d-4630-911f-f580fc8e4081,16,SEARCH,2026-02-18T22:33:53.325067
8cd8d36b-2249-410a-863c-4887671d5e9c,19,SEARCH,2026-02-18T22:35:53.325067
049d9430-a8c1-4b84-abb6-f4a7d83457ee,35,SEARCH,2026-02-18T22:44:53.325067
993f0dbf-2553-415d-9d50-be9b0928e9b7,6,PURCHASE,2026-02-18T22:46:53.325067
114a3a20-1ec3-41c7-9356-8bcf7aff63fa,36,PURCHASE,2026-02-18T22:50:53.325067
918a7dab-fad0-4b26-8de2-2fcadd0fc18f,6,SEARCH,2026-02-18T22:51:53.325067
242c3f83-43b1-408e-b05b-6fc2ed10168f,14,SEARCH,2026-02-18T23:11:53.325067
df3ad564-7cee-4fe9-96a9-84a7092a5e63,8,SEARCH,2026-02-18T23:14:53.325067
9f58599b-54cf-4662-9270-1c54f3d4385f,9,SEARCH,2026-02-18T23:20:53.325067
1afa6b41-20e7-4505-992d-33ffad21857d,18,SEARCH,2026-02-18T23:44:53.325067
8cd8d36b-2249-410a-863c-4887671d5e9c,10,SEARCH,2026-02-19T00:14:53.325067
a266d188-7a9f-4b44-b73e-2d7af82b6ca9,18,SEARCH,2026-02-19T00:57:53.325067
1844715d-6c92-4eb9-b947-dc14a551090f,9,PURCHASE,2026-02-19T01:02:53.325067
3c9f5f5e-4057-4f9b-bd74-b529ecfa677a,19,SEARCH,2026-02-19T01:02:53.325067
f7e6ad3f-60cf-4047-b794-461ca3dca627,13,SEARCH,2026-02-19T01:07:53.325067
01e53c67-0cb2-4f21-8eee-ef6246003908,6,SEARCH,2026-02-19T01:16:53.325067
1248e958-b915-4c0e-bdde-efe06a0fa923,35,SEARCH,2026-02-19T01:17:53.325067
4bd6b982-dac9-4d73-b582-eeda940ab590,19,SEARCH,2026-02-19T01:18:53.325067
255a0ae0-2e95-4caf-95fc-b6b01608ce02,10,SEARCH,2026-02-19T01:22:53.325067
77be904d-ae03-46de-a946-154376326fac,15,SEARCH,2026-02-19T01:49:53.325067
9647378f-753b-42a1-b37b-420d38ccf753,9,SEARCH,2026-02-19T01:52:53.325067
590dfae6-1765-4981-abc4-9bfc8a8eb228,10,SEARCH,2026-02-19T02:02:53.325067
8afa90c5-ff76-47ab-a95d-beba635ae545,21,SEARCH,2026-02-19T02:03:53.325067
66a50361-a3ff-4a69-9662-265256095fda,37,SEARCH,2026-02-19T02:09:53.325067
1065d688-efca-47ec-bfc1-67edc379d735,25,SEARCH,2026-02-19T02:21:53.325067
6865ed66-412e-4e21-83e6-46107262df72,14,SEARCH,2026-02-19T02:21:53.325067
d58a8e77-5dfb-4e2a-9cb2-4ca81ba24791,21,SEARCH,2026-02-19T02:25:53.325067
78b207a8-4f03-4de8-8b7a-56f69d1aa3ce,36,PURCHASE,2026-02-19T02:31:53.325067
b2751dc4-94d4-455a-a9a4-41dda0314e2b,4,SEARCH,2026-02-19T02:41:53.325067
d37ea336-c09e-43fc-98d9-b4fa1cbdfe96,23,SEARCH,2026-02-19T02:57:53.325067
c64b9411-6286-45b6-9c58-4b7809b57cf9,13,SEARCH,2026-02-19T03:12:53.325067
06589e07-2571-41d1-a784-6361a9ad35b1,8,SEARCH,2026-02-19T03:16:53.325067
2d604157-6dd3-49cd-8d09-518c32ac42d1,9,SEARCH,2026-02-19T03:42:53.325067
c39f6053-cb21-4a6b-98bb-4036625cd5b7,28,SEARCH,2026-02-19T03:43:53.325067
b24f8168-69cc-47f5-9566-a4630930bdcf,12,PURCHASE,2026-02-19T03:55:53.325067
b4d8ef13-63c6-4cd5-8013-261faa512ff8,8,SEARCH,2026-02-19T04:04:53.325067
60c0cadf-a5e5-43fd-965f-2aca4f4ed21e,19,SEARCH,2026-02-19T04:08:53.325067
16e66dc7-20a0-40d0-b443-52fdad377a39,4,SEARCH,2026-02-19T04:10:53.325067
8c83272a-9e38-4894-9116-5734b90f6da3,6,SEARCH,2026-02-19T04:45:53.325067
96e8c26e-0ec2-4efc-9437-af2b9dbaccd4,15,SEARCH,2026-02-19T05:04:53.325067
c21ec16c-cc3d-45fa-be76-9ffc68d79ae3,9,SEARCH,2026-02-19T05:08:53.325067
3a5fc1da-6412-4109-81e5-e7e06b0c788e,10,SEARCH,2026-02-19T06:01:53.325067
a9a7ad70-48a1-4c4b-a7d0-51e7f1c0081c,8,SEARCH,2026-02-19T06:12:53.325067
114a3a20-1ec3-41c7-9356-8bcf7aff63fa,13,SEARCH,2026-02-19T06:19:53.325067
c5846c3d-3f65-4152-bf10-d1fef5f44b56,8,PURCHASE,2026-02-19T06:20:53.325067
34a73aeb-dde0-4b34-8616-a11e680d89b5,27,SEARCH,2026-02-19T06:23:53.325067
f549fe2e-bad5-4330-ad02-22ce552041a3,20,SEARCH,2026-02-19T06:39:53.325067
494a6b18-4354-4af1-89e1-cb307e55c9eb,25,SEARCH,2026-02-19T06:39:53.325067
225e16c3-0e71-4167-a4bf-05fd86a3077d,9,SEARCH,2026-02-19T06:40:53.325067
6e5d0363-9bbc-44da-99f4-4d57c280690a,30,PURCHASE,2026-02-19T06:40:53.325067
9b42292f-a51f-4d75-8725-5d2ab7b41c74,11,SEARCH,2026-02-19T06:51:53.325067
f5f14641-d463-40f3-84cb-e86ebe1ddd5a,23,SEARCH,2026-02-19T07:06:53.325067
c0ddc42f-ccd4-4c30-8db6-7154bd9a32cd,15,SEARCH,2026-02-19T07:14:53.325067
ba73a637-3b51-4b92-83ae-1eb0047fa0e6,15,PURCHASE,2026-02-19T07:29:53.325067
65b00138-3ad1-4210-8326-f5f0f920a927,6,SEARCH,2026-02-19T07:35:53.325067
6a96c77d-5b1a-447c-a920-c59619c1a042,10,SEARCH,2026-02-19T07:36:53.325067
53346a36-6f23-45f7-8089-1bd846183d7f,39,PURCHASE,2026-02-19T07:39:53.325067
a8593aa1-caa8-4e24-ae7e-4b22b873b129,35,SEARCH,2026-02-19T07:47:53.325067
1a7c3d97-7767-4d24-b808-86c709c1b938,1,SEARCH,2026-02-19T07:52:53.325067
516c6646-8b42-45fa-9dc3-a3b89b1e4e26,24,SEARCH,2026-02-19T08:06:53.325067
b20079f1-1592-49c2-8197-ef8085ad0348,30,SEARCH,2026-02-19T08:14:53.325067
21dae28c-1b0b-4331-9a64-bfec29296aab,21,SEARCH,2026-02-19T08:21:53.325067
bb2204d1-bf5a-4650-b7c2-af557946c2ff,24,SEARCH,2026-02-19T08:32:53.325067
21dae28c-1b0b-4331-9a64-bfec29296aab,11,SEARCH,2026-02-19T08:34:53.325067
32363098-54ef-4853-93c8-083b04b5aa7f,8,SEARCH,2026-02-19T08:40:53.325067
90b8a8f0-b1ab-476a-9f6e-1b4935b5c76f,5,SEARCH,2026-02-19T08:58:53.325067
28b67510-16da-4c77-896b-2ffba172b497,10,SEARCH,2026-02-19T09:05:53.325067
0ebfddde-402d-4f23-90ec-1f60f3a58d80,21,SEARCH,2026-02-19T09:28:53.325067
f989b4c3-a07f-4c59-bf58-a8e48cb67c2c,21,SEARCH,2026-02-19T09:29:53.325067
6a96c77d-5b1a-447c-a920-c59619c1a042,15,SEARCH,2026-02-19T09:37:53.325067
0d9df06b-fab6-464c-92e2-5a874d44718a,28,SEARCH,2026-02-19T09:39:53.325067
9da8e83a-ee12-4409-965b-324e3e2198fa,12,SEARCH,2026-02-19T09:41:53.325067
a21c5513-9d37-4926-9729-0f802f6f6304,12,PURCHASE,2026-02-19T09:45:53.325067
5373c04b-8165-4b0c-8cc5-edd291bca6b2,6,PURCHASE,2026-02-19T09:57:53.325067
c14f5d5a-2027-47cf-8566-4878bc8b557d,11,SEARCH,2026-02-19T10:34:53.325067
30105cba-fafd-492e-be7e-b1e0ac9e282d,25,SEARCH,2026-02-19T10:41:53.325067
67fc04f2-f83c-49fc-bf0a-b7acd06a81dc,10,PURCHASE,2026-02-19T10:49:53.325067
7b0402c8-8b63-43fb-a207-85f2189eb508,15,SEARCH,2026-02-19T10:54:53.325067
39356aa4-1005-4f5d-873e-2bedf8ab70b6,6,SEARCH,2026-02-19T10:58:53.325067
be4f84e9-09e7-4d00-85b6-9d8d779b1eb2,13,SEARCH,2026-02-19T10:59:53.325067
cc641e38-4587-4679-b245-6094f0dd6eec,9,SEARCH,2026-02-19T11:05:53.325067
32363098-54ef-4853-93c8-083b04b5aa7f,5,SEARCH,2026-02-19T11:10:53.325067
09acf0d1-0c42-4614-ba7b-024042ad1bb9,26,SEARCH,2026-02-19T11:14:53.325067
c7e06cd1-5015-48c6-8ee7-2c10cc0bb46e,8,SEARCH,2026-02-19T11:21:53.325067
771db771-b160-40df-bdda-3c4effd1c9b7,8,SEARCH,2026-02-19T11:21:53.325067
3af5dfea-d509-43c2-b0d4-9fbc5a1f50eb,16,PURCHASE,2026-02-19T11:27:53.325067
9345cf47-4508-4fcb-8fc2-de521160be73,12,SEARCH,2026-02-19T11:37:53.325067
09acf0d1-0c42-4614-ba7b-024042ad1bb9,9,SEARCH,2026-02-19T11:51:53.325067
14475413-bfe4-45ff-9516-e0d88e2673ce,24,SEARCH,2026-02-19T11:58:53.325067
65b3a875-4c50-41b3-835e-05d868593233,21,PURCHASE,2026-02-19T11:59:53.325067
a583ef34-aa92-4f8d-b127-f99f7b6f094a,9,PURCHASE,2026-02-19T12:02:53.325067
b15e9dc1-38e1-4813-86df-d556946ff7ad,8,SEARCH,2026-02-19T12:02:53.325067
ba73a637-3b51-4b92-83ae-1eb0047fa0e6,25,PURCHASE,2026-02-19T12:06:53.325067
45b4e5b2-5e91-4e33-a1f3-bcc3cd492b2b,20,SEARCH,2026-02-19T12:07:53.325067
5b5ca9f4-bcca-4a64-9f37-442e28c71e88,18,SEARCH,2026-02-19T12:10:53.325067
314b8cfb-73bd-4078-b4cf-a792e36bbd0d,4,SEARCH,2026-02-19T12:19:53.325067
a2e7871b-6fe3-4322-aa44-f620c1694932,9,SEARCH,2026-02-19T12:21:53.325067
ef6d8c59-0cd7-4538-85ec-fd90391165f7,22,SEARCH,2026-02-19T12:22:53.325067
f8651bba-e11f-4f31-9157-8ea01fc8309a,10,SEARCH,2026-02-19T12:22:53.325067
b28b69dc-d2c1-4964-8ff0-3991ce0cbb4d,19,PURCHASE,2026-02-19T12:31:53.325067
f8651bba-e11f-4f31-9157-8ea01fc8309a,19,SEARCH,2026-02-19T12:50:53.325067
d08f1b46-5424-4de2-9a3b-0c0c9a656260,4,PURCHASE,2026-02-19T12:55:53.325067
3dc5dc12-5c3f-41de-a6de-cb8ac60ae022,8,SEARCH,2026-02-19T12:56:53.325067
05bf75dd-79cd-4eea-8105-12f527b3b67b,26,PURCHASE,2026-02-19T12:56:53.325067
0d9df06b-fab6-464c-92e2-5a874d44718a,22,SEARCH,2026-02-19T12:58:53.325067
b6a94374-7d42-4029-a262-dbf92b8615ed,5,PURCHASE,2026-02-19T13:16:53.325067
71852831-90ad-4deb-9abc-4a1baee33cb6,8,PURCHASE,2026-02-19T13:22:53.325067
1656ea37-9d31-40a9-89f2-4986e158ea4b,23,SEARCH,2026-02-19T13:39:53.325067
40b65422-3f7f-4252-83c7-3faf9f7f73d9,15,SEARCH,2026-02-19T13:58:53.325067
ed8d870f-57f0-4c43-81e2-8db499511c37,35,SEARCH,2026-02-19T14:15:53.325067
c9a94ebb-ba55-4f77-a535-b3b156e8cd6c,9,SEARCH,2026-02-19T14:39:53.325067
c5846c3d-3f65-4152-bf10-d1fef5f44b56,13,SEARCH,2026-02-19T14:39:53.325067
5adc5e8e-3072-4753-befd-147c4de46bb2,16,SEARCH,2026-02-19T14:40:53.325067
209e1b4f-9340-42d8-b737-0f3435787db4,9,SEARCH,2026-02-19T14:44:53.325067
e8108cd8-6fef-4a59-bd95-717b807705f7,9,SEARCH,2026-02-19T14:56:53.325067
e0178b1c-b664-4fb1-ba29-c4fa6109c485,14,PURCHASE,2026-02-19T14:59:53.325067
46d4641b-2c5a-41da-b0c1-daae8c4e9be9,3,SEARCH,2026-02-19T15:02:53.325067
0eb92297-0d4f-4289-8e1e-473d7a621960,26,SEARCH,2026-02-19T15:18:53.325067
8ae31719-bfe7-462d-98c9-062cc514b618,9,PURCHASE,2026-02-19T15:30:53.325067
89ee4286-f4a6-40b0-9d45-6041c20cfcb1,6,SEARCH,2026-02-19T15:40:53.325067
c79c14ee-62df-4edf-baef-0b521cd8b3a9,15,SEARCH,2026-02-19T16:08:53.325067
86d658a5-b15f-4ac1-a7fc-f30974f84164,19,SEARCH,2026-02-19T16:10:53.325067
24386d05-3573-49b9-aed4-54347fb9ca2b,9,SEARCH,2026-02-19T16:29:53.325067
6eab0579-7d84-4c14-93f7-7afac138240b,22,SEARCH,2026-02-19T17:06:53.325067
e713fcfa-0921-4f87-9b0b-f4fea9c533b3,27,SEARCH,2026-02-19T17:22:53.325067
1b74deef-1d13-4b12-bb5d-3eba04c38638,18,SEARCH,2026-02-19T17:56:53.325067
c5e57418-eebb-4887-abd9-ba54dbb7529c,24,SEARCH,2026-02-19T18:04:53.325067
e9a8ef61-8f21-4a1e-a326-fb36dd78499f,3,SEARCH,2026-02-19T18:13:53.325067
fe56cc6a-d6e2-45c9-8ff5-23371d3f93f8,33,SEARCH,2026-02-19T19:06:53.325067
fcf4e7de-ac03-4e81-99f9-b10b754c96a3,3,SEARCH,2026-02-19T19:13:53.325067
7f31a02d-6bf8-4c93-ae8c-a227e3dd4e1c,3,SEARCH,2026-02-19T19:17:53.325067
77097335-9bf1-4ce5-a34c-c9cb92e53352,9,SEARCH,2026-02-19T19:18:53.325067
8614f259-b1f4-4ff9-8496-c48257c0d552,8,SEARCH,2026-02-19T19:23:53.325067
711674ac-dc45-4de7-9011-a7e336437ff1,4,SEARCH,2026-02-19T19:38:53.325067
8cb126e9-21f0-4b02-90b2-c15e6504b750,6,SEARCH,2026-02-19T19:53:53.325067
bf25f2cc-5280-4b7d-955d-1f98969c2450,14,SEARCH,2026-02-19T20:11:53.325067
791aa91a-97a8-4d4c-ae8b-c16f01ef3be0,30,SEARCH,2026-02-19T20:15:53.325067
28a26108-200f-46bb-9093-30aea0e6b424,10,SEARCH,2026-02-19T20:17:53.325067
8cb126e9-21f0-4b02-90b2-c15e6504b750,26,SEARCH,2026-02-19T20:23:53.325067
97636ebc-d14c-457f-9ca9-d5e89042ecac,10,SEARCH,2026-02-19T20:36:53.325067
1aeab7f6-de86-4010-bc33-de2b26dc48d9,12,SEARCH,2026-02-19T20:36:53.325067
6b11e257-0626-4984-b586-4da8c2814316,3,PURCHASE,2026-02-19T20:46:53.325067
e6b004ef-981b-4806-87d6-34502f53e460,25,SEARCH,2026-02-19T20:48:53.325067
96e8c26e-0ec2-4efc-9437-af2b9dbaccd4,21,SEARCH,2026-02-19T20:56:53.325067
75d49fe9-872c-4b3a-86dc-1932937fee8a,11,SEARCH,2026-02-19T21:06:53.325067
025da52c-3daa-4ade-be62-1f35affd5e4d,13,SEARCH,2026-02-19T21:09:53.325067
2d604157-6dd3-49cd-8d09-518c32ac42d1,14,SEARCH,2026-02-19T21:13:53.325067
9da8e83a-ee12-4409-965b-324e3e2198fa,29,SEARCH,2026-02-19T21:23:53.325067
be4f84e9-09e7-4d00-85b6-9d8d779b1eb2,19,SEARCH,2026-02-19T21:40:53.325067
52a0a704-e6eb-40b0-9474-a2b9f3b1b933,9,SEARCH,2026-02-19T21:40:53.325067
242c3f83-43b1-408e-b05b-6fc2ed10168f,12,PURCHASE,2026-02-19T21:43:53.325067
a9346e7e-17e3-4628-ad19-3b8932ed9b4d,8,SEARCH,2026-02-19T22:04:53.325067
81fe3ab1-8822-4b3c-9872-ef9cbd69657a,18,SEARCH,2026-02-19T22:23:53.325067
b15e9dc1-38e1-4813-86df-d556946ff7ad,9,SEARCH,2026-02-19T22:28:53.325067
f539cbba-8e63-49a0-888f-a69e5387f5e7,21,SEARCH,2026-02-19T22:28:53.325067
694d4b11-cdb4-46da-869c-44dc427440bc,11,PURCHASE,2026-02-19T22:43:53.325067
ff66b882-8c64-4453-96af-33ea3fc977ae,9,SEARCH,2026-02-19T22:46:53.325067
77097335-9bf1-4ce5-a34c-c9cb92e53352,6,SEARCH,2026-02-19T22:59:53.325067
be27ad6a-f5a6-49b2-b27d-714f889c9ef0,21,SEARCH,2026-02-19T23:07:53.325067
e518304f-f0c2-4d0e-b24c-df7c91bc9983,19,SEARCH,2026-02-19T23:19:53.325067
9da8e83a-ee12-4409-965b-324e3e2198fa,18,SEARCH,2026-02-19T23:26:53.325067
9f58599b-54cf-4662-9270-1c54f3d4385f,6,SEARCH,2026-02-19T23:43:53.325067
b1b1b89a-fee0-4235-8467-73910d194ed8,13,SEARCH,2026-02-19T23:46:53.325067
984775f1-a021-46d8-b8f7-f7c4a7db6d81,9,SEARCH,2026-02-19T23:56:53.325067
a4a13f18-f3c2-4670-b91a-710b108d53a4,17,SEARCH,2026-02-20T00:06:53.325067
d37ea336-c09e-43fc-98d9-b4fa1cbdfe96,28,SEARCH,2026-02-20T00:12:53.325067
631e86cf-35a6-4045-af3c-160a94ce637b,14,SEARCH,2026-02-20T00:12:53.325067
e713fcfa-0921-4f87-9b0b-f4fea9c533b3,4,SEARCH,2026-02-20T00:22:53.325067
313a75c2-6499-4c10-ab25-7c04da298bcb,5,SEARCH,2026-02-20T00:30:53.325067
9463cdf4-2301-41a4-aba5-f74c1946ae9d,7,SEARCH,2026-02-20T00:36:53.325067
228f70d1-8981-4a30-9694-1d276a881382,16,SEARCH,2026-02-20T00:39:53.325067
4f3f236e-eaa9-436d-81ef-0c13dab5154f,16,SEARCH,2026-02-20T00:40:53.325067
8bbf9955-a497-4453-a7a3-7675c8c98080,13,SEARCH,2026-02-20T00:50:53.325067
cc876e06-27ba-4dfa-b925-231965647920,12,SEARCH,2026-02-20T00:52:53.325067
33163f98-d950-4322-9e3b-be0c9314f97f,22,SEARCH,2026-02-20T00:56:53.325067
c560c8ad-79bd-4d20-8c19-c023d548a907,13,PURCHASE,2026-02-20T01:08:53.325067
adb57e5e-5a91-4d39-9039-d02a28817f53,12,SEARCH,2026-02-20T01:27:53.325067
b4f47da9-9f4e-4b98-ae9c-bb815ae1bed4,6,SEARCH,2026-02-20T01:37:53.325067
39356aa4-1005-4f5d-873e-2bedf8ab70b6,11,PURCHASE,2026-02-20T01:43:53.325067
97636ebc-d14c-457f-9ca9-d5e89042ecac,1,SEARCH,2026-02-20T02:00:53.325067
79cb8b38-5cd9-4b11-bf31-20b782e0f357,18,SEARCH,2026-02-20T02:01:53.325067
9ccd0da8-437a-4a8f-a695-55c0be365599,25,SEARCH,2026-02-20T02:09:53.325067
8ff32a31-17ef-4383-b1da-c325a30d8972,31,SEARCH,2026-02-20T02:23:53.325067
9ccd0302-b258-442e-b66b-3c33a6f7b0eb,4,SEARCH,2026-02-20T02:28:53.325067
0007b2db-6653-42bd-8ba0-71309134929e,17,SEARCH,2026-02-20T02:31:53.325067
a7074121-cd9e-4595-a23e-5345f274fb8a,7,SEARCH,2026-02-20T02:42:53.325067
60ffff00-535c-4dcc-9517-66e081dac5f4,16,SEARCH,2026-02-20T03:14:53.325067
433f9cd8-a64b-42cc-8304-054b6770950f,13,SEARCH,2026-02-20T03:15:53.325067
1844715d-6c92-4eb9-b947-dc14a551090f,30,PURCHASE,2026-02-20T03:25:53.325067
a2e7871b-6fe3-4322-aa44-f620c1694932,25,SEARCH,2026-02-20T03:48:53.325067
6b08405f-b4ce-42bd-9146-6292de6f1e65,11,SEARCH,2026-02-20T04:11:53.325067
75e4a6e3-1c6c-4926-a5ac-2bfccf017440,19,SEARCH,2026-02-20T04:14:53.325067
9b42292f-a51f-4d75-8725-5d2ab7b41c74,19,SEARCH,2026-02-20T04:14:53.325067
6b3f9a86-54b2-440b-bc2e-1b1f1c640d49,25,SEARCH,2026-02-20T04:15:53.325067
090b81e2-0e0d-44fd-be63-77c6570bb85a,3,SEARCH,2026-02-20T04:16:53.325067
85f21559-3af2-4897-841a-ff65292442f0,13,SEARCH,2026-02-20T04:23:53.325067
6a96c77d-5b1a-447c-a920-c59619c1a042,15,SEARCH,2026-02-20T04:31:53.325067
69e263ee-7429-4a8d-8504-5817a13a7c44,15,SEARCH,2026-02-20T04:32:53.325067
9f58599b-54cf-4662-9270-1c54f3d4385f,14,SEARCH,2026-02-20T04:35:53.325067
6970fdd5-2a61-4aa5-b1ee-eca9ae7bbbd9,16,SEARCH,2026-02-20T04:38:53.325067
1bc4281b-e7ff-46f0-95f9-a753144c12f5,13,SEARCH,2026-02-20T05:04:53.325067
13226df5-061b-4a9f-b90c-461443dc42a6,13,SEARCH,2026-02-20T05:24:53.325067
8cb126e9-21f0-4b02-90b2-c15e6504b750,14,SEARCH,2026-02-20T05:37:53.325067
1b14a076-d2ef-4e4a-b995-407e692c52c0,8,SEARCH,2026-02-20T05:42:53.325067
255a0ae0-2e95-4caf-95fc-b6b01608ce02,3,SEARCH,2026-02-20T06:06:53.325067
7a23bd45-f094-4da0-a454-e5e51780f9d8,16,SEARCH,2026-02-20T06:28:53.325067
049d9430-a8c1-4b84-abb6-f4a7d83457ee,34,SEARCH,2026-02-20T06:32:53.325067
67fc04f2-f83c-49fc-bf0a-b7acd06a81dc,6,SEARCH,2026-02-20T06:33:53.325067
90106b81-6da1-4962-b339-2e4818d625ca,30,SEARCH,2026-02-20T06:34:53.325067
26347d35-a405-4d26-8f05-e1e3606c040b,16,SEARCH,2026-02-20T06:36:53.325067
d9cfa097-b8b1-438c-ba43-f186292c2fd4,26,SEARCH,2026-02-20T06:51:53.325067
9daf70ca-0e57-4862-90bc-00be9bbcd923,8,SEARCH,2026-02-20T06:53:53.325067
114a3a20-1ec3-41c7-9356-8bcf7aff63fa,21,SEARCH,2026-02-20T07:10:53.325067
d822cfc8-2e23-41a3-bb09-ddbc0af60dfa,22,SEARCH,2026-02-20T07:20:53.325067
c64b9411-6286-45b6-9c58-4b7809b57cf9,7,SEARCH,2026-02-20T07:52:53.325067
8a0d91f3-a9bd-4807-b9a3-10a5660c7198,3,SEARCH,2026-02-20T07:54:53.325067
ff549393-31f3-414b-818d-aba373db6163,9,SEARCH,2026-02-20T08:06:53.325067
9ccd0302-b258-442e-b66b-3c33a6f7b0eb,17,SEARCH,2026-02-20T08:07:53.325067
10736b4a-8fdb-4b0d-bcd2-3658eb891b12,17,SEARCH,2026-02-20T08:08:53.325067
213d181a-c484-4cd9-b77a-556fd29f693e,30,SEARCH,2026-02-20T08:14:53.325067
182b81ed-1deb-4823-baab-501fadbac2c5,9,SEARCH,2026-02-20T08:21:53.325067
cb418dbd-a329-402b-a43c-3e3c06508991,15,SEARCH,2026-02-20T08:29:53.325067
57a84dbf-f52a-40c1-8835-0ceaefc725f0,15,SEARCH,2026-02-20T08:29:53.325067
c9a94ebb-ba55-4f77-a535-b3b156e8cd6c,6,SEARCH,2026-02-20T08:45:53.325067
e1f9159b-0c8e-4734-a379-c6745ef1486c,32,SEARCH,2026-02-20T08:46:53.325067
0cf97aed-2f42-42d3-ab87-67b1f77fd99f,19,SEARCH,2026-02-20T08:48:53.325067
902a18a8-02f3-4165-acd5-8d7ae962d613,8,PURCHASE,2026-02-20T08:54:53.325067
86d658a5-b15f-4ac1-a7fc-f30974f84164,12,SEARCH,2026-02-20T08:57:53.325067
a002615b-76fb-4fc4-b07f-41e5ae4b2c8b,43,SEARCH,2026-02-20T09:14:53.325067
5283ccce-a054-40e5-b753-f8fac4704baf,16,SEARCH,2026-02-20T09:17:53.325067
7f6ddb48-9c93-4ada-b720-e394f9da044e,17,SEARCH,2026-02-20T09:38:53.325067
3a5fc1da-6412-4109-81e5-e7e06b0c788e,15,SEARCH,2026-02-20T09:58:53.325067
242b50ce-bbaa-43a5-b558-5e8566db4856,7,SEARCH,2026-02-20T10:02:53.325067
8a0d91f3-a9bd-4807-b9a3-10a5660c7198,28,SEARCH,2026-02-20T10:14:53.325067
2ac44fa5-420c-4322-8205-6f996ab44548,14,PURCHASE,2026-02-20T10:18:53.325067
cc876e06-27ba-4dfa-b925-231965647920,12,PURCHASE,2026-02-20T10:28:53.325067
1248e958-b915-4c0e-bdde-efe06a0fa923,24,SEARCH,2026-02-20T10:38:53.325067
fc14947a-d538-4d41-9ffe-e69397a72b32,27,PURCHASE,2026-02-20T10:59:53.325067
4c682d9e-2f19-46a9-af00-13d29cfbdfb6,15,SEARCH,2026-02-20T11:09:53.325067
a8f93f6a-d3b2-4b87-88d5-5c8e35fb44da,22,SEARCH,2026-02-20T11:11:53.325067
e713fcfa-0921-4f87-9b0b-f4fea9c533b3,4,SEARCH,2026-02-20T11:13:53.325067
d6f65542-48fa-4984-bb0f-49c757934d5a,7,SEARCH,2026-02-20T11:17:53.325067
f5f14641-d463-40f3-84cb-e86ebe1ddd5a,5,SEARCH,2026-02-20T11:19:53.325067
a9997e2c-1247-4e74-9f46-182e61dd09f2,16,SEARCH,2026-02-20T11:24:53.325067
e6051a4d-abd3-44a0-916c-40d50fc0f738,28,SEARCH,2026-02-20T11:29:53.325067
c79c14ee-62df-4edf-baef-0b521cd8b3a9,9,SEARCH,2026-02-20T11:46:53.325067
35d284a5-0206-48ba-940a-d3f5eeca6f5a,17,PURCHASE,2026-02-20T11:48:53.325067
575a857f-54be-428f-8863-5245aca9ebd4,38,SEARCH,2026-02-20T11:56:53.325067
40b65422-3f7f-4252-83c7-3faf9f7f73d9,23,SEARCH,2026-02-20T12:09:53.325067
649ec5cb-fa6d-406d-a416-6a6933954f79,13,SEARCH,2026-02-20T12:15:53.325067
0e881dc0-e5d7-42ac-b53d-4ef8f745502a,24,SEARCH,2026-02-20T12:33:53.325067
a8f93f6a-d3b2-4b87-88d5-5c8e35fb44da,6,SEARCH,2026-02-20T12:44:53.325067
1248e958-b915-4c0e-bdde-efe06a0fa923,6,SEARCH,2026-02-20T12:47:53.325067
96e8c26e-0ec2-4efc-9437-af2b9dbaccd4,14,SEARCH,2026-02-20T12:58:53.325067
1548e1ba-cfa7-4b92-8268-97da7eddff49,2,SEARCH,2026-02-20T13:15:53.325067
531e8327-da0a-43e5-89ad-4038b82508d7,13,SEARCH,2026-02-20T13:23:53.325067
550a571a-5410-405b-bb49-ee5a46ec245b,10,SEARCH,2026-02-20T13:26:53.325067
a2e7871b-6fe3-4322-aa44-f620c1694932,10,SEARCH,2026-02-20T13:32:53.325067
90b8a8f0-b1ab-476a-9f6e-1b4935b5c76f,15,SEARCH,2026-02-20T13:39:53.325067
7981a1ff-35a7-4d84-9f26-48042b761273,35,SEARCH,2026-02-20T13:45:53.325067
425260d4-ed1f-4c19-9d2d-5fad0141f6c5,2,SEARCH,2026-02-20T13:50:53.325067
1656ea37-9d31-40a9-89f2-4986e158ea4b,5,SEARCH,2026-02-20T13:51:53.325067
a2c99087-55d9-47cd-89bf-ee21b3e28061,3,SEARCH,2026-02-20T14:05:53.325067
0ebfddde-402d-4f23-90ec-1f60f3a58d80,7,SEARCH,2026-02-20T14:09:53.325067
6b388271-763a-4a1e-b54d-9a41473d6cc7,16,SEARCH,2026-02-20T14:15:53.325067
6c70e8d6-0101-4704-bb35-39d5e9ecd5c2,30,SEARCH,2026-02-20T14:16:53.325067
3c9f5f5e-4057-4f9b-bd74-b529ecfa677a,20,SEARCH,2026-02-20T14:21:53.325067
1844715d-6c92-4eb9-b947-dc14a551090f,7,SEARCH,2026-02-20T14:24:53.325067
58509eb1-425d-4ca5-81bd-306d21b3d8e4,20,SEARCH,2026-02-20T14:25:53.325067
e08d0953-f32b-47fa-9faf-130bbb7a9f26,13,SEARCH,2026-02-20T14:38:53.325067
025da52c-3daa-4ade-be62-1f35affd5e4d,16,SEARCH,2026-02-20T15:21:53.325067
d68a52f6-e14d-436a-b6bd-8a499a1e564d,35,PURCHASE,2026-02-20T15:28:53.325067
4a23856f-1744-4f2d-9fa5-e3b8a9c98d5d,19,PURCHASE,2026-02-20T15:28:53.325067
2ac44fa5-420c-4322-8205-6f996ab44548,7,PURCHASE,2026-02-20T15:33:53.325067
90b4b949-3ac4-4655-a229-286c9bd897ec,16,SEARCH,2026-02-20T15:52:53.325067
ec5bf1f7-2a55-4a83-9709-2df9b1283cc9,11,SEARCH,2026-02-20T15:57:53.325067
a9346e7e-17e3-4628-ad19-3b8932ed9b4d,16,PURCHASE,2026-02-20T16:06:53.325067
ffa5c930-300a-4e34-a99e-bf085c6d3432,9,SEARCH,2026-02-20T16:12:53.325067
c2c49c28-c2f2-414d-be9c-903e90fa7cb1,5,SEARCH,2026-02-20T16:13:53.325067
cb418dbd-a329-402b-a43c-3e3c06508991,29,SEARCH,2026-02-20T16:18:53.325067
4453932d-0094-4102-b5e1-d4f9438748e5,10,SEARCH,2026-02-20T16:33:53.325067
98007922-1f86-4b8e-b8a1-c8f08d97f8d9,15,SEARCH,2026-02-20T16:35:53.325067
ddb8726e-1052-45d7-84f0-77d9b0847c39,2,PURCHASE,2026-02-20T16:51:53.325067
eea6fef7-54a8-4ff0-bdfb-923b4c4641ae,19,SEARCH,2026-02-20T16:53:53.325067
379e08e5-0428-4f95-a431-246914c078aa,6,SEARCH,2026-02-20T17:10:53.325067
6865ed66-412e-4e21-83e6-46107262df72,11,SEARCH,2026-02-20T17:18:53.325067
78376492-dfe4-4410-8dc6-4d19ec461fec,18,SEARCH,2026-02-20T17:37:53.325067
c5e57418-eebb-4887-abd9-ba54dbb7529c,34,PURCHASE,2026-02-20T17:38:53.325067
6747140c-efd0-4e7b-989d-bdffb18081a8,11,SEARCH,2026-02-20T18:03:53.325067
4c682d9e-2f19-46a9-af00-13d29cfbdfb6,9,SEARCH,2026-02-20T18:21:53.325067
f989b4c3-a07f-4c59-bf58-a8e48cb67c2c,16,PURCHASE,2026-02-20T18:38:53.325067
a9a7ad70-48a1-4c4b-a7d0-51e7f1c0081c,16,SEARCH,2026-02-20T18:58:53.325067
39240802-bb56-4802-b2c3-7ce6909d2480,16,SEARCH,2026-02-20T19:01:53.325067
6a337bfb-e9cc-4380-b663-66489efc264e,15,SEARCH,2026-02-20T19:03:53.325067
7981a1ff-35a7-4d84-9f26-48042b761273,8,SEARCH,2026-02-20T19:18:53.325067
d08f1b46-5424-4de2-9a3b-0c0c9a656260,4,SEARCH,2026-02-20T19:27:53.325067
41ee7aa6-429b-4629-8b57-1eb39489d14d,9,PURCHASE,2026-02-20T19:34:53.325067
9f1cfd91-01fa-41a2-a636-af0b8b4ade9f,9,SEARCH,2026-02-20T19:53:53.325067
b53bf36e-44fa-4ab5-82db-853f44cf8e54,14,SEARCH,2026-02-20T20:14:53.325067
3d00c004-102c-4633-8a05-ddb656eac2f6,11,SEARCH,2026-02-20T20:20:53.325067
6e14bc6d-596f-402c-9364-0466af03fd90,11,SEARCH,2026-02-20T20:22:53.325067
b17de091-de72-4f42-87be-e738a35d85a5,17,SEARCH,2026-02-20T20:31:53.325067
7ad89e3d-f89e-4d18-a766-5559b26f9aba,15,SEARCH,2026-02-20T20:33:53.325067
da2676de-00a0-4815-bd02-43e018860d96,14,PURCHASE,2026-02-20T20:34:53.325067
8d48589b-224d-4458-ab9a-bf947357f7bf,24,SEARCH,2026-02-20T20:39:53.325067
0e4891c7-dfb1-4146-a36d-8dc97450f860,15,SEARCH,2026-02-20T20:39:53.325067
7a9371cb-01a9-499f-86f5-d0bd6452b509,13,SEARCH,2026-02-20T20:40:53.325067
b0dc1cb2-7de9-4b0c-8611-aa4300a53faf,8,SEARCH,2026-02-20T21:03:53.325067
d4770df7-1eb0-4af7-8f6f-e9563e68b661,13,SEARCH,2026-02-20T21:04:53.325067
a411d6a4-de67-444c-a8c0-308e8d06e7f9,5,PURCHASE,2026-02-20T21:08:53.325067
d6f65542-48fa-4984-bb0f-49c757934d5a,8,PURCHASE,2026-02-20T21:09:53.325067
6491a90a-1252-4522-a4aa-568e054ea3e6,6,SEARCH,2026-02-20T21:20:53.325067
a41e8b1f-8ac5-43c0-8363-edbad92b0719,8,SEARCH,2026-02-20T21:23:53.325067
fcb22bfc-6128-495e-be2c-b0a43c231973,15,SEARCH,2026-02-20T21:26:53.325067
f989b4c3-a07f-4c59-bf58-a8e48cb67c2c,12,SEARCH,2026-02-20T21:27:53.325067
4601a6c8-8df1-44ae-9935-ace3346f3fb3,16,SEARCH,2026-02-20T21:31:53.325067
ceb9a5ba-9a79-4f1b-b8f4-27e6afad4574,8,SEARCH,2026-02-20T21:50:53.325067
b98cd1f3-3b05-4f31-9a57-b968715100b3,14,SEARCH,2026-02-20T21:50:53.325067
b1b1b89a-fee0-4235-8467-73910d194ed8,17,SEARCH,2026-02-20T21:53:53.325067
08e72634-2463-427b-b483-84616f3685a4,23,SEARCH,2026-02-20T22:07:53.325067
45b4e5b2-5e91-4e33-a1f3-bcc3cd492b2b,13,SEARCH,2026-02-20T22:08:53.325067
4ba1e89e-4107-41af-9d43-5feed90d28fc,15,SEARCH,2026-02-20T22:21:53.325067
6e14bc6d-596f-402c-9364-0466af03fd90,12,SEARCH,2026-02-20T22:36:53.325067
f71f8f90-fd42-4dbf-a735-c02dba113881,17,SEARCH,2026-02-20T22:47:53.325067
ba8f0e72-3209-4387-a358-72c4c62ebad3,23,SEARCH,2026-02-20T22:49:53.325067
e8b648b5-cc25-4d43-904e-4c720bd6b748,16,SEARCH,2026-02-20T22:51:53.325067
a583ef34-aa92-4f8d-b127-f99f7b6f094a,2,PURCHASE,2026-02-20T23:07:53.325067
10736b4a-8fdb-4b0d-bcd2-3658eb891b12,3,SEARCH,2026-02-20T23:13:53.325067
e0a9d7da-890c-4d19-aa6d-18ae709ee7c3,24,SEARCH,2026-02-20T23:30:53.325067
f539cbba-8e63-49a0-888f-a69e5387f5e7,23,SEARCH,2026-02-20T23:36:53.325067
33163f98-d950-4322-9e3b-be0c9314f97f,7,PURCHASE,2026-02-20T23:49:53.325067
930b3803-3763-494c-9c8e-f522f4a0184d,10,SEARCH,2026-02-20T23:52:53.325067
32d89891-5b6f-49af-8a74-dd0d02624fde,18,SEARCH,2026-02-20T23:56:53.325067
61e2bd04-bc08-4f83-a50c-ca72347e4c0d,15,SEARCH,2026-02-20T23:57:53.325067
46ccf373-e384-449e-9168-3c0d8d3c2a87,11,SEARCH,2026-02-20T23:57:53.325067
d1d39266-15c0-4b5b-a8e5-8cdea23f9a93,18,SEARCH,2026-02-21T00:18:53.325067
61eeeca9-226b-4492-9998-205f7a300447,8,SEARCH,2026-02-21T00:22:53.325067
575a857f-54be-428f-8863-5245aca9ebd4,9,SEARCH,2026-02-21T00:23:53.325067
242b50ce-bbaa-43a5-b558-5e8566db4856,15,SEARCH,2026-02-21T00:40:53.325067
73fe18cf-94b1-4974-bdc7-7cc358c52e03,28,SEARCH,2026-02-21T00:46:53.325067
a9a7ad70-48a1-4c4b-a7d0-51e7f1c0081c,28,SEARCH,2026-02-21T01:01:53.325067
c24a1f2c-e995-4ab7-b371-51f3919a5d97,16,PURCHASE,2026-02-21T01:04:53.325067
b5ee5466-b470-4bfd-995c-77ee91769403,21,SEARCH,2026-02-21T01:59:53.325067
c2ed763e-ec0e-4b59-b7ff-b2d4bc4f294b,13,SEARCH,2026-02-21T02:13:53.325067
918a7dab-fad0-4b26-8de2-2fcadd0fc18f,7,SEARCH,2026-02-21T02:22:53.325067
ffa5c930-300a-4e34-a99e-bf085c6d3432,29,SEARCH,2026-02-21T02:27:53.325067
80b80c0a-551e-4066-8130-783583b6341a,28,PURCHASE,2026-02-21T02:38:53.325067
78376492-dfe4-4410-8dc6-4d19ec461fec,5,PURCHASE,2026-02-21T02:41:53.325067
a21c5513-9d37-4926-9729-0f802f6f6304,25,SEARCH,2026-02-21T02:58:53.325067
ba73a637-3b51-4b92-83ae-1eb0047fa0e6,18,SEARCH,2026-02-21T03:04:53.325067
990e87ab-835e-4dc4-8e87-09a6add62ed7,29,PURCHASE,2026-02-21T03:11:53.325067
6b3f9a86-54b2-440b-bc2e-1b1f1c640d49,7,PURCHASE,2026-02-21T03:29:53.325067
69e263ee-7429-4a8d-8504-5817a13a7c44,13,SEARCH,2026-02-21T03:36:53.325067
df596bcd-5a68-47cc-a9bd-570b97482ed5,23,SEARCH,2026-02-21T03:50:53.325067
51190cd5-9692-45e9-81a0-31ea67943df9,42,SEARCH,2026-02-21T03:56:53.325067
a4856a37-4ff9-4684-b895-fa21a8cbd085,12,PURCHASE,2026-02-21T04:01:53.325067
b4d8ef13-63c6-4cd5-8013-261faa512ff8,9,SEARCH,2026-02-21T04:07:53.325067
f81d9aac-045b-487b-8eb7-78f2e6c87ad6,11,SEARCH,2026-02-21T04:09:53.325067
d822cfc8-2e23-41a3-bb09-ddbc0af60dfa,40,SEARCH,2026-02-21T04:21:53.325067
a9a7ad70-48a1-4c4b-a7d0-51e7f1c0081c,16,SEARCH,2026-02-21T04:29:53.325067
d68a52f6-e14d-436a-b6bd-8a499a1e564d,13,SEARCH,2026-02-21T04:30:53.325067
b0dc1cb2-7de9-4b0c-8611-aa4300a53faf,7,SEARCH,2026-02-21T04:32:53.325067
35d284a5-0206-48ba-940a-d3f5eeca6f5a,22,SEARCH,2026-02-21T05:06:53.325067
f989b4c3-a07f-4c59-bf58-a8e48cb67c2c,13,SEARCH,2026-02-21T05:09:53.325067
791aa91a-97a8-4d4c-ae8b-c16f01ef3be0,6,PURCHASE,2026-02-21T05:15:53.325067
e3556b91-8a79-40ee-8564-73f6a8c294a8,18,SEARCH,2026-02-21T05:37:53.325067
21dae28c-1b0b-4331-9a64-bfec29296aab,10,SEARCH,2026-02-21T05:42:53.325067
636d7396-1683-4a3e-82c0-9ae0c3301625,11,SEARCH,2026-02-21T05:43:53.325067
531e8327-da0a-43e5-89ad-4038b82508d7,15,SEARCH,2026-02-21T05:48:53.325067
25f6d082-6a51-413b-9783-0f019a400f42,22,SEARCH,2026-02-21T05:57:53.325067
e361ca2c-d5b2-4165-ae61-cbc9895bd43b,20,SEARCH,2026-02-21T06:02:53.325067
d1d3a393-8a5c-47fb-b5bc-9297839685ee,20,SEARCH,2026-02-21T06:07:53.325067
1daf6cb5-b47b-4197-89f2-3e9e8659bdc1,14,SEARCH,2026-02-21T06:10:53.325067
b4f47da9-9f4e-4b98-ae9c-bb815ae1bed4,8,SEARCH,2026-02-21T06:30:53.325067
d9cfa097-b8b1-438c-ba43-f186292c2fd4,22,SEARCH,2026-02-21T06:43:53.325067
f71f8f90-fd42-4dbf-a735-c02dba113881,29,SEARCH,2026-02-21T07:02:53.325067
05bf75dd-79cd-4eea-8105-12f527b3b67b,14,SEARCH,2026-02-21T07:17:53.325067
85f21559-3af2-4897-841a-ff65292442f0,12,SEARCH,2026-02-21T07:18:53.325067
65b3a875-4c50-41b3-835e-05d868593233,6,SEARCH,2026-02-21T07:22:53.325067
8ae31719-bfe7-462d-98c9-062cc514b618,5,SEARCH,2026-02-21T07:27:53.325067
b0dc1cb2-7de9-4b0c-8611-aa4300a53faf,31,SEARCH,2026-02-21T07:37:53.325067
c0e792a3-7927-4223-bec7-202c6fbcef07,10,SEARCH,2026-02-21T08:03:53.325067
659760cc-0f68-416d-a3b0-c36876d92e07,6,SEARCH,2026-02-21T08:04:53.325067
cc876e06-27ba-4dfa-b925-231965647920,15,PURCHASE,2026-02-21T08:12:53.325067
cfcaaa68-2c98-4f75-81fb-468ef00b4e72,2,SEARCH,2026-02-21T08:20:53.325067
902a18a8-02f3-4165-acd5-8d7ae962d613,17,SEARCH,2026-02-21T08:24:53.325067
cfcaaa68-2c98-4f75-81fb-468ef00b4e72,10,SEARCH,2026-02-21T08:43:53.325067
890da6f7-a41d-4719-9d26-58ed800a02f8,14,SEARCH,2026-02-21T08:45:53.325067
77be904d-ae03-46de-a946-154376326fac,10,SEARCH,2026-02-21T08:48:53.325067
d3a790da-c37a-4724-9a5c-988365751ae3,14,SEARCH,2026-02-21T08:51:53.325067
4e8c9646-1deb-488d-8e1e-86a46ac95885,32,SEARCH,2026-02-21T08:58:53.325067
f7e6ad3f-60cf-4047-b794-461ca3dca627,16,SEARCH,2026-02-21T09:01:53.325067
d822cfc8-2e23-41a3-bb09-ddbc0af60dfa,3,PURCHASE,2026-02-21T09:06:53.325067
eea6fef7-54a8-4ff0-bdfb-923b4c4641ae,6,SEARCH,2026-02-21T09:11:53.325067
be27ad6a-f5a6-49b2-b27d-714f889c9ef0,23,SEARCH,2026-02-21T09:16:53.325067
89ee4286-f4a6-40b0-9d45-6041c20cfcb1,14,PURCHASE,2026-02-21T09:27:53.325067
fcb22bfc-6128-495e-be2c-b0a43c231973,30,SEARCH,2026-02-21T09:27:53.325067
d374ed26-7e64-441c-a90a-eeffc47f4ffb,17,SEARCH,2026-02-21T09:37:53.325067
09acf0d1-0c42-4614-ba7b-024042ad1bb9,9,SEARCH,2026-02-21T09:48:53.325067
d37ea336-c09e-43fc-98d9-b4fa1cbdfe96,13,SEARCH,2026-02-21T10:00:53.325067
9ccd0da8-437a-4a8f-a695-55c0be365599,7,SEARCH,2026-02-21T10:03:53.325067
58509eb1-425d-4ca5-81bd-306d21b3d8e4,22,SEARCH,2026-02-21T10:10:53.325067
5adc5e8e-3072-4753-befd-147c4de46bb2,26,SEARCH,2026-02-21T10:25:53.325067
6970fdd5-2a61-4aa5-b1ee-eca9ae7bbbd9,4,PURCHASE,2026-02-21T10:34:53.325067
d9ca6b6a-45ce-4b4a-8b51-78b07e3e6adb,20,PURCHASE,2026-02-21T10:42:53.325067
7771832c-852f-4810-a1fd-f125909e786d,11,SEARCH,2026-02-21T10:45:53.325067
7c08278c-45df-4aec-a828-f8ec5848e626,2,SEARCH,2026-02-21T10:47:53.325067
fcb22bfc-6128-495e-be2c-b0a43c231973,14,SEARCH,2026-02-21T10:48:53.325067
d9cfa097-b8b1-438c-ba43-f186292c2fd4,23,SEARCH,2026-02-21T11:01:53.325067
f5f14641-d463-40f3-84cb-e86ebe1ddd5a,32,SEARCH,2026-02-21T11:22:53.325067
9850d9a8-1839-4238-a5df-8f7edf2390ca,22,SEARCH,2026-02-21T11:23:53.325067
6e5d0363-9bbc-44da-99f4-4d57c280690a,7,SEARCH,2026-02-21T11:25:53.325067
cc876e06-27ba-4dfa-b925-231965647920,17,PURCHASE,2026-02-21T11:33:53.325067
1ef1084f-e562-4722-b60f-a03cb724022e,1,SEARCH,2026-02-21T11:37:53.325067
3c40efe4-b5a2-4255-9451-8f4273e6d7bd,5,SEARCH,2026-02-21T11:44:53.325067
d21cd464-e517-42cd-81cb-f6bce7ede675,24,SEARCH,2026-02-21T11:47:53.325067
0ce550f0-2261-430c-87e4-108642207c14,6,PURCHASE,2026-02-21T11:59:53.325067
905d306a-e61c-4450-8d56-c3c9d8cf6ec1,20,PURCHASE,2026-02-21T12:11:53.325067
7f6ddb48-9c93-4ada-b720-e394f9da044e,10,SEARCH,2026-02-21T12:23:53.325067
01e53c67-0cb2-4f21-8eee-ef6246003908,12,SEARCH,2026-02-21T12:24:53.325067
631e86cf-35a6-4045-af3c-160a94ce637b,8,SEARCH,2026-02-21T12:26:53.325067
711674ac-dc45-4de7-9011-a7e336437ff1,33,SEARCH,2026-02-21T12:39:53.325067
5373c04b-8165-4b0c-8cc5-edd291bca6b2,21,SEARCH,2026-02-21T12:40:53.325067
6b388271-763a-4a1e-b54d-9a41473d6cc7,6,PURCHASE,2026-02-21T12:50:53.325067
bafee8fe-61e3-4094-8b70-c522f511b4e6,16,SEARCH,2026-02-21T12:54:53.325067
6d5292b3-ee9a-4f00-b7a3-bc17f80f166f,29,PURCHASE,2026-02-21T12:56:53.325067
b98cd1f3-3b05-4f31-9a57-b968715100b3,22,SEARCH,2026-02-21T13:01:53.325067
952e40d1-9bb7-4e22-8bab-97cf9e8f7a1e,16,SEARCH,2026-02-21T13:06:53.325067
ceb9a5ba-9a79-4f1b-b8f4-27e6afad4574,21,PURCHASE,2026-02-21T13:07:53.325067
7583157b-c485-47ba-a784-d27950bebdca,20,SEARCH,2026-02-21T13:17:53.325067
9463cdf4-2301-41a4-aba5-f74c1946ae9d,6,SEARCH,2026-02-21T13:32:53.325067
1548e1ba-cfa7-4b92-8268-97da7eddff49,18,SEARCH,2026-02-21T13:34:53.325067
49fd6910-4863-40e7-bee4-2397a54d89dd,10,SEARCH,2026-02-21T13:37:53.325067
b35e0ba4-5b13-4e14-8262-969524977292,6,SEARCH,2026-02-21T13:46:53.325067
79332f3d-1eed-42f9-a7c7-9f511c98e52b,17,SEARCH,2026-02-21T13:58:53.325067
06589e07-2571-41d1-a784-6361a9ad35b1,20,PURCHASE,2026-02-21T14:04:53.325067
314b8cfb-73bd-4078-b4cf-a792e36bbd0d,5,SEARCH,2026-02-21T14:12:53.325067
3543cf5f-f9e4-45cc-853e-61e31cdf3d23,16,SEARCH,2026-02-21T14:16:53.325067
32d89891-5b6f-49af-8a74-dd0d02624fde,8,SEARCH,2026-02-21T14:20:53.325067
b4f47da9-9f4e-4b98-ae9c-bb815ae1bed4,12,SEARCH,2026-02-21T14:38:53.325067
9850d9a8-1839-4238-a5df-8f7edf2390ca,13,SEARCH,2026-02-21T14:50:53.325067
6e5d0363-9bbc-44da-99f4-4d57c280690a,1,SEARCH,2026-02-21T14:52:53.325067
575a857f-54be-428f-8863-5245aca9ebd4,8,SEARCH,2026-02-21T15:06:53.325067
11f535cc-5e01-4466-9bee-173cffebc97a,8,SEARCH,2026-02-21T15:14:53.325067
4601a6c8-8df1-44ae-9935-ace3346f3fb3,18,SEARCH,2026-02-21T15:25:53.325067
213d181a-c484-4cd9-b77a-556fd29f693e,18,PURCHASE,2026-02-21T15:32:53.325067
4601a6c8-8df1-44ae-9935-ace3346f3fb3,15,SEARCH,2026-02-21T15:46:53.325067
e2976eab-3b7d-4868-9006-80626218e2d1,12,SEARCH,2026-02-21T15:49:53.325067
f5a24716-0b1a-4022-9c26-9ba796ce0e0b,4,SEARCH,2026-02-21T16:02:53.325067
6e14bc6d-596f-402c-9364-0466af03fd90,5,SEARCH,2026-02-21T16:08:53.325067
81fe3ab1-8822-4b3c-9872-ef9cbd69657a,9,SEARCH,2026-02-21T16:16:53.325067
e400a7b4-49fc-4f34-8ee1-eb1089a0a1e4,23,SEARCH,2026-02-21T16:18:53.325067
018919ec-9fdc-4f12-8176-8ae69ac2b00c,14,SEARCH,2026-02-21T16:20:53.325067
15638f0f-2c5f-4501-accc-7180adec7352,6,SEARCH,2026-02-21T16:24:53.325067
5726b442-95dd-4d17-9d43-25648739720c,12,SEARCH,2026-02-21T16:25:53.325067
e5635040-1736-4b05-9eaf-c6d0eca3b36b,20,SEARCH,2026-02-21T16:35:53.325067
482db056-98f2-4992-b2ac-4d904f495e51,11,PURCHASE,2026-02-21T16:35:53.325067
75d49fe9-872c-4b3a-86dc-1932937fee8a,24,SEARCH,2026-02-21T16:35:53.325067
483f4ce6-409d-4630-911f-f580fc8e4081,14,SEARCH,2026-02-21T16:40:53.325067
16e66dc7-20a0-40d0-b443-52fdad377a39,10,SEARCH,2026-02-21T16:41:53.325067
08c339e5-d7df-4047-8cf4-d409a9dfb6ab,12,SEARCH,2026-02-21T16:43:53.325067
918a7dab-fad0-4b26-8de2-2fcadd0fc18f,6,PURCHASE,2026-02-21T16:52:53.325067
c323d4f0-2ea5-4c35-9ed7-eb6f37c442a8,13,SEARCH,2026-02-21T16:54:53.325067
4738e68f-b0ba-40cf-a34e-28d8c2e45516,4,SEARCH,2026-02-21T17:03:53.325067
fc14e347-43c5-4ea0-9f5a-84ac3ced980d,28,SEARCH,2026-02-21T17:04:53.325067
be4f84e9-09e7-4d00-85b6-9d8d779b1eb2,11,SEARCH,2026-02-21T17:06:53.325067
58e6b90e-7ffb-4711-8a7a-d4cc429e2e2f,33,SEARCH,2026-02-21T17:12:53.325067
147ac0ae-d8fe-4eed-8053-f2e45c8d9a0b,16,SEARCH,2026-02-21T17:15:53.325067
7771832c-852f-4810-a1fd-f125909e786d,24,PURCHASE,2026-02-21T17:24:53.325067
049d9430-a8c1-4b84-abb6-f4a7d83457ee,14,SEARCH,2026-02-21T17:39:53.325067
a8b6a507-8fe3-4898-9d4d-1e3179236159,7,SEARCH,2026-02-21T17:46:53.325067
d21cd464-e517-42cd-81cb-f6bce7ede675,30,SEARCH,2026-02-21T18:09:53.325067
a9346e7e-17e3-4628-ad19-3b8932ed9b4d,13,SEARCH,2026-02-21T18:17:53.325067
34a73aeb-dde0-4b34-8616-a11e680d89b5,9,SEARCH,2026-02-21T18:20:53.325067
73fe18cf-94b1-4974-bdc7-7cc358c52e03,20,PURCHASE,2026-02-21T18:35:53.325067
39356aa4-1005-4f5d-873e-2bedf8ab70b6,4,PURCHASE,2026-02-21T18:37:53.325067
e6051a4d-abd3-44a0-916c-40d50fc0f738,8,SEARCH,2026-02-21T18:46:53.325067
6a02f2af-bf52-4219-a484-36c3503deea8,27,SEARCH,2026-02-21T18:50:53.325067
be9356ce-e999-4003-9fdd-02d9422dba77,26,SEARCH,2026-02-21T18:57:53.325067
f2264fb0-f9a4-4943-baa1-3cd4f092e0d0,5,SEARCH,2026-02-21T18:58:53.325067
60c0cadf-a5e5-43fd-965f-2aca4f4ed21e,14,SEARCH,2026-02-21T19:03:53.325067
be9356ce-e999-4003-9fdd-02d9422dba77,24,SEARCH,2026-02-21T19:15:53.325067
3543cf5f-f9e4-45cc-853e-61e31cdf3d23,11,SEARCH,2026-02-21T19:21:53.325067
99a0f925-6e74-4262-b2c2-7923c909af64,8,SEARCH,2026-02-21T19:22:53.325067
e0a9d7da-890c-4d19-aa6d-18ae709ee7c3,4,SEARCH,2026-02-21T19:22:53.325067
8ff32a31-17ef-4383-b1da-c325a30d8972,16,SEARCH,2026-02-21T19:25:53.325067
9c8f276e-86ba-4f0a-8a32-5ed55f5cc597,9,SEARCH,2026-02-21T19:35:53.325067
1844715d-6c92-4eb9-b947-dc14a551090f,20,SEARCH,2026-02-21T19:40:53.325067
90b4b949-3ac4-4655-a229-286c9bd897ec,10,SEARCH,2026-02-21T19:52:53.325067
37fe6ce2-628b-4a7a-b843-6301327f59b9,15,SEARCH,2026-02-21T20:01:53.325067
35d284a5-0206-48ba-940a-d3f5eeca6f5a,15,SEARCH,2026-02-21T20:19:53.325067
5adc5e8e-3072-4753-befd-147c4de46bb2,21,SEARCH,2026-02-21T20:21:53.325067
997877d2-c5e2-4aff-ab06-e7dfd522f8cf,33,SEARCH,2026-02-21T20:32:53.325067
0ce550f0-2261-430c-87e4-108642207c14,5,SEARCH,2026-02-21T20:39:53.325067
ffc7c64f-dde1-44f2-9cf7-74e6493333b1,16,SEARCH,2026-02-21T20:47:53.325067
483f4ce6-409d-4630-911f-f580fc8e4081,9,SEARCH,2026-02-21T20:52:53.325067
5bd2b13f-2c10-4795-b1e4-c9a840aaece9,18,SEARCH,2026-02-21T21:00:53.325067
35d284a5-0206-48ba-940a-d3f5eeca6f5a,24,SEARCH,2026-02-21T21:15:53.325067
313a75c2-6499-4c10-ab25-7c04da298bcb,23,SEARCH,2026-02-21T21:20:53.325067
c24a1f2c-e995-4ab7-b371-51f3919a5d97,11,SEARCH,2026-02-21T21:26:53.325067
ff549393-31f3-414b-818d-aba373db6163,15,SEARCH,2026-02-21T21:36:53.325067
7ec54411-de28-43fa-a070-67fc7e1239d4,10,SEARCH,2026-02-21T21:44:53.325067
01e53c67-0cb2-4f21-8eee-ef6246003908,6,SEARCH,2026-02-21T21:58:53.325067
75e4a6e3-1c6c-4926-a5ac-2bfccf017440,10,SEARCH,2026-02-21T22:12:53.325067
e6adaca6-d504-473e-98eb-50e97661d70d,14,SEARCH,2026-02-21T22:16:53.325067
30725a43-4ef2-4381-8299-b5e965efb313,14,SEARCH,2026-02-21T22:28:53.325067
e698bee2-3a4d-4773-bbb1-ea8778919f86,6,SEARCH,2026-02-21T22:34:53.325067
1656ea37-9d31-40a9-89f2-4986e158ea4b,14,PURCHASE,2026-02-21T22:44:53.325067
c9a94ebb-ba55-4f77-a535-b3b156e8cd6c,18,SEARCH,2026-02-21T22:51:53.325067
58f53eb2-ec53-4e5d-bb22-a1c097ab9cec,29,SEARCH,2026-02-21T23:08:53.325067
025da52c-3daa-4ade-be62-1f35affd5e4d,15,PURCHASE,2026-02-21T23:08:53.325067
52abc553-3b64-471c-b98c-edcb66b4a155,19,SEARCH,2026-02-21T23:38:53.325067
f989b4c3-a07f-4c59-bf58-a8e48cb67c2c,10,SEARCH,2026-02-21T23:41:53.325067
13226df5-061b-4a9f-b90c-461443dc42a6,12,SEARCH,2026-02-21T23:45:53.325067
e8b648b5-cc25-4d43-904e-4c720bd6b748,17,SEARCH,2026-02-21T23:47:53.325067
e1f9159b-0c8e-4734-a379-c6745ef1486c,10,SEARCH,2026-02-21T23:48:53.325067
b35e0ba4-5b13-4e14-8262-969524977292,18,SEARCH,2026-02-21T23:56:53.325067
fc14e347-43c5-4ea0-9f5a-84ac3ced980d,11,PURCHASE,2026-02-21T23:59:53.325067
7771832c-852f-4810-a1fd-f125909e786d,6,SEARCH,2026-02-22T00:08:53.325067
20f0883d-d9be-484b-b68a-a5737eeae40a,8,SEARCH,2026-02-22T00:30:53.325067
f8651bba-e11f-4f31-9157-8ea01fc8309a,6,PURCHASE,2026-02-22T00:40:53.325067
4ba1e89e-4107-41af-9d43-5feed90d28fc,14,SEARCH,2026-02-22T00:43:53.325067
ae1e8831-0783-4359-9259-63a1ac78a340,18,PURCHASE,2026-02-22T00:44:53.325067
a583ef34-aa92-4f8d-b127-f99f7b6f094a,21,SEARCH,2026-02-22T00:45:53.325067
cd353de9-6e32-40d6-9c2d-680726598e91,38,PURCHASE,2026-02-22T00:53:53.325067
771db771-b160-40df-bdda-3c4effd1c9b7,15,PURCHASE,2026-02-22T00:58:53.325067
8d48589b-224d-4458-ab9a-bf947357f7bf,30,SEARCH,2026-02-22T01:00:53.325067
72b6e864-78a7-4e9c-96fe-6840cbd0bd9e,9,SEARCH,2026-02-22T01:07:53.325067
20bce24e-5929-483e-88f3-868a841043e0,14,SEARCH,2026-02-22T01:24:53.325067
d37ea336-c09e-43fc-98d9-b4fa1cbdfe96,27,SEARCH,2026-02-22T01:31:53.325067
c2208498-58e8-4a60-aee9-784ba412ecce,8,SEARCH,2026-02-22T01:36:53.325067
18e9d94d-07bd-4efa-be63-e36cea6f79a4,16,SEARCH,2026-02-22T01:55:53.325067
2215fb8b-67c1-4f89-bfd5-52d068c5ca4f,23,SEARCH,2026-02-22T01:55:53.325067
e9903e8d-7458-4f4f-9745-a59f893cc56c,27,SEARCH,2026-02-22T01:58:53.325067
a3a3e7fd-0509-4231-a9f5-b23f1c697f12,28,SEARCH,2026-02-22T01:58:53.325067
e0a9d7da-890c-4d19-aa6d-18ae709ee7c3,10,SEARCH,2026-02-22T02:01:53.325067
659760cc-0f68-416d-a3b0-c36876d92e07,5,SEARCH,2026-02-22T02:13:53.325067
25a9a47e-8243-4dd7-a1ea-c6a1291bd002,11,SEARCH,2026-02-22T02:18:53.325067
46d4641b-2c5a-41da-b0c1-daae8c4e9be9,6,PURCHASE,2026-02-22T02:24:53.325067
f8651bba-e11f-4f31-9157-8ea01fc8309a,23,PURCHASE,2026-02-22T02:28:53.325067
1daf6cb5-b47b-4197-89f2-3e9e8659bdc1,8,SEARCH,2026-02-22T03:00:53.325067
d9ca6b6a-45ce-4b4a-8b51-78b07e3e6adb,13,SEARCH,2026-02-22T03:01:53.325067
a266d188-7a9f-4b44-b73e-2d7af82b6ca9,13,SEARCH,2026-02-22T03:08:53.325067
f56e5db2-c63d-432e-ab21-652e585a1229,6,SEARCH,2026-02-22T03:27:53.325067
84532ebd-82c9-4c67-b7ea-55c3ece9c7a4,26,PURCHASE,2026-02-22T03:39:53.325067
25f6d082-6a51-413b-9783-0f019a400f42,8,PURCHASE,2026-02-22T03:39:53.325067
649ec5cb-fa6d-406d-a416-6a6933954f79,19,SEARCH,2026-02-22T03:43:53.325067
5b5ca9f4-bcca-4a64-9f37-442e28c71e88,13,PURCHASE,2026-02-22T04:20:53.325067
b635d7c5-712e-4ec6-b70c-134b9c948fd8,11,SEARCH,2026-02-22T04:21:53.325067
6d5292b3-ee9a-4f00-b7a3-bc17f80f166f,7,SEARCH,2026-02-22T04:28:53.325067
c24a1f2c-e995-4ab7-b371-51f3919a5d97,16,SEARCH,2026-02-22T04:31:53.325067
0136a4e4-4cf3-4568-a345-e6c1ac040b27,16,SEARCH,2026-02-22T04:36:53.325067
1248e958-b915-4c0e-bdde-efe06a0fa923,16,SEARCH,2026-02-22T04:43:53.325067
33163f98-d950-4322-9e3b-be0c9314f97f,21,SEARCH,2026-02-22T05:01:53.325067
023d151c-6757-4419-87e2-88e1c2687a07,23,SEARCH,2026-02-22T05:37:53.325067
aa5b2f50-8c9f-47cd-9860-186f7200044e,28,SEARCH,2026-02-22T05:41:53.325067
80cc2ae5-5000-4948-82e6-cd47416f1529,10,SEARCH,2026-02-22T05:48:53.325067
a8b6a507-8fe3-4898-9d4d-1e3179236159,22,SEARCH,2026-02-22T05:55:53.325067
abfb412e-37c0-489f-9efe-79058e16df0d,26,SEARCH,2026-02-22T06:02:53.325067
242c3f83-43b1-408e-b05b-6fc2ed10168f,30,SEARCH,2026-02-22T06:20:53.325067
255a0ae0-2e95-4caf-95fc-b6b01608ce02,4,SEARCH,2026-02-22T06:23:53.325067
0ebfddde-402d-4f23-90ec-1f60f3a58d80,8,SEARCH,2026-02-22T06:28:53.325067
b1b1b89a-fee0-4235-8467-73910d194ed8,25,SEARCH,2026-02-22T06:32:53.325067
61eeeca9-226b-4492-9998-205f7a300447,20,SEARCH,2026-02-22T07:20:53.325067
791aa91a-97a8-4d4c-ae8b-c16f01ef3be0,3,SEARCH,2026-02-22T07:40:53.325067
39356aa4-1005-4f5d-873e-2bedf8ab70b6,4,SEARCH,2026-02-22T07:46:53.325067
952e40d1-9bb7-4e22-8bab-97cf9e8f7a1e,7,SEARCH,2026-02-22T07:48:53.325067
0ebfddde-402d-4f23-90ec-1f60f3a58d80,11,PURCHASE,2026-02-22T07:56:53.325067
a809b711-aa64-4474-8e48-d243ab6f8baf,25,SEARCH,2026-02-22T07:57:53.325067
a2e7871b-6fe3-4322-aa44-f620c1694932,6,SEARCH,2026-02-22T08:01:53.325067
d822cfc8-2e23-41a3-bb09-ddbc0af60dfa,14,SEARCH,2026-02-22T08:10:53.325067
57a0ee7c-be22-482d-83db-f232845aaf0a,7,PURCHASE,2026-02-22T08:33:53.325067
cc07b342-7e38-49da-924a-c9a0b47d3972,6,SEARCH,2026-02-22T08:47:53.325067
1656ea37-9d31-40a9-89f2-4986e158ea4b,7,SEARCH,2026-02-22T08:54:53.325067
905d306a-e61c-4450-8d56-c3c9d8cf6ec1,27,PURCHASE,2026-02-22T09:11:53.325067
a2e7871b-6fe3-4322-aa44-f620c1694932,21,PURCHASE,2026-02-22T09:29:53.325067
f491c077-9c9e-4db6-9825-b5c397ad2a60,17,SEARCH,2026-02-22T09:46:53.325067
67fc04f2-f83c-49fc-bf0a-b7acd06a81dc,11,SEARCH,2026-02-22T09:52:53.325067
5adc5e8e-3072-4753-befd-147c4de46bb2,15,SEARCH,2026-02-22T10:31:53.325067
65b00138-3ad1-4210-8326-f5f0f920a927,8,PURCHASE,2026-02-22T10:36:53.325067
94e4d379-358e-468b-8f7c-126dbbb289fa,19,SEARCH,2026-02-22T10:45:53.325067
cd4ee3a2-47e1-4627-b2b7-51c6b6e70707,6,SEARCH,2026-02-22T10:51:53.325067
ff66b882-8c64-4453-96af-33ea3fc977ae,6,SEARCH,2026-02-22T10:51:53.325067
32363098-54ef-4853-93c8-083b04b5aa7f,8,SEARCH,2026-02-22T10:58:53.325067
71852831-90ad-4deb-9abc-4a1baee33cb6,24,SEARCH,2026-02-22T11:30:53.325067
930b3803-3763-494c-9c8e-f522f4a0184d,18,SEARCH,2026-02-22T11:35:53.325067
ab10de25-9543-4ead-9a7e-ef5d55b2e648,5,SEARCH,2026-02-22T11:54:53.325067
d58a8e77-5dfb-4e2a-9cb2-4ca81ba24791,9,SEARCH,2026-02-22T11:58:53.325067
0ebfddde-402d-4f23-90ec-1f60f3a58d80,30,SEARCH,2026-02-22T12:07:53.325067
e0a9d7da-890c-4d19-aa6d-18ae709ee7c3,6,SEARCH,2026-02-22T12:10:53.325067
147ac0ae-d8fe-4eed-8053-f2e45c8d9a0b,11,SEARCH,2026-02-22T12:27:53.325067
1844715d-6c92-4eb9-b947-dc14a551090f,16,SEARCH,2026-02-22T12:43:53.325067
7583157b-c485-47ba-a784-d27950bebdca,24,SEARCH,2026-02-22T12:50:53.325067
a35b5e7f-b562-4240-9e36-2a1fa2f5fe51,14,SEARCH,2026-02-22T12:55:53.325067
1248e958-b915-4c0e-bdde-efe06a0fa923,17,SEARCH,2026-02-22T13:05:53.325067
829dfd5f-4297-4a1a-b229-c9152f168d4a,17,SEARCH,2026-02-22T13:26:53.325067
b5ee5466-b470-4bfd-995c-77ee91769403,10,SEARCH,2026-02-22T13:31:53.325067
c2ed763e-ec0e-4b59-b7ff-b2d4bc4f294b,9,SEARCH,2026-02-22T13:33:53.325067
24386d05-3573-49b9-aed4-54347fb9ca2b,24,SEARCH,2026-02-22T13:49:53.325067
c64b9411-6286-45b6-9c58-4b7809b57cf9,19,SEARCH,2026-02-22T13:53:53.325067
d21cd464-e517-42cd-81cb-f6bce7ede675,27,SEARCH,2026-02-22T13:56:53.325067
72b6e864-78a7-4e9c-96fe-6840cbd0bd9e,6,SEARCH,2026-02-22T14:06:53.325067
fcf4e7de-ac03-4e81-99f9-b10b754c96a3,20,SEARCH,2026-02-22T14:15:53.325067
5726b442-95dd-4d17-9d43-25648739720c,13,SEARCH,2026-02-22T14:15:53.325067
5726b442-95dd-4d17-9d43-25648739720c,24,SEARCH,2026-02-22T14:26:53.325067
71852831-90ad-4deb-9abc-4a1baee33cb6,19,SEARCH,2026-02-22T14:32:53.325067
7a9371cb-01a9-499f-86f5-d0bd6452b509,18,SEARCH,2026-02-22T14:58:53.325067
69e263ee-7429-4a8d-8504-5817a13a7c44,28,SEARCH,2026-02-22T15:01:53.325067
ea88356f-27fa-4a01-82ca-d699a940f2b2,36,SEARCH,2026-02-22T15:01:53.325067
990e87ab-835e-4dc4-8e87-09a6add62ed7,5,SEARCH,2026-02-22T15:10:53.325067
2b95a003-e0b9-4cd7-b99d-90bbfffcfde0,15,SEARCH,2026-02-22T15:24:53.325067
28a26108-200f-46bb-9093-30aea0e6b424,24,SEARCH,2026-02-22T15:33:53.325067
b6a94374-7d42-4029-a262-dbf92b8615ed,16,SEARCH,2026-02-22T15:33:53.325067
39240802-bb56-4802-b2c3-7ce6909d2480,16,SEARCH,2026-02-22T15:47:53.325067
da12df1d-55f9-4f50-8846-73974e7a3589,30,SEARCH,2026-02-22T15:51:53.325067
eae4987c-f9cc-4e78-ac55-f53f9f963a42,16,SEARCH,2026-02-22T15:56:53.325067
c830beb8-36fa-491c-9280-eb536a6eeb4f,6,SEARCH,2026-02-22T16:23:53.325067
649ec5cb-fa6d-406d-a416-6a6933954f79,11,PURCHASE,2026-02-22T16:37:53.325067
b1b1b89a-fee0-4235-8467-73910d194ed8,18,SEARCH,2026-02-22T16:57:53.325067
61e2bd04-bc08-4f83-a50c-ca72347e4c0d,14,SEARCH,2026-02-22T17:21:53.325067
e2976eab-3b7d-4868-9006-80626218e2d1,17,SEARCH,2026-02-22T17:23:53.325067
a9997e2c-1247-4e74-9f46-182e61dd09f2,19,SEARCH,2026-02-22T17:26:53.325067
28b67510-16da-4c77-896b-2ffba172b497,23,SEARCH,2026-02-22T17:42:53.325067
7981a1ff-35a7-4d84-9f26-48042b761273,6,PURCHASE,2026-02-22T17:51:53.325067
0ebfddde-402d-4f23-90ec-1f60f3a58d80,10,PURCHASE,2026-02-22T17:56:53.325067
9463cdf4-2301-41a4-aba5-f74c1946ae9d,18,SEARCH,2026-02-22T17:59:53.325067
97636ebc-d14c-457f-9ca9-d5e89042ecac,18,SEARCH,2026-02-22T18:02:53.325067
d0dfd001-aa3f-40c1-8c8d-6d5a0594735b,17,SEARCH,2026-02-22T18:12:53.325067
e713fcfa-0921-4f87-9b0b-f4fea9c533b3,5,SEARCH,2026-02-22T18:18:53.325067
82f01968-17c4-4417-a691-e7a2988e5978,8,SEARCH,2026-02-22T18:27:53.325067
ae1e8831-0783-4359-9259-63a1ac78a340,17,SEARCH,2026-02-22T18:30:53.325067
a002615b-76fb-4fc4-b07f-41e5ae4b2c8b,19,SEARCH,2026-02-22T18:36:53.325067
1aeab7f6-de86-4010-bc33-de2b26dc48d9,6,SEARCH,2026-02-22T18:38:53.325067
b4e35238-0ed8-4b94-8821-f723d26ed22c,9,PURCHASE,2026-02-22T18:47:53.325067
98007922-1f86-4b8e-b8a1-c8f08d97f8d9,26,SEARCH,2026-02-22T19:08:53.325067
9b42292f-a51f-4d75-8725-5d2ab7b41c74,14,SEARCH,2026-02-22T19:09:53.325067
7583157b-c485-47ba-a784-d27950bebdca,28,SEARCH,2026-02-22T19:13:53.325067
8c83272a-9e38-4894-9116-5734b90f6da3,17,PURCHASE,2026-02-22T19:24:53.325067
631e86cf-35a6-4045-af3c-160a94ce637b,3,SEARCH,2026-02-22T19:34:53.325067
9a65e84a-85cc-479a-9c97-480ce62d2100,28,SEARCH,2026-02-22T19:38:53.325067
0d626224-6601-4454-8228-d48324dffd72,4,PURCHASE,2026-02-22T19:46:53.325067
41aabca9-3913-4b03-930d-6c49127df644,11,SEARCH,2026-02-22T19:51:53.325067
90b8a8f0-b1ab-476a-9f6e-1b4935b5c76f,31,SEARCH,2026-02-22T19:54:53.325067
a9a7ad70-48a1-4c4b-a7d0-51e7f1c0081c,24,SEARCH,2026-02-22T20:12:53.325067
0e881dc0-e5d7-42ac-b53d-4ef8f745502a,10,SEARCH,2026-02-22T20:18:53.325067
494a6b18-4354-4af1-89e1-cb307e55c9eb,31,SEARCH,2026-02-22T20:30:53.325067
82f01968-17c4-4417-a691-e7a2988e5978,3,SEARCH,2026-02-22T20:52:53.325067
16e66dc7-20a0-40d0-b443-52fdad377a39,19,SEARCH,2026-02-22T21:01:53.325067
39356aa4-1005-4f5d-873e-2bedf8ab70b6,5,SEARCH,2026-02-22T21:01:53.325067
890da6f7-a41d-4719-9d26-58ed800a02f8,7,PURCHASE,2026-02-22T21:33:53.325067
e1f9159b-0c8e-4734-a379-c6745ef1486c,8,SEARCH,2026-02-22T21:47:53.325067
30105cba-fafd-492e-be7e-b1e0ac9e282d,9,PURCHASE,2026-02-22T21:54:53.325067
f235ab0f-557a-40dd-afaa-9ea9983aeb5f,15,SEARCH,2026-02-22T21:57:53.325067
d6f65542-48fa-4984-bb0f-49c757934d5a,14,SEARCH,2026-02-22T22:04:53.325067
9f1cfd91-01fa-41a2-a636-af0b8b4ade9f,25,SEARCH,2026-02-22T22:04:53.325067
41ee7aa6-429b-4629-8b57-1eb39489d14d,12,SEARCH,2026-02-22T22:14:53.325067
af55ce6d-8ccc-4ab6-aedb-2a0ab42a12e3,5,PURCHASE,2026-02-22T22:23:53.325067
48493cc2-eb14-4ea1-a460-40c419e10aaa,10,SEARCH,2026-02-22T22:29:53.325067
ff9c1a41-68e5-45af-b6a7-b78af120e27c,2,SEARCH,2026-02-22T22:32:53.325067
abb9826b-4bb0-4c47-b79d-ea82adf92050,9,SEARCH,2026-02-22T22:38:53.325067
c323d4f0-2ea5-4c35-9ed7-eb6f37c442a8,19,SEARCH,2026-02-22T22:47:53.325067
45b4e5b2-5e91-4e33-a1f3-bcc3cd492b2b,24,SEARCH,2026-02-22T22:49:53.325067
a2cab50a-a546-4179-b87c-d78b53283047,12,SEARCH,2026-02-22T22:53:53.325067
cb9726b6-0a1f-4ad1-8362-4a50548667ba,27,PURCHASE,2026-02-22T23:16:53.325067
84532ebd-82c9-4c67-b7ea-55c3ece9c7a4,38,SEARCH,2026-02-22T23:17:53.325067
f7ead430-c618-4c5a-91a0-c628782dadfc,42,PURCHASE,2026-02-22T23:19:53.325067
494a6b18-4354-4af1-89e1-cb307e55c9eb,11,SEARCH,2026-02-22T23:20:53.325067
f539cbba-8e63-49a0-888f-a69e5387f5e7,3,SEARCH,2026-02-22T23:23:53.325067
c9a94ebb-ba55-4f77-a535-b3b156e8cd6c,4,SEARCH,2026-02-22T23:33:53.325067
aa6b21a4-8c72-4957-9afa-6231cd81b533,23,SEARCH,2026-02-22T23:49:53.325067
cd4ee3a2-47e1-4627-b2b7-51c6b6e70707,28,PURCHASE,2026-02-23T00:03:53.325067
58e6b90e-7ffb-4711-8a7a-d4cc429e2e2f,9,PURCHASE,2026-02-23T00:05:53.325067
a2cab50a-a546-4179-b87c-d78b53283047,9,SEARCH,2026-02-23T00:19:53.325067
42052f5a-939c-4821-aaab-9e8fc026ddcd,11,SEARCH,2026-02-23T00:30:53.325067
7583157b-c485-47ba-a784-d27950bebdca,10,SEARCH,2026-02-23T00:46:53.325067
c21ec16c-cc3d-45fa-be76-9ffc68d79ae3,20,SEARCH,2026-02-23T00:47:53.325067
d0dfd001-aa3f-40c1-8c8d-6d5a0594735b,6,SEARCH,2026-02-23T00:48:53.325067
1ef1084f-e562-4722-b60f-a03cb724022e,29,SEARCH,2026-02-23T01:15:53.325067
06589e07-2571-41d1-a784-6361a9ad35b1,18,PURCHASE,2026-02-23T01:22:53.325067
ceb9a5ba-9a79-4f1b-b8f4-27e6afad4574,24,PURCHASE,2026-02-23T01:35:53.325067
ed8d870f-57f0-4c43-81e2-8db499511c37,7,SEARCH,2026-02-23T01:54:53.325067
b5f25644-f131-468f-b987-44f29cbc0ba6,7,SEARCH,2026-02-23T02:14:53.325067
c830beb8-36fa-491c-9280-eb536a6eeb4f,11,SEARCH,2026-02-23T02:19:53.325067
4bd6b982-dac9-4d73-b582-eeda940ab590,10,SEARCH,2026-02-23T02:23:53.325067
e83eb82f-1852-4dc1-91a8-74d876cf69ef,13,SEARCH,2026-02-23T02:24:53.325067
182ef987-a6d6-4329-abe8-2da0782d5dfb,6,SEARCH,2026-02-23T02:32:53.325067
b98cd1f3-3b05-4f31-9a57-b968715100b3,19,SEARCH,2026-02-23T03:26:53.325067
1aeab7f6-de86-4010-bc33-de2b26dc48d9,8,SEARCH,2026-02-23T03:54:53.325067
d21cd464-e517-42cd-81cb-f6bce7ede675,19,SEARCH,2026-02-23T04:06:53.325067
77097335-9bf1-4ce5-a34c-c9cb92e53352,20,SEARCH,2026-02-23T04:22:53.325067
bf25f2cc-5280-4b7d-955d-1f98969c2450,6,SEARCH,2026-02-23T04:24:53.325067
8cd8d36b-2249-410a-863c-4887671d5e9c,25,SEARCH,2026-02-23T04:27:53.325067
e784cea5-091b-44e9-bafa-a30bf09488b3,13,SEARCH,2026-02-23T04:29:53.325067
d4770df7-1eb0-4af7-8f6f-e9563e68b661,3,SEARCH,2026-02-23T04:30:53.325067
d1d3a393-8a5c-47fb-b5bc-9297839685ee,13,PURCHASE,2026-02-23T04:41:53.325067
6747140c-efd0-4e7b-989d-bdffb18081a8,20,SEARCH,2026-02-23T04:42:53.325067
49aa35fa-fc76-44c6-a7dc-7c8b42da8859,11,PURCHASE,2026-02-23T04:47:53.325067
34a73aeb-dde0-4b34-8616-a11e680d89b5,11,SEARCH,2026-02-23T04:49:53.325067
d7e15291-054f-4cef-9258-1af87c8a1dc4,20,SEARCH,2026-02-23T05:09:53.325067
77097335-9bf1-4ce5-a34c-c9cb92e53352,11,SEARCH,2026-02-23T05:19:53.325067
d7e77be1-9611-427c-9c23-b257a02e74d2,30,SEARCH,2026-02-23T05:27:53.325067
8cb126e9-21f0-4b02-90b2-c15e6504b750,29,SEARCH,2026-02-23T05:52:53.325067
2d604157-6dd3-49cd-8d09-518c32ac42d1,35,SEARCH,2026-02-23T06:05:53.325067
8e4ec77c-6c3e-43c0-9afa-ef07d9f92ffd,17,SEARCH,2026-02-23T06:15:53.325067
433f9cd8-a64b-42cc-8304-054b6770950f,27,SEARCH,2026-02-23T06:23:53.325067
edc9014e-4596-4b2b-bf2c-4ce00a2724d1,7,SEARCH,2026-02-23T06:38:53.325067
90106b81-6da1-4962-b339-2e4818d625ca,17,SEARCH,2026-02-23T06:40:53.325067
5283ccce-a054-40e5-b753-f8fac4704baf,29,SEARCH,2026-02-23T06:45:53.325067
19fa6e83-b771-4a97-ae21-c241e196de8e,24,SEARCH,2026-02-23T06:47:53.325067
d1d39266-15c0-4b5b-a8e5-8cdea23f9a93,23,SEARCH,2026-02-23T06:54:53.325067
41aabca9-3913-4b03-930d-6c49127df644,17,PURCHASE,2026-02-23T06:54:53.325067
d68a52f6-e14d-436a-b6bd-8a499a1e564d,17,SEARCH,2026-02-23T07:04:53.325067
6e5d0363-9bbc-44da-99f4-4d57c280690a,17,PURCHASE,2026-02-23T07:06:53.325067
255a0ae0-2e95-4caf-95fc-b6b01608ce02,11,SEARCH,2026-02-23T07:20:53.325067
4738e68f-b0ba-40cf-a34e-28d8c2e45516,7,SEARCH,2026-02-23T07:21:53.325067
6491a90a-1252-4522-a4aa-568e054ea3e6,17,SEARCH,2026-02-23T07:47:53.325067
06589e07-2571-41d1-a784-6361a9ad35b1,17,SEARCH,2026-02-23T07:51:53.325067
6b3f9a86-54b2-440b-bc2e-1b1f1c640d49,13,SEARCH,2026-02-23T07:56:53.325067
6eab0579-7d84-4c14-93f7-7afac138240b,16,SEARCH,2026-02-23T08:08:53.325067
74c694be-f2f1-48b5-9fbb-0a6233a71792,7,SEARCH,2026-02-23T08:11:53.325067
a9346e7e-17e3-4628-ad19-3b8932ed9b4d,20,SEARCH,2026-02-23T08:26:53.325067
550a571a-5410-405b-bb49-ee5a46ec245b,27,SEARCH,2026-02-23T08:42:53.325067
58e6b90e-7ffb-4711-8a7a-d4cc429e2e2f,9,SEARCH,2026-02-23T08:42:53.325067
7f6ddb48-9c93-4ada-b720-e394f9da044e,12,SEARCH,2026-02-23T08:56:53.325067
6a02f2af-bf52-4219-a484-36c3503deea8,8,SEARCH,2026-02-23T08:56:53.325067
4f3f236e-eaa9-436d-81ef-0c13dab5154f,5,PURCHASE,2026-02-23T09:06:53.325067
cd353de9-6e32-40d6-9c2d-680726598e91,9,SEARCH,2026-02-23T09:08:53.325067
575a857f-54be-428f-8863-5245aca9ebd4,36,SEARCH,2026-02-23T09:08:53.325067
1e682063-354b-4a0a-b1fb-d4744df87fb1,8,SEARCH,2026-02-23T09:10:53.325067
6eab0579-7d84-4c14-93f7-7afac138240b,12,SEARCH,2026-02-23T09:11:53.325067
abfb412e-37c0-489f-9efe-79058e16df0d,15,SEARCH,2026-02-23T09:18:53.325067
ffa5c930-300a-4e34-a99e-bf085c6d3432,18,PURCHASE,2026-02-23T09:38:53.325067
b5f25644-f131-468f-b987-44f29cbc0ba6,17,PURCHASE,2026-02-23T09:46:53.325067
a583ef34-aa92-4f8d-b127-f99f7b6f094a,17,SEARCH,2026-02-23T10:06:53.325067
9ccd0da8-437a-4a8f-a695-55c0be365599,6,SEARCH,2026-02-23T10:06:53.325067
6d5292b3-ee9a-4f00-b7a3-bc17f80f166f,9,SEARCH,2026-02-23T10:22:53.325067
46d4641b-2c5a-41da-b0c1-daae8c4e9be9,17,PURCHASE,2026-02-23T10:26:53.325067
16e66dc7-20a0-40d0-b443-52fdad377a39,19,SEARCH,2026-02-23T10:32:53.325067
1e682063-354b-4a0a-b1fb-d4744df87fb1,18,SEARCH,2026-02-23T10:36:53.325067
e739eb39-5034-468c-b5e7-b7c1679c2f05,16,SEARCH,2026-02-23T10:37:53.325067
fcf4e7de-ac03-4e81-99f9-b10b754c96a3,15,SEARCH,2026-02-23T10:37:53.325067
3543cf5f-f9e4-45cc-853e-61e31cdf3d23,18,SEARCH,2026-02-23T10:40:53.325067
21dae28c-1b0b-4331-9a64-bfec29296aab,8,SEARCH,2026-02-23T10:44:53.325067
631e86cf-35a6-4045-af3c-160a94ce637b,7,PURCHASE,2026-02-23T11:02:53.325067
b3d5b452-8ff5-4c78-9a69-0f08e2dbd3a6,11,PURCHASE,2026-02-23T11:02:53.325067
6a96c77d-5b1a-447c-a920-c59619c1a042,11,SEARCH,2026-02-23T11:24:53.325067
45ae47a9-2614-40b2-84b3-530b061ae6f3,8,SEARCH,2026-02-23T11:27:53.325067
1844715d-6c92-4eb9-b947-dc14a551090f,43,SEARCH,2026-02-23T11:41:53.325067
b20079f1-1592-49c2-8197-ef8085ad0348,32,SEARCH,2026-02-23T11:53:53.325067
78376492-dfe4-4410-8dc6-4d19ec461fec,14,PURCHASE,2026-02-23T11:58:53.325067
225e16c3-0e71-4167-a4bf-05fd86a3077d,11,SEARCH,2026-02-23T12:04:53.325067
e0a9d7da-890c-4d19-aa6d-18ae709ee7c3,14,SEARCH,2026-02-23T12:06:53.325067
4841323c-9834-439e-a84f-71a77a9d4d1c,5,SEARCH,2026-02-23T12:14:53.325067
f7ead430-c618-4c5a-91a0-c628782dadfc,23,SEARCH,2026-02-23T12:20:53.325067
1656ea37-9d31-40a9-89f2-4986e158ea4b,23,SEARCH,2026-02-23T12:26:53.325067
e9a8ef61-8f21-4a1e-a326-fb36dd78499f,9,SEARCH,2026-02-23T12:44:53.325067
6eab0579-7d84-4c14-93f7-7afac138240b,26,SEARCH,2026-02-23T12:50:53.325067
69e263ee-7429-4a8d-8504-5817a13a7c44,5,PURCHASE,2026-02-23T13:03:53.325067
9daf70ca-0e57-4862-90bc-00be9bbcd923,17,SEARCH,2026-02-23T13:12:53.325067
3af5dfea-d509-43c2-b0d4-9fbc5a1f50eb,9,SEARCH,2026-02-23T13:13:53.325067
cced0094-90fa-45a3-9711-dd4566cd0f92,28,PURCHASE,2026-02-23T13:14:53.325067
5adc5e8e-3072-4753-befd-147c4de46bb2,10,SEARCH,2026-02-23T13:16:53.325067
d08f1b46-5424-4de2-9a3b-0c0c9a656260,14,SEARCH,2026-02-23T13:19:53.325067
3d00c004-102c-4633-8a05-ddb656eac2f6,8,SEARCH,2026-02-23T13:25:53.325067
049d9430-a8c1-4b84-abb6-f4a7d83457ee,22,SEARCH,2026-02-23T13:33:53.325067
993f0dbf-2553-415d-9d50-be9b0928e9b7,33,PURCHASE,2026-02-23T13:35:53.325067
a9346e7e-17e3-4628-ad19-3b8932ed9b4d,12,SEARCH,2026-02-23T13:44:53.325067
c2208498-58e8-4a60-aee9-784ba412ecce,17,SEARCH,2026-02-23T14:05:53.325067
f56e5db2-c63d-432e-ab21-652e585a1229,3,SEARCH,2026-02-23T14:08:53.325067
cd4ee3a2-47e1-4627-b2b7-51c6b6e70707,20,SEARCH,2026-02-23T14:09:53.325067
a411d6a4-de67-444c-a8c0-308e8d06e7f9,6,SEARCH,2026-02-23T14:19:53.325067
1afa6b41-20e7-4505-992d-33ffad21857d,8,SEARCH,2026-02-23T14:32:53.325067
bf25f2cc-5280-4b7d-955d-1f98969c2450,8,SEARCH,2026-02-23T15:00:53.325067
36bdc412-fa89-4f9e-b7c8-a13e1b2570a9,11,PURCHASE,2026-02-23T15:05:53.325067
8cb126e9-21f0-4b02-90b2-c15e6504b750,23,SEARCH,2026-02-23T15:59:53.325067
65b3a875-4c50-41b3-835e-05d868593233,16,SEARCH,2026-02-23T16:08:53.325067
a583ef34-aa92-4f8d-b127-f99f7b6f094a,25,SEARCH,2026-02-23T16:11:53.325067
cced0094-90fa-45a3-9711-dd4566cd0f92,5,SEARCH,2026-02-23T16:11:53.325067
58f53eb2-ec53-4e5d-bb22-a1c097ab9cec,31,SEARCH,2026-02-23T16:29:53.325067
19fa6e83-b771-4a97-ae21-c241e196de8e,35,SEARCH,2026-02-23T16:32:53.325067
a21c5513-9d37-4926-9729-0f802f6f6304,7,SEARCH,2026-02-23T16:34:53.325067
9daf70ca-0e57-4862-90bc-00be9bbcd923,20,SEARCH,2026-02-23T16:37:53.325067
65b00138-3ad1-4210-8326-f5f0f920a927,16,SEARCH,2026-02-23T16:50:53.325067
1248e958-b915-4c0e-bdde-efe06a0fa923,30,SEARCH,2026-02-23T16:50:53.325067
a44010ad-0d43-47a3-b12d-2c627035a49c,15,SEARCH,2026-02-23T16:55:53.325067
670178d5-1be2-43b8-ae51-c78b6e95596d,23,SEARCH,2026-02-23T17:00:53.325067
adb57e5e-5a91-4d39-9039-d02a28817f53,11,SEARCH,2026-02-23T17:15:53.325067
df3ad564-7cee-4fe9-96a9-84a7092a5e63,9,SEARCH,2026-02-23T17:24:53.325067
ffa5c930-300a-4e34-a99e-bf085c6d3432,7,SEARCH,2026-02-23T17:48:53.325067
a41e8b1f-8ac5-43c0-8363-edbad92b0719,21,SEARCH,2026-02-23T18:11:53.325067
4841323c-9834-439e-a84f-71a77a9d4d1c,18,SEARCH,2026-02-23T18:34:53.325067
1daf6cb5-b47b-4197-89f2-3e9e8659bdc1,18,SEARCH,2026-02-23T18:39:53.325067
9c8f276e-86ba-4f0a-8a32-5ed55f5cc597,19,SEARCH,2026-02-23T18:51:53.325067
023d151c-6757-4419-87e2-88e1c2687a07,33,SEARCH,2026-02-23T19:00:53.325067
531e8327-da0a-43e5-89ad-4038b82508d7,19,SEARCH,2026-02-23T19:07:53.325067
be27ad6a-f5a6-49b2-b27d-714f889c9ef0,18,SEARCH,2026-02-23T19:11:53.325067
61e2bd04-bc08-4f83-a50c-ca72347e4c0d,21,SEARCH,2026-02-23T19:34:53.325067
9850d9a8-1839-4238-a5df-8f7edf2390ca,27,SEARCH,2026-02-23T19:42:53.325067
fcb22bfc-6128-495e-be2c-b0a43c231973,31,SEARCH,2026-02-23T19:43:53.325067
89ee4286-f4a6-40b0-9d45-6041c20cfcb1,18,SEARCH,2026-02-23T19:44:53.325067
d9cfa097-b8b1-438c-ba43-f186292c2fd4,19,SEARCH,2026-02-23T19:53:53.325067
9a65e84a-85cc-479a-9c97-480ce62d2100,8,SEARCH,2026-02-23T20:10:53.325067
3e090f07-9e2c-4ad5-9519-d9f09eddd069,7,SEARCH,2026-02-23T20:23:53.325067
df596bcd-5a68-47cc-a9bd-570b97482ed5,17,PURCHASE,2026-02-23T20:37:53.325067
ff549393-31f3-414b-818d-aba373db6163,9,SEARCH,2026-02-23T20:48:53.325067
95118bab-6ddb-43da-877d-761917f1c52b,18,SEARCH,2026-02-23T20:49:53.325067
45ae47a9-2614-40b2-84b3-530b061ae6f3,13,SEARCH,2026-02-23T21:00:53.325067
93464a6b-ef94-4603-a3ed-00786c9be40c,8,SEARCH,2026-02-23T21:28:53.325067
c79c14ee-62df-4edf-baef-0b521cd8b3a9,9,PURCHASE,2026-02-23T21:29:53.325067
7ec54411-de28-43fa-a070-67fc7e1239d4,24,SEARCH,2026-02-23T21:54:53.325067
f235ab0f-557a-40dd-afaa-9ea9983aeb5f,6,SEARCH,2026-02-23T21:55:53.325067
aa6b21a4-8c72-4957-9afa-6231cd81b533,4,PURCHASE,2026-02-23T22:10:53.325067
993f0dbf-2553-415d-9d50-be9b0928e9b7,15,SEARCH,2026-02-23T22:10:53.325067
85f21559-3af2-4897-841a-ff65292442f0,33,SEARCH,2026-02-23T22:17:53.325067
27116756-15f1-4e13-84ae-412fb8a0372d,8,SEARCH,2026-02-23T22:20:53.325067
d5355a54-1fab-49ee-9adc-ab2f6e6d987b,28,SEARCH,2026-02-23T22:25:53.325067
0136a4e4-4cf3-4568-a345-e6c1ac040b27,12,SEARCH,2026-02-23T22:36:53.325067
3af5dfea-d509-43c2-b0d4-9fbc5a1f50eb,19,PURCHASE,2026-02-23T22:43:53.325067
e5635040-1736-4b05-9eaf-c6d0eca3b36b,2,SEARCH,2026-02-23T22:57:53.325067
cf0e19c2-6c69-40d8-8d02-2d6e00b017b9,10,SEARCH,2026-02-23T23:10:53.325067
ec5bf1f7-2a55-4a83-9709-2df9b1283cc9,32,SEARCH,2026-02-23T23:19:53.325067
58a5a34c-bd4d-4ee6-bc1a-49fa95b55592,9,SEARCH,2026-02-23T23:34:53.325067
a5194c33-76e7-4078-b66d-bc382b838987,21,SEARCH,2026-02-23T23:44:53.325067
2b95a003-e0b9-4cd7-b99d-90bbfffcfde0,15,SEARCH,2026-02-23T23:46:53.325067
85f21559-3af2-4897-841a-ff65292442f0,15,SEARCH,2026-02-24T00:25:53.325067
a266d188-7a9f-4b44-b73e-2d7af82b6ca9,31,SEARCH,2026-02-24T00:27:53.325067
c5846c3d-3f65-4152-bf10-d1fef5f44b56,25,SEARCH,2026-02-24T00:32:53.325067
3a5fc1da-6412-4109-81e5-e7e06b0c788e,9,SEARCH,2026-02-24T00:34:53.325067
fc14e347-43c5-4ea0-9f5a-84ac3ced980d,12,SEARCH,2026-02-24T00:40:53.325067
c5e57418-eebb-4887-abd9-ba54dbb7529c,2,SEARCH,2026-02-24T00:42:53.325067
939104dd-4d20-4b27-9fa0-d8f87d70973b,13,SEARCH,2026-02-24T00:45:53.325067
d6f65542-48fa-4984-bb0f-49c757934d5a,7,SEARCH,2026-02-24T00:57:53.325067
7a9371cb-01a9-499f-86f5-d0bd6452b509,9,SEARCH,2026-02-24T01:07:53.325067
7f31a02d-6bf8-4c93-ae8c-a227e3dd4e1c,11,SEARCH,2026-02-24T01:15:53.325067
a4a13f18-f3c2-4670-b91a-710b108d53a4,16,SEARCH,2026-02-24T01:15:53.325067
fcf4e7de-ac03-4e81-99f9-b10b754c96a3,27,SEARCH,2026-02-24T01:24:53.325067
fcb22bfc-6128-495e-be2c-b0a43c231973,19,SEARCH,2026-02-24T01:28:53.325067
84532ebd-82c9-4c67-b7ea-55c3ece9c7a4,12,SEARCH,2026-02-24T01:56:53.325067
73fe18cf-94b1-4974-bdc7-7cc358c52e03,24,SEARCH,2026-02-24T02:02:53.325067
08c339e5-d7df-4047-8cf4-d409a9dfb6ab,17,SEARCH,2026-02-24T02:30:53.325067
32d89891-5b6f-49af-8a74-dd0d02624fde,27,SEARCH,2026-02-24T02:33:53.325067
6491a90a-1252-4522-a4aa-568e054ea3e6,17,SEARCH,2026-02-24T02:37:53.325067
30725a43-4ef2-4381-8299-b5e965efb313,11,SEARCH,2026-02-24T02:47:53.325067
5726b442-95dd-4d17-9d43-25648739720c,13,SEARCH,2026-02-24T02:47:53.325067
03e12c65-f5c6-4994-a25f-4b40e3f5ce46,18,PURCHASE,2026-02-24T03:00:53.325067
72b6e864-78a7-4e9c-96fe-6840cbd0bd9e,19,SEARCH,2026-02-24T03:04:53.325067
79332f3d-1eed-42f9-a7c7-9f511c98e52b,4,SEARCH,2026-02-24T03:21:53.325067
918a7dab-fad0-4b26-8de2-2fcadd0fc18f,26,SEARCH,2026-02-24T03:32:53.325067
d58a8e77-5dfb-4e2a-9cb2-4ca81ba24791,2,SEARCH,2026-02-24T03:42:53.325067
cd4ee3a2-47e1-4627-b2b7-51c6b6e70707,17,SEARCH,2026-02-24T03:42:53.325067
df13e12f-6ea3-4c43-8ff0-b64bee8abfd4,9,SEARCH,2026-02-24T03:45:53.325067
45ae47a9-2614-40b2-84b3-530b061ae6f3,26,SEARCH,2026-02-24T03:49:53.325067
3c9f5f5e-4057-4f9b-bd74-b529ecfa677a,12,SEARCH,2026-02-24T04:04:53.325067
6b388271-763a-4a1e-b54d-9a41473d6cc7,11,SEARCH,2026-02-24T04:11:53.325067
27d24a11-f94d-4ebd-ad87-de9dce3f42da,27,SEARCH,2026-02-24T04:15:53.325067
a41e8b1f-8ac5-43c0-8363-edbad92b0719,17,SEARCH,2026-02-24T04:19:53.325067
482db056-98f2-4992-b2ac-4d904f495e51,16,SEARCH,2026-02-24T04:25:53.325067
d822cfc8-2e23-41a3-bb09-ddbc0af60dfa,24,SEARCH,2026-02-24T04:36:53.325067
f64c66fa-0171-4968-8c28-16069d56f17a,21,SEARCH,2026-02-24T04:42:53.325067
4453932d-0094-4102-b5e1-d4f9438748e5,5,SEARCH,2026-02-24T04:54:53.325067
ceb9a5ba-9a79-4f1b-b8f4-27e6afad4574,3,SEARCH,2026-02-24T05:13:53.325067
4841323c-9834-439e-a84f-71a77a9d4d1c,9,SEARCH,2026-02-24T05:33:53.325067
e739eb39-5034-468c-b5e7-b7c1679c2f05,36,SEARCH,2026-02-24T05:36:53.325067
049d9430-a8c1-4b84-abb6-f4a7d83457ee,15,SEARCH,2026-02-24T05:44:53.325067
20f0883d-d9be-484b-b68a-a5737eeae40a,10,SEARCH,2026-02-24T05:58:53.325067
499e0a6a-0709-4df6-82f3-c75fa0ae73db,19,PURCHASE,2026-02-24T06:00:53.325067
bafee8fe-61e3-4094-8b70-c522f511b4e6,11,PURCHASE,2026-02-24T06:09:53.325067
0e881dc0-e5d7-42ac-b53d-4ef8f745502a,17,SEARCH,2026-02-24T06:15:53.325067
1a7c3d97-7767-4d24-b808-86c709c1b938,24,SEARCH,2026-02-24T06:22:53.325067
d1d39266-15c0-4b5b-a8e5-8cdea23f9a93,8,PURCHASE,2026-02-24T06:52:53.325067
4f3f236e-eaa9-436d-81ef-0c13dab5154f,15,SEARCH,2026-02-24T06:56:53.325067
631e86cf-35a6-4045-af3c-160a94ce637b,7,SEARCH,2026-02-24T07:03:53.325067
cc07b342-7e38-49da-924a-c9a0b47d3972,14,SEARCH,2026-02-24T07:17:53.325067
a7b0a94f-8f1c-4958-b500-5144b98128ad,7,SEARCH,2026-02-24T07:43:53.325067
114a3a20-1ec3-41c7-9356-8bcf7aff63fa,14,SEARCH,2026-02-24T07:44:53.325067
a21c5513-9d37-4926-9729-0f802f6f6304,10,SEARCH,2026-02-24T07:44:53.325067
a7074121-cd9e-4595-a23e-5345f274fb8a,23,SEARCH,2026-02-24T07:49:53.325067
5726b442-95dd-4d17-9d43-25648739720c,9,SEARCH,2026-02-24T07:56:53.325067
f491c077-9c9e-4db6-9825-b5c397ad2a60,4,SEARCH,2026-02-24T08:09:53.325067
65b00138-3ad1-4210-8326-f5f0f920a927,27,SEARCH,2026-02-24T08:32:53.325067
95118bab-6ddb-43da-877d-761917f1c52b,8,SEARCH,2026-02-24T08:32:53.325067
d1d3a393-8a5c-47fb-b5bc-9297839685ee,28,SEARCH,2026-02-24T08:34:53.325067
d3a790da-c37a-4724-9a5c-988365751ae3,14,SEARCH,2026-02-24T09:01:53.325067
e6b004ef-981b-4806-87d6-34502f53e460,4,SEARCH,2026-02-24T09:13:53.325067
018919ec-9fdc-4f12-8176-8ae69ac2b00c,12,SEARCH,2026-02-24T09:14:53.325067
fc0f0f36-1dd0-4cf1-9125-bd9cef554e1a,15,SEARCH,2026-02-24T09:18:53.325067
99a0f925-6e74-4262-b2c2-7923c909af64,6,SEARCH,2026-02-24T09:19:53.325067
abfb412e-37c0-489f-9efe-79058e16df0d,7,SEARCH,2026-02-24T09:27:53.325067
27116756-15f1-4e13-84ae-412fb8a0372d,8,SEARCH,2026-02-24T09:29:53.325067
67fc04f2-f83c-49fc-bf0a-b7acd06a81dc,7,SEARCH,2026-02-24T09:42:53.325067
990e87ab-835e-4dc4-8e87-09a6add62ed7,33,SEARCH,2026-02-24T09:43:53.325067
fe818ba4-0153-43af-9d9f-d010085c48d3,3,SEARCH,2026-02-24T10:05:53.325067
b5f25644-f131-468f-b987-44f29cbc0ba6,9,SEARCH,2026-02-24T10:10:53.325067
72b6e864-78a7-4e9c-96fe-6840cbd0bd9e,17,SEARCH,2026-02-24T10:16:53.325067
49fe03be-dcd7-468e-94c9-5e30bdcf9474,14,SEARCH,2026-02-24T10:22:53.325067
ffc7c64f-dde1-44f2-9cf7-74e6493333b1,12,SEARCH,2026-02-24T10:59:53.325067
a9346e7e-17e3-4628-ad19-3b8932ed9b4d,20,SEARCH,2026-02-24T11:00:53.325067
0e4891c7-dfb1-4146-a36d-8dc97450f860,8,SEARCH,2026-02-24T11:21:53.325067
3d00c004-102c-4633-8a05-ddb656eac2f6,6,SEARCH,2026-02-24T11:21:53.325067
6a96c77d-5b1a-447c-a920-c59619c1a042,14,SEARCH,2026-02-24T11:22:53.325067
84532ebd-82c9-4c67-b7ea-55c3ece9c7a4,11,SEARCH,2026-02-24T11:31:53.325067
b53efe65-64f1-49cd-b06b-498b73ec1364,3,SEARCH,2026-02-24T11:39:53.325067
f56e5db2-c63d-432e-ab21-652e585a1229,8,SEARCH,2026-02-24T12:03:53.325067
4601a6c8-8df1-44ae-9935-ace3346f3fb3,16,PURCHASE,2026-02-24T12:04:53.325067
06589e07-2571-41d1-a784-6361a9ad35b1,15,SEARCH,2026-02-24T12:29:53.325067
4841323c-9834-439e-a84f-71a77a9d4d1c,20,SEARCH,2026-02-24T12:42:53.325067
c5846c3d-3f65-4152-bf10-d1fef5f44b56,15,SEARCH,2026-02-24T12:43:53.325067
36bdc412-fa89-4f9e-b7c8-a13e1b2570a9,12,SEARCH,2026-02-24T12:48:53.325067
b01bb9cc-efd9-471d-981d-546f87f111f8,14,SEARCH,2026-02-24T12:53:53.325067
6b4554d8-ea98-424e-b4be-aab8653db58d,14,SEARCH,2026-02-24T13:02:53.325067
b392a2ea-6797-4320-9af3-01ba20730ada,17,SEARCH,2026-02-24T13:05:53.325067
81fe3ab1-8822-4b3c-9872-ef9cbd69657a,5,PURCHASE,2026-02-24T13:15:53.325067
076b8612-ddc3-456c-b388-05385ab6a674,2,SEARCH,2026-02-24T13:20:53.325067
ad965232-d3a1-429c-a8a6-8736e3192620,8,SEARCH,2026-02-24T13:28:53.325067
32363098-54ef-4853-93c8-083b04b5aa7f,7,PURCHASE,2026-02-24T13:40:53.325067
bf25f2cc-5280-4b7d-955d-1f98969c2450,6,SEARCH,2026-02-24T14:10:53.325067
b5f25644-f131-468f-b987-44f29cbc0ba6,3,PURCHASE,2026-02-24T14:26:53.325067
52abc553-3b64-471c-b98c-edcb66b4a155,18,PURCHASE,2026-02-24T14:32:53.325067
2c295371-4654-4268-8b49-03e1855770c2,20,SEARCH,2026-02-24T14:40:53.325067
16e66dc7-20a0-40d0-b443-52fdad377a39,22,PURCHASE,2026-02-24T14:41:53.325067
228f70d1-8981-4a30-9694-1d276a881382,16,SEARCH,2026-02-24T14:41:53.325067
05ecab31-be05-4cdd-97bd-8fa1a1d86061,23,SEARCH,2026-02-24T14:45:53.325067
a2e7871b-6fe3-4322-aa44-f620c1694932,16,SEARCH,2026-02-24T14:51:53.325067
2c295371-4654-4268-8b49-03e1855770c2,31,SEARCH,2026-02-24T15:13:53.325067
fc0f0f36-1dd0-4cf1-9125-bd9cef554e1a,2,SEARCH,2026-02-24T15:19:53.325067
94e4d379-358e-468b-8f7c-126dbbb289fa,13,SEARCH,2026-02-24T15:33:53.325067
314b8cfb-73bd-4078-b4cf-a792e36bbd0d,14,SEARCH,2026-02-24T15:52:53.325067
b01bb9cc-efd9-471d-981d-546f87f111f8,20,SEARCH,2026-02-24T16:20:53.325067
d9ca6b6a-45ce-4b4a-8b51-78b07e3e6adb,6,SEARCH,2026-02-24T16:34:53.325067
2c295371-4654-4268-8b49-03e1855770c2,10,SEARCH,2026-02-24T17:11:53.325067
24386d05-3573-49b9-aed4-54347fb9ca2b,5,SEARCH,2026-02-24T17:19:53.325067
930b3803-3763-494c-9c8e-f522f4a0184d,9,SEARCH,2026-02-24T17:27:53.325067
3dc5dc12-5c3f-41de-a6de-cb8ac60ae022,8,SEARCH,2026-02-24T17:33:53.325067
79332f3d-1eed-42f9-a7c7-9f511c98e52b,11,SEARCH,2026-02-24T17:41:53.325067
550a571a-5410-405b-bb49-ee5a46ec245b,23,SEARCH,2026-02-24T18:23:53.325067
78376492-dfe4-4410-8dc6-4d19ec461fec,15,PURCHASE,2026-02-24T18:25:53.325067
79cb8b38-5cd9-4b11-bf31-20b782e0f357,24,SEARCH,2026-02-24T18:34:53.325067
94e4d379-358e-468b-8f7c-126dbbb289fa,13,PURCHASE,2026-02-24T18:37:53.325067
9b42292f-a51f-4d75-8725-5d2ab7b41c74,7,SEARCH,2026-02-24T18:53:53.325067
939104dd-4d20-4b27-9fa0-d8f87d70973b,4,SEARCH,2026-02-24T18:55:53.325067
40b0d04a-ac3a-497e-a265-a239bf90a988,8,SEARCH,2026-02-24T18:56:53.325067
e3556b91-8a79-40ee-8564-73f6a8c294a8,6,SEARCH,2026-02-24T19:36:53.325067
b4e35238-0ed8-4b94-8821-f723d26ed22c,13,PURCHASE,2026-02-24T19:39:53.325067
756233ce-74a6-4cc7-81a8-d9f3d1e0ca29,30,SEARCH,2026-02-24T19:48:53.325067
5adc5e8e-3072-4753-befd-147c4de46bb2,2,SEARCH,2026-02-24T19:50:53.325067
20f0883d-d9be-484b-b68a-a5737eeae40a,12,SEARCH,2026-02-24T19:59:53.325067
1548e1ba-cfa7-4b92-8268-97da7eddff49,10,SEARCH,2026-02-24T20:03:53.325067
42052f5a-939c-4821-aaab-9e8fc026ddcd,12,SEARCH,2026-02-24T20:33:53.325067
78b207a8-4f03-4de8-8b7a-56f69d1aa3ce,19,SEARCH,2026-02-24T20:37:53.325067
a9a7ad70-48a1-4c4b-a7d0-51e7f1c0081c,24,PURCHASE,2026-02-24T20:41:53.325067
f9319695-b786-429e-bafc-67d5cbc9597d,9,SEARCH,2026-02-24T20:53:53.325067
ffc7c64f-dde1-44f2-9cf7-74e6493333b1,5,SEARCH,2026-02-24T21:11:53.325067
21dae28c-1b0b-4331-9a64-bfec29296aab,31,SEARCH,2026-02-24T21:19:53.325067
f549fe2e-bad5-4330-ad02-22ce552041a3,16,SEARCH,2026-02-24T21:20:53.325067
53346a36-6f23-45f7-8089-1bd846183d7f,33,SEARCH,2026-02-24T21:24:53.325067
75d49fe9-872c-4b3a-86dc-1932937fee8a,28,PURCHASE,2026-02-24T21:29:53.325067
636d7396-1683-4a3e-82c0-9ae0c3301625,15,PURCHASE,2026-02-24T21:31:53.325067
d7e77be1-9611-427c-9c23-b257a02e74d2,19,SEARCH,2026-02-24T21:33:53.325067
49fd6910-4863-40e7-bee4-2397a54d89dd,7,SEARCH,2026-02-24T21:34:53.325067
c0e792a3-7927-4223-bec7-202c6fbcef07,25,SEARCH,2026-02-24T21:44:53.325067
b17de091-de72-4f42-87be-e738a35d85a5,28,SEARCH,2026-02-24T21:51:53.325067
b5ee5466-b470-4bfd-995c-77ee91769403,7,SEARCH,2026-02-24T21:52:53.325067
ec5bf1f7-2a55-4a83-9709-2df9b1283cc9,16,SEARCH,2026-02-24T21:54:53.325067
79332f3d-1eed-42f9-a7c7-9f511c98e52b,5,SEARCH,2026-02-24T21:58:53.325067
6747140c-efd0-4e7b-989d-bdffb18081a8,28,SEARCH,2026-02-24T22:29:53.325067
f8651bba-e11f-4f31-9157-8ea01fc8309a,14,SEARCH,2026-02-24T22:32:53.325067
e8108cd8-6fef-4a59-bd95-717b807705f7,17,SEARCH,2026-02-24T22:42:53.325067
c560c8ad-79bd-4d20-8c19-c023d548a907,13,SEARCH,2026-02-24T22:44:53.325067
40b0d04a-ac3a-497e-a265-a239bf90a988,18,SEARCH,2026-02-24T22:49:53.325067
f56e5db2-c63d-432e-ab21-652e585a1229,12,SEARCH,2026-02-24T23:04:53.325067
5b5ca9f4-bcca-4a64-9f37-442e28c71e88,32,PURCHASE,2026-02-24T23:09:53.325067
a97b1044-6e48-4aea-b988-5c6d42bdefb6,9,SEARCH,2026-02-24T23:24:53.325067
6d5292b3-ee9a-4f00-b7a3-bc17f80f166f,12,SEARCH,2026-02-24T23:26:53.325067
5373c04b-8165-4b0c-8cc5-edd291bca6b2,20,SEARCH,2026-02-24T23:42:53.325067
f7f334f6-5642-4135-a8e4-3ebf647136be,15,SEARCH,2026-02-24T23:50:53.325067
66a50361-a3ff-4a69-9662-265256095fda,9,SEARCH,2026-02-24T23:54:53.325067
fd9d531f-1f9b-4f29-b369-cdd3f6f82fd7,31,SEARCH,2026-02-24T23:56:53.325067
c5846c3d-3f65-4152-bf10-d1fef5f44b56,17,SEARCH,2026-02-25T00:00:53.325067
313a75c2-6499-4c10-ab25-7c04da298bcb,15,SEARCH,2026-02-25T00:09:53.325067
0136a4e4-4cf3-4568-a345-e6c1ac040b27,5,SEARCH,2026-02-25T00:15:53.325067
83cc2298-5978-4813-82b3-44bd610242d8,12,SEARCH,2026-02-25T00:15:53.325067
182ef987-a6d6-4329-abe8-2da0782d5dfb,18,PURCHASE,2026-02-25T00:29:53.325067
d714b999-3c14-4075-87a4-786b3d3df991,11,SEARCH,2026-02-25T00:31:53.325067
c59d01d9-bd2f-48c8-bebf-ba4e9345c47f,8,SEARCH,2026-02-25T00:32:53.325067
f4c4d321-f7c1-4ff1-8731-53e8e0a0f715,15,SEARCH,2026-02-25T00:34:53.325067
ff66b882-8c64-4453-96af-33ea3fc977ae,12,SEARCH,2026-02-25T00:43:53.325067
984775f1-a021-46d8-b8f7-f7c4a7db6d81,21,SEARCH,2026-02-25T00:43:53.325067
f2a91885-84ac-4819-b0c7-9ec58273439e,21,SEARCH,2026-02-25T00:43:53.325067
379e08e5-0428-4f95-a431-246914c078aa,15,SEARCH,2026-02-25T00:46:53.325067
918a7dab-fad0-4b26-8de2-2fcadd0fc18f,26,SEARCH,2026-02-25T00:57:53.325067
993f0dbf-2553-415d-9d50-be9b0928e9b7,24,SEARCH,2026-02-25T00:58:53.325067
a2cab50a-a546-4179-b87c-d78b53283047,7,SEARCH,2026-02-25T01:13:53.325067
83cc2298-5978-4813-82b3-44bd610242d8,16,SEARCH,2026-02-25T01:18:53.325067
df596bcd-5a68-47cc-a9bd-570b97482ed5,28,PURCHASE,2026-02-25T01:31:53.325067
80b80c0a-551e-4066-8130-783583b6341a,1,SEARCH,2026-02-25T01:34:53.325067
8d48589b-224d-4458-ab9a-bf947357f7bf,15,SEARCH,2026-02-25T01:40:53.325067
b28b69dc-d2c1-4964-8ff0-3991ce0cbb4d,27,SEARCH,2026-02-25T01:49:53.325067
494a6b18-4354-4af1-89e1-cb307e55c9eb,4,PURCHASE,2026-02-25T01:50:53.325067
06589e07-2571-41d1-a784-6361a9ad35b1,11,SEARCH,2026-02-25T01:55:53.325067
df3ad564-7cee-4fe9-96a9-84a7092a5e63,25,SEARCH,2026-02-25T02:10:53.325067
4e8c9646-1deb-488d-8e1e-86a46ac95885,30,SEARCH,2026-02-25T02:38:53.325067
b53bf36e-44fa-4ab5-82db-853f44cf8e54,5,PURCHASE,2026-02-25T02:50:53.325067
21dae28c-1b0b-4331-9a64-bfec29296aab,5,SEARCH,2026-02-25T02:55:53.325067
7b0402c8-8b63-43fb-a207-85f2189eb508,7,PURCHASE,2026-02-25T03:08:53.325067
518d1791-c480-4d43-9842-025adce0018a,11,SEARCH,2026-02-25T03:23:53.325067
24386d05-3573-49b9-aed4-54347fb9ca2b,8,SEARCH,2026-02-25T03:27:53.325067
e2976eab-3b7d-4868-9006-80626218e2d1,5,SEARCH,2026-02-25T03:30:53.325067
ed8d870f-57f0-4c43-81e2-8db499511c37,6,SEARCH,2026-02-25T03:36:53.325067
14475413-bfe4-45ff-9516-e0d88e2673ce,5,SEARCH,2026-02-25T03:37:53.325067
a8593aa1-caa8-4e24-ae7e-4b22b873b129,17,SEARCH,2026-02-25T03:44:53.325067
518d1791-c480-4d43-9842-025adce0018a,16,SEARCH,2026-02-25T03:49:53.325067
e2976eab-3b7d-4868-9006-80626218e2d1,22,PURCHASE,2026-02-25T03:52:53.325067
eae4987c-f9cc-4e78-ac55-f53f9f963a42,13,PURCHASE,2026-02-25T04:10:53.325067
86d658a5-b15f-4ac1-a7fc-f30974f84164,8,SEARCH,2026-02-25T04:22:53.325067
5283ccce-a054-40e5-b753-f8fac4704baf,13,SEARCH,2026-02-25T04:58:53.325067
edc9014e-4596-4b2b-bf2c-4ce00a2724d1,22,SEARCH,2026-02-25T05:02:53.325067
cb418dbd-a329-402b-a43c-3e3c06508991,1,SEARCH,2026-02-25T05:14:53.325067
6970fdd5-2a61-4aa5-b1ee-eca9ae7bbbd9,16,SEARCH,2026-02-25T05:45:53.325067
242c3f83-43b1-408e-b05b-6fc2ed10168f,31,SEARCH,2026-02-25T05:47:53.325067
242b50ce-bbaa-43a5-b558-5e8566db4856,44,SEARCH,2026-02-25T05:48:53.325067
bb2204d1-bf5a-4650-b7c2-af557946c2ff,7,SEARCH,2026-02-25T05:49:53.325067
6b388271-763a-4a1e-b54d-9a41473d6cc7,33,SEARCH,2026-02-25T05:57:53.325067
35d284a5-0206-48ba-940a-d3f5eeca6f5a,2,PURCHASE,2026-02-25T06:02:53.325067
622e8cf8-40ca-4030-b114-0140ec8889a1,7,SEARCH,2026-02-25T06:23:53.325067
81fe3ab1-8822-4b3c-9872-ef9cbd69657a,7,SEARCH,2026-02-25T06:52:53.325067
af55ce6d-8ccc-4ab6-aedb-2a0ab42a12e3,9,PURCHASE,2026-02-25T07:04:53.325067
0007b2db-6653-42bd-8ba0-71309134929e,7,SEARCH,2026-02-25T07:08:53.325067
60c0cadf-a5e5-43fd-965f-2aca4f4ed21e,14,PURCHASE,2026-02-25T07:20:53.325067
5de2bb93-220e-49e0-ab70-5c8617b7b4e9,7,SEARCH,2026-02-25T07:31:53.325067
39240802-bb56-4802-b2c3-7ce6909d2480,36,SEARCH,2026-02-25T07:45:53.325067
4bd6b982-dac9-4d73-b582-eeda940ab590,17,SEARCH,2026-02-25T07:49:53.325067
19fa6e83-b771-4a97-ae21-c241e196de8e,10,PURCHASE,2026-02-25T07:49:53.325067
e0a9d7da-890c-4d19-aa6d-18ae709ee7c3,13,SEARCH,2026-02-25T08:02:53.325067
8aa4e24e-b641-4e27-90ad-ae70b2653a10,18,SEARCH,2026-02-25T08:11:53.325067
993f0dbf-2553-415d-9d50-be9b0928e9b7,3,SEARCH,2026-02-25T08:11:53.325067
649ec5cb-fa6d-406d-a416-6a6933954f79,22,SEARCH,2026-02-25T08:20:53.325067
28b67510-16da-4c77-896b-2ffba172b497,12,SEARCH,2026-02-25T08:21:53.325067
a21c5513-9d37-4926-9729-0f802f6f6304,16,SEARCH,2026-02-25T08:28:53.325067
6747140c-efd0-4e7b-989d-bdffb18081a8,3,SEARCH,2026-02-25T08:44:53.325067
e784cea5-091b-44e9-bafa-a30bf09488b3,10,SEARCH,2026-02-25T08:50:53.325067
e3556b91-8a79-40ee-8564-73f6a8c294a8,17,SEARCH,2026-02-25T08:56:53.325067
36bdc412-fa89-4f9e-b7c8-a13e1b2570a9,1,PURCHASE,2026-02-25T08:59:53.325067
0007b2db-6653-42bd-8ba0-71309134929e,15,SEARCH,2026-02-25T09:01:53.325067
b4f47da9-9f4e-4b98-ae9c-bb815ae1bed4,4,SEARCH,2026-02-25T09:01:53.325067
0e881dc0-e5d7-42ac-b53d-4ef8f745502a,13,SEARCH,2026-02-25T09:02:53.325067
d7e15291-054f-4cef-9258-1af87c8a1dc4,16,SEARCH,2026-02-25T09:18:53.325067
b392a2ea-6797-4320-9af3-01ba20730ada,11,SEARCH,2026-02-25T09:27:53.325067
58f53eb2-ec53-4e5d-bb22-a1c097ab9cec,26,PURCHASE,2026-02-25T09:31:53.325067
9c0318d6-9f22-457c-b755-26f3433ec25f,13,SEARCH,2026-02-25T09:41:53.325067
3d00c004-102c-4633-8a05-ddb656eac2f6,12,SEARCH,2026-02-25T10:08:53.325067
d4770df7-1eb0-4af7-8f6f-e9563e68b661,10,PURCHASE,2026-02-25T10:26:53.325067
ea88356f-27fa-4a01-82ca-d699a940f2b2,11,SEARCH,2026-02-25T10:43:53.325067
9850d9a8-1839-4238-a5df-8f7edf2390ca,16,SEARCH,2026-02-25T10:53:53.325067
d9cfa097-b8b1-438c-ba43-f186292c2fd4,10,SEARCH,2026-02-25T10:59:53.325067
52abc553-3b64-471c-b98c-edcb66b4a155,4,SEARCH,2026-02-25T11:01:53.325067
3af5dfea-d509-43c2-b0d4-9fbc5a1f50eb,12,SEARCH,2026-02-25T11:13:53.325067
67fc04f2-f83c-49fc-bf0a-b7acd06a81dc,6,SEARCH,2026-02-25T11:32:53.325067
75e4a6e3-1c6c-4926-a5ac-2bfccf017440,20,SEARCH,2026-02-25T11:42:53.325067
e520989e-7717-4c98-b144-c70127cf42a1,9,SEARCH,2026-02-25T11:44:53.325067
8a0d91f3-a9bd-4807-b9a3-10a5660c7198,9,PURCHASE,2026-02-25T11:45:53.325067
edc9014e-4596-4b2b-bf2c-4ce00a2724d1,8,SEARCH,2026-02-25T11:47:53.325067
fc14e347-43c5-4ea0-9f5a-84ac3ced980d,21,SEARCH,2026-02-25T11:58:53.325067
bb2204d1-bf5a-4650-b7c2-af557946c2ff,18,SEARCH,2026-02-25T11:59:53.325067
f7e6ad3f-60cf-4047-b794-461ca3dca627,23,SEARCH,2026-02-25T12:16:53.325067
abb9826b-4bb0-4c47-b79d-ea82adf92050,11,SEARCH,2026-02-25T12:19:53.325067
4f3f236e-eaa9-436d-81ef-0c13dab5154f,4,SEARCH,2026-02-25T12:41:53.325067
96e8c26e-0ec2-4efc-9437-af2b9dbaccd4,15,SEARCH,2026-02-25T12:51:53.325067
0e881dc0-e5d7-42ac-b53d-4ef8f745502a,32,SEARCH,2026-02-25T12:57:53.325067
e784cea5-091b-44e9-bafa-a30bf09488b3,5,SEARCH,2026-02-25T12:59:53.325067
bf25f2cc-5280-4b7d-955d-1f98969c2450,17,SEARCH,2026-02-25T13:00:53.325067
96e8c26e-0ec2-4efc-9437-af2b9dbaccd4,15,SEARCH,2026-02-25T13:07:53.325067
b0f0703f-1ab9-4b58-a3a7-c5abaa6ccbee,20,SEARCH,2026-02-25T13:09:53.325067
83cc2298-5978-4813-82b3-44bd610242d8,6,SEARCH,2026-02-25T13:19:53.325067
53346a36-6f23-45f7-8089-1bd846183d7f,3,SEARCH,2026-02-25T13:24:53.325067
9463cdf4-2301-41a4-aba5-f74c1946ae9d,23,SEARCH,2026-02-25T13:33:53.325067
6747140c-efd0-4e7b-989d-bdffb18081a8,7,SEARCH,2026-02-25T13:51:53.325067
f71f8f90-fd42-4dbf-a735-c02dba113881,28,SEARCH,2026-02-25T13:54:53.325067
d7e15291-054f-4cef-9258-1af87c8a1dc4,6,SEARCH,2026-02-25T14:02:53.325067
228f70d1-8981-4a30-9694-1d276a881382,5,SEARCH,2026-02-25T14:15:53.325067
9f1cfd91-01fa-41a2-a636-af0b8b4ade9f,12,SEARCH,2026-02-25T14:17:53.325067
cd17b9bc-254b-4036-9136-94c57211675e,23,SEARCH,2026-02-25T14:26:53.325067
84532ebd-82c9-4c67-b7ea-55c3ece9c7a4,17,SEARCH,2026-02-25T14:59:53.325067
756233ce-74a6-4cc7-81a8-d9f3d1e0ca29,3,SEARCH,2026-02-25T15:07:53.325067
5adc5e8e-3072-4753-befd-147c4de46bb2,27,SEARCH,2026-02-25T15:16:53.325067
ceb9a5ba-9a79-4f1b-b8f4-27e6afad4574,4,SEARCH,2026-02-25T15:28:53.325067
45ae47a9-2614-40b2-84b3-530b061ae6f3,4,SEARCH,2026-02-25T15:50:53.325067
b98cd1f3-3b05-4f31-9a57-b968715100b3,12,SEARCH,2026-02-25T16:08:53.325067
5adc5e8e-3072-4753-befd-147c4de46bb2,19,SEARCH,2026-02-25T16:09:53.325067
25a9a47e-8243-4dd7-a1ea-c6a1291bd002,12,SEARCH,2026-02-25T16:13:53.325067
58f53eb2-ec53-4e5d-bb22-a1c097ab9cec,5,PURCHASE,2026-02-25T16:13:53.325067
c2208498-58e8-4a60-aee9-784ba412ecce,18,SEARCH,2026-02-25T16:17:53.325067
e400a7b4-49fc-4f34-8ee1-eb1089a0a1e4,16,SEARCH,2026-02-25T16:43:53.325067
df13e12f-6ea3-4c43-8ff0-b64bee8abfd4,15,SEARCH,2026-02-25T16:52:53.325067
c9a8645c-8abf-45a4-8122-dc0e289063fe,14,PURCHASE,2026-02-25T16:56:53.325067
90106b81-6da1-4962-b339-2e4818d625ca,5,SEARCH,2026-02-25T17:01:53.325067
890da6f7-a41d-4719-9d26-58ed800a02f8,9,SEARCH,2026-02-25T17:04:53.325067
4a23856f-1744-4f2d-9fa5-e3b8a9c98d5d,18,PURCHASE,2026-02-25T17:10:53.325067
ab10de25-9543-4ead-9a7e-ef5d55b2e648,4,SEARCH,2026-02-25T17:10:53.325067
3543cf5f-f9e4-45cc-853e-61e31cdf3d23,8,SEARCH,2026-02-25T17:18:53.325067
98007922-1f86-4b8e-b8a1-c8f08d97f8d9,22,SEARCH,2026-02-25T17:38:53.325067
829dfd5f-4297-4a1a-b229-c9152f168d4a,22,SEARCH,2026-02-25T17:39:53.325067
d08f1b46-5424-4de2-9a3b-0c0c9a656260,25,SEARCH,2026-02-25T17:45:53.325067
d9cfa097-b8b1-438c-ba43-f186292c2fd4,5,SEARCH,2026-02-25T17:53:53.325067
77be904d-ae03-46de-a946-154376326fac,15,SEARCH,2026-02-25T17:54:53.325067
fd9d531f-1f9b-4f29-b369-cdd3f6f82fd7,11,SEARCH,2026-02-25T17:57:53.325067
3a5fc1da-6412-4109-81e5-e7e06b0c788e,4,SEARCH,2026-02-25T18:06:53.325067
d68a52f6-e14d-436a-b6bd-8a499a1e564d,19,PURCHASE,2026-02-25T18:08:53.325067
a002615b-76fb-4fc4-b07f-41e5ae4b2c8b,31,SEARCH,2026-02-25T18:10:53.325067
6a96c77d-5b1a-447c-a920-c59619c1a042,25,SEARCH,2026-02-25T18:45:53.325067
6b388271-763a-4a1e-b54d-9a41473d6cc7,6,SEARCH,2026-02-25T18:48:53.325067
73061176-624e-40a7-ae78-fae7400aec38,18,SEARCH,2026-02-25T18:54:53.325067
3dc5dc12-5c3f-41de-a6de-cb8ac60ae022,26,SEARCH,2026-02-25T19:00:53.325067
ba73a637-3b51-4b92-83ae-1eb0047fa0e6,25,SEARCH,2026-02-25T19:24:53.325067
b35e0ba4-5b13-4e14-8262-969524977292,13,SEARCH,2026-02-25T19:47:53.325067
670178d5-1be2-43b8-ae51-c78b6e95596d,5,SEARCH,2026-02-25T19:49:53.325067
c0be9d60-fe5a-420a-b129-7df87ddca226,16,SEARCH,2026-02-25T19:53:53.325067
57a84dbf-f52a-40c1-8835-0ceaefc725f0,6,SEARCH,2026-02-25T19:53:53.325067
edc9014e-4596-4b2b-bf2c-4ce00a2724d1,19,SEARCH,2026-02-25T20:29:53.325067
f539cbba-8e63-49a0-888f-a69e5387f5e7,31,SEARCH,2026-02-25T20:32:53.325067
939104dd-4d20-4b27-9fa0-d8f87d70973b,3,SEARCH,2026-02-25T20:41:53.325067
255a0ae0-2e95-4caf-95fc-b6b01608ce02,2,SEARCH,2026-02-25T20:47:53.325067
9850d9a8-1839-4238-a5df-8f7edf2390ca,5,SEARCH,2026-02-25T20:52:53.325067
f71f8f90-fd42-4dbf-a735-c02dba113881,27,SEARCH,2026-02-25T21:01:53.325067
8cb126e9-21f0-4b02-90b2-c15e6504b750,18,SEARCH,2026-02-25T21:05:53.325067
ed8d870f-57f0-4c43-81e2-8db499511c37,21,SEARCH,2026-02-25T21:13:53.325067
c39f6053-cb21-4a6b-98bb-4036625cd5b7,14,PURCHASE,2026-02-25T21:14:53.325067
9345cf47-4508-4fcb-8fc2-de521160be73,21,SEARCH,2026-02-25T21:18:53.325067
40b0d04a-ac3a-497e-a265-a239bf90a988,28,SEARCH,2026-02-25T21:24:53.325067
ffa5c930-300a-4e34-a99e-bf085c6d3432,12,SEARCH,2026-02-25T21:54:53.325067
af55ce6d-8ccc-4ab6-aedb-2a0ab42a12e3,9,SEARCH,2026-02-25T22:09:53.325067
32d89891-5b6f-49af-8a74-dd0d02624fde,16,SEARCH,2026-02-25T22:11:53.325067
53346a36-6f23-45f7-8089-1bd846183d7f,16,SEARCH,2026-02-25T22:24:53.325067
ae1e8831-0783-4359-9259-63a1ac78a340,6,SEARCH,2026-02-25T22:55:53.325067
9ccd0302-b258-442e-b66b-3c33a6f7b0eb,6,SEARCH,2026-02-25T23:00:53.325067
ddb8726e-1052-45d7-84f0-77d9b0847c39,14,SEARCH,2026-02-25T23:09:53.325067
fe56cc6a-d6e2-45c9-8ff5-23371d3f93f8,26,PURCHASE,2026-02-25T23:19:53.325067
6a96c77d-5b1a-447c-a920-c59619c1a042,30,SEARCH,2026-02-25T23:25:53.325067
95118bab-6ddb-43da-877d-761917f1c52b,18,SEARCH,2026-02-25T23:26:53.325067
57a0ee7c-be22-482d-83db-f232845aaf0a,2,SEARCH,2026-02-25T23:36:53.325067
77097335-9bf1-4ce5-a34c-c9cb92e53352,14,SEARCH,2026-02-25T23:43:53.325067
f64c66fa-0171-4968-8c28-16069d56f17a,19,SEARCH,2026-02-25T23:53:53.325067
5726b442-95dd-4d17-9d43-25648739720c,20,PURCHASE,2026-02-25T23:55:53.325067
85f21559-3af2-4897-841a-ff65292442f0,1,SEARCH,2026-02-26T00:03:53.325067
d822cfc8-2e23-41a3-bb09-ddbc0af60dfa,2,SEARCH,2026-02-26T00:09:53.325067
c5846c3d-3f65-4152-bf10-d1fef5f44b56,18,SEARCH,2026-02-26T00:13:53.325067
b0dc1cb2-7de9-4b0c-8611-aa4300a53faf,28,PURCHASE,2026-02-26T00:39:53.325067
1aeab7f6-de86-4010-bc33-de2b26dc48d9,12,SEARCH,2026-02-26T00:42:53.325067
0cf97aed-2f42-42d3-ab87-67b1f77fd99f,11,SEARCH,2026-02-26T00:46:53.325067
d374ed26-7e64-441c-a90a-eeffc47f4ffb,7,SEARCH,2026-02-26T00:51:53.325067
49fe03be-dcd7-468e-94c9-5e30bdcf9474,11,PURCHASE,2026-02-26T01:00:53.325067
433f9cd8-a64b-42cc-8304-054b6770950f,10,SEARCH,2026-02-26T01:05:53.325067
9c8f276e-86ba-4f0a-8a32-5ed55f5cc597,14,SEARCH,2026-02-26T01:06:53.325067
77097335-9bf1-4ce5-a34c-c9cb92e53352,12,SEARCH,2026-02-26T01:31:53.325067
f7ead430-c618-4c5a-91a0-c628782dadfc,5,SEARCH,2026-02-26T01:31:53.325067
9da8e83a-ee12-4409-965b-324e3e2198fa,2,SEARCH,2026-02-26T01:47:53.325067
9c0318d6-9f22-457c-b755-26f3433ec25f,10,PURCHASE,2026-02-26T01:53:53.325067
ff549393-31f3-414b-818d-aba373db6163,17,SEARCH,2026-02-26T01:55:53.325067
4d036e41-d90b-41cf-9073-34efdbe8ec2e,14,SEARCH,2026-02-26T01:57:53.325067
e739eb39-5034-468c-b5e7-b7c1679c2f05,10,SEARCH,2026-02-26T02:01:53.325067
4a23856f-1744-4f2d-9fa5-e3b8a9c98d5d,4,SEARCH,2026-02-26T02:17:53.325067
182b81ed-1deb-4823-baab-501fadbac2c5,25,SEARCH,2026-02-26T02:44:53.325067
ba73a637-3b51-4b92-83ae-1eb0047fa0e6,24,SEARCH,2026-02-26T02:44:53.325067
c64b9411-6286-45b6-9c58-4b7809b57cf9,21,PURCHASE,2026-02-26T03:06:53.325067
4e8c9646-1deb-488d-8e1e-86a46ac95885,16,SEARCH,2026-02-26T03:07:53.325067
4738e68f-b0ba-40cf-a34e-28d8c2e45516,17,SEARCH,2026-02-26T03:10:53.325067
67e97542-b13e-4e00-97a5-cbbabea32b12,6,SEARCH,2026-02-26T03:15:53.325067
79332f3d-1eed-42f9-a7c7-9f511c98e52b,18,SEARCH,2026-02-26T03:48:53.325067
482db056-98f2-4992-b2ac-4d904f495e51,17,SEARCH,2026-02-26T03:55:53.325067
c5e57418-eebb-4887-abd9-ba54dbb7529c,12,SEARCH,2026-02-26T03:56:53.325067
e0178b1c-b664-4fb1-ba29-c4fa6109c485,11,SEARCH,2026-02-26T04:03:53.325067
6970fdd5-2a61-4aa5-b1ee-eca9ae7bbbd9,17,SEARCH,2026-02-26T04:25:53.325067
7a9371cb-01a9-499f-86f5-d0bd6452b509,26,SEARCH,2026-02-26T04:27:53.325067
46d4641b-2c5a-41da-b0c1-daae8c4e9be9,18,PURCHASE,2026-02-26T04:47:53.325067
a9997e2c-1247-4e74-9f46-182e61dd09f2,23,PURCHASE,2026-02-26T04:52:53.325067
7803904e-2247-4d5c-963f-ccd4ca26faf0,16,SEARCH,2026-02-26T04:56:53.325067
df596bcd-5a68-47cc-a9bd-570b97482ed5,14,SEARCH,2026-02-26T05:00:53.325067
cc876e06-27ba-4dfa-b925-231965647920,10,SEARCH,2026-02-26T05:19:53.325067
49aa35fa-fc76-44c6-a7dc-7c8b42da8859,19,SEARCH,2026-02-26T05:41:53.325067
9f1cfd91-01fa-41a2-a636-af0b8b4ade9f,13,SEARCH,2026-02-26T06:00:53.325067
5bd2b13f-2c10-4795-b1e4-c9a840aaece9,13,SEARCH,2026-02-26T06:30:53.325067
cced0094-90fa-45a3-9711-dd4566cd0f92,18,SEARCH,2026-02-26T06:33:53.325067
8bbf9955-a497-4453-a7a3-7675c8c98080,17,SEARCH,2026-02-26T06:39:53.325067
659760cc-0f68-416d-a3b0-c36876d92e07,17,SEARCH,2026-02-26T06:52:53.325067
e52aaa84-a13e-4176-9949-70c69bd54d38,10,SEARCH,2026-02-26T06:59:53.325067
9f58599b-54cf-4662-9270-1c54f3d4385f,7,PURCHASE,2026-02-26T07:00:53.325067
a4856a37-4ff9-4684-b895-fa21a8cbd085,6,SEARCH,2026-02-26T07:10:53.325067
ec5bf1f7-2a55-4a83-9709-2df9b1283cc9,7,PURCHASE,2026-02-26T07:38:53.325067
8cb126e9-21f0-4b02-90b2-c15e6504b750,22,SEARCH,2026-02-26T07:57:53.325067
a9997e2c-1247-4e74-9f46-182e61dd09f2,6,SEARCH,2026-02-26T08:07:53.325067
090b81e2-0e0d-44fd-be63-77c6570bb85a,6,SEARCH,2026-02-26T08:22:53.325067
a8593aa1-caa8-4e24-ae7e-4b22b873b129,3,SEARCH,2026-02-26T08:32:53.325067
be27ad6a-f5a6-49b2-b27d-714f889c9ef0,7,SEARCH,2026-02-26T08:39:53.325067
c14f5d5a-2027-47cf-8566-4878bc8b557d,21,PURCHASE,2026-02-26T08:47:53.325067
27116756-15f1-4e13-84ae-412fb8a0372d,15,SEARCH,2026-02-26T08:49:53.325067
8c83272a-9e38-4894-9116-5734b90f6da3,16,SEARCH,2026-02-26T09:08:53.325067
5adc5e8e-3072-4753-befd-147c4de46bb2,23,SEARCH,2026-02-26T09:12:53.325067
c9a8645c-8abf-45a4-8122-dc0e289063fe,10,SEARCH,2026-02-26T09:21:53.325067
114a3a20-1ec3-41c7-9356-8bcf7aff63fa,15,PURCHASE,2026-02-26T09:47:53.325067
fcf4e7de-ac03-4e81-99f9-b10b754c96a3,11,SEARCH,2026-02-26T09:56:53.325067
d4770df7-1eb0-4af7-8f6f-e9563e68b661,6,SEARCH,2026-02-26T10:04:53.325067
a4856a37-4ff9-4684-b895-fa21a8cbd085,6,SEARCH,2026-02-26T10:31:53.325067
213d181a-c484-4cd9-b77a-556fd29f693e,24,SEARCH,2026-02-26T10:36:53.325067
b392a2ea-6797-4320-9af3-01ba20730ada,12,SEARCH,2026-02-26T10:36:53.325067
3d00c004-102c-4633-8a05-ddb656eac2f6,19,SEARCH,2026-02-26T10:44:53.325067
425260d4-ed1f-4c19-9d2d-5fad0141f6c5,8,SEARCH,2026-02-26T11:18:53.325067
b3d5b452-8ff5-4c78-9a69-0f08e2dbd3a6,10,SEARCH,2026-02-26T11:37:53.325067
7583157b-c485-47ba-a784-d27950bebdca,2,SEARCH,2026-02-26T11:38:53.325067
e3556b91-8a79-40ee-8564-73f6a8c294a8,16,SEARCH,2026-02-26T11:49:53.325067
e520989e-7717-4c98-b144-c70127cf42a1,21,SEARCH,2026-02-26T11:59:53.325067
58e6b90e-7ffb-4711-8a7a-d4cc429e2e2f,26,SEARCH,2026-02-26T12:08:53.325067
b17de091-de72-4f42-87be-e738a35d85a5,14,SEARCH,2026-02-26T12:08:53.325067
7803904e-2247-4d5c-963f-ccd4ca26faf0,5,SEARCH,2026-02-26T12:20:53.325067
06589e07-2571-41d1-a784-6361a9ad35b1,15,PURCHASE,2026-02-26T12:20:53.325067
c2ed763e-ec0e-4b59-b7ff-b2d4bc4f294b,30,SEARCH,2026-02-26T12:21:53.325067
30725a43-4ef2-4381-8299-b5e965efb313,13,SEARCH,2026-02-26T12:30:53.325067
9c0318d6-9f22-457c-b755-26f3433ec25f,2,SEARCH,2026-02-26T12:32:53.325067
a8b6a507-8fe3-4898-9d4d-1e3179236159,25,SEARCH,2026-02-26T12:34:53.325067
c59d01d9-bd2f-48c8-bebf-ba4e9345c47f,11,SEARCH,2026-02-26T12:35:53.325067
abb9826b-4bb0-4c47-b79d-ea82adf92050,26,SEARCH,2026-02-26T12:40:53.325067
f2264fb0-f9a4-4943-baa1-3cd4f092e0d0,11,SEARCH,2026-02-26T12:50:53.325067
6eab0579-7d84-4c14-93f7-7afac138240b,9,SEARCH,2026-02-26T13:03:53.325067
99a0f925-6e74-4262-b2c2-7923c909af64,33,SEARCH,2026-02-26T13:08:53.325067
ed8d870f-57f0-4c43-81e2-8db499511c37,12,SEARCH,2026-02-26T13:09:53.325067
2c295371-4654-4268-8b49-03e1855770c2,14,SEARCH,2026-02-26T13:19:53.325067
e5635040-1736-4b05-9eaf-c6d0eca3b36b,21,SEARCH,2026-02-26T13:25:53.325067
4e8c9646-1deb-488d-8e1e-86a46ac95885,8,SEARCH,2026-02-26T13:26:53.325067
1aeab7f6-de86-4010-bc33-de2b26dc48d9,24,PURCHASE,2026-02-26T13:36:53.325067
791aa91a-97a8-4d4c-ae8b-c16f01ef3be0,6,SEARCH,2026-02-26T14:03:53.325067
d4770df7-1eb0-4af7-8f6f-e9563e68b661,21,SEARCH,2026-02-26T14:29:53.325067
590dfae6-1765-4981-abc4-9bfc8a8eb228,12,PURCHASE,2026-02-26T14:43:53.325067
67fc04f2-f83c-49fc-bf0a-b7acd06a81dc,19,SEARCH,2026-02-26T14:53:53.325067
575a857f-54be-428f-8863-5245aca9ebd4,9,SEARCH,2026-02-26T14:53:53.325067
b5f25644-f131-468f-b987-44f29cbc0ba6,32,SEARCH,2026-02-26T15:05:53.325067
61eeeca9-226b-4492-9998-205f7a300447,15,SEARCH,2026-02-26T15:10:53.325067
a7074121-cd9e-4595-a23e-5345f274fb8a,10,SEARCH,2026-02-26T15:13:53.325067
670178d5-1be2-43b8-ae51-c78b6e95596d,5,SEARCH,2026-02-26T15:27:53.325067
f7e6ad3f-60cf-4047-b794-461ca3dca627,10,SEARCH,2026-02-26T15:28:53.325067
f5a24716-0b1a-4022-9c26-9ba796ce0e0b,13,SEARCH,2026-02-26T15:30:53.325067
46d4641b-2c5a-41da-b0c1-daae8c4e9be9,13,SEARCH,2026-02-26T15:33:53.325067
5726b442-95dd-4d17-9d43-25648739720c,11,SEARCH,2026-02-26T15:52:53.325067
51190cd5-9692-45e9-81a0-31ea67943df9,9,SEARCH,2026-02-26T16:02:53.325067
f8651bba-e11f-4f31-9157-8ea01fc8309a,15,SEARCH,2026-02-26T16:04:53.325067
65b00138-3ad1-4210-8326-f5f0f920a927,11,SEARCH,2026-02-26T16:05:53.325067
58f53eb2-ec53-4e5d-bb22-a1c097ab9cec,12,SEARCH,2026-02-26T16:12:53.325067
f64c66fa-0171-4968-8c28-16069d56f17a,23,PURCHASE,2026-02-26T16:15:53.325067
f71f8f90-fd42-4dbf-a735-c02dba113881,18,SEARCH,2026-02-26T16:21:53.325067
77be904d-ae03-46de-a946-154376326fac,12,SEARCH,2026-02-26T16:27:53.325067
b5d5a5aa-e2a3-493b-b0d9-545f901b58f6,13,SEARCH,2026-02-26T16:30:53.325067
97636ebc-d14c-457f-9ca9-d5e89042ecac,8,SEARCH,2026-02-26T16:39:53.325067
f42190bc-15f2-4928-b31e-76e81ca22d83,24,SEARCH,2026-02-26T16:47:53.325067
65b3a875-4c50-41b3-835e-05d868593233,17,SEARCH,2026-02-26T16:53:53.325067
e2976eab-3b7d-4868-9006-80626218e2d1,15,SEARCH,2026-02-26T16:54:53.325067
b24f8168-69cc-47f5-9566-a4630930bdcf,11,SEARCH,2026-02-26T16:58:53.325067
0ce550f0-2261-430c-87e4-108642207c14,3,SEARCH,2026-02-26T16:59:53.325067
d374ed26-7e64-441c-a90a-eeffc47f4ffb,26,SEARCH,2026-02-26T17:02:53.325067
ea88356f-27fa-4a01-82ca-d699a940f2b2,10,SEARCH,2026-02-26T17:10:53.325067
42052f5a-939c-4821-aaab-9e8fc026ddcd,29,PURCHASE,2026-02-26T17:27:53.325067
a9997e2c-1247-4e74-9f46-182e61dd09f2,10,SEARCH,2026-02-26T17:33:53.325067
98007922-1f86-4b8e-b8a1-c8f08d97f8d9,15,SEARCH,2026-02-26T17:36:53.325067
fcf4e7de-ac03-4e81-99f9-b10b754c96a3,15,PURCHASE,2026-02-26T17:39:53.325067
d1d3a393-8a5c-47fb-b5bc-9297839685ee,8,SEARCH,2026-02-26T17:41:53.325067
93464a6b-ef94-4603-a3ed-00786c9be40c,16,PURCHASE,2026-02-26T17:42:53.325067
ea88356f-27fa-4a01-82ca-d699a940f2b2,20,SEARCH,2026-02-26T17:42:53.325067
d58a8e77-5dfb-4e2a-9cb2-4ca81ba24791,8,SEARCH,2026-02-26T17:43:53.325067
49aa35fa-fc76-44c6-a7dc-7c8b42da8859,18,PURCHASE,2026-02-26T17:55:53.325067
1248e958-b915-4c0e-bdde-efe06a0fa923,6,PURCHASE,2026-02-26T18:12:53.325067
4841323c-9834-439e-a84f-71a77a9d4d1c,9,SEARCH,2026-02-26T18:15:53.325067
35d284a5-0206-48ba-940a-d3f5eeca6f5a,23,SEARCH,2026-02-26T18:31:53.325067
5b48744a-3ab9-4929-b9b3-2a391792b2a6,17,SEARCH,2026-02-26T18:35:53.325067
670178d5-1be2-43b8-ae51-c78b6e95596d,16,SEARCH,2026-02-26T18:51:53.325067
6d5292b3-ee9a-4f00-b7a3-bc17f80f166f,28,SEARCH,2026-02-26T19:03:53.325067
edc9014e-4596-4b2b-bf2c-4ce00a2724d1,9,SEARCH,2026-02-26T19:19:53.325067
73061176-624e-40a7-ae78-fae7400aec38,33,SEARCH,2026-02-26T19:32:53.325067
1b74deef-1d13-4b12-bb5d-3eba04c38638,16,SEARCH,2026-02-26T19:42:53.325067
201cabf1-65f9-42b1-8615-e9130ceadfbe,37,SEARCH,2026-02-26T19:47:53.325067
aa5b2f50-8c9f-47cd-9860-186f7200044e,20,SEARCH,2026-02-26T20:02:53.325067
d4770df7-1eb0-4af7-8f6f-e9563e68b661,8,PURCHASE,2026-02-26T20:03:53.325067
01e53c67-0cb2-4f21-8eee-ef6246003908,20,PURCHASE,2026-02-26T20:05:53.325067
cd353de9-6e32-40d6-9c2d-680726598e91,20,SEARCH,2026-02-26T20:21:53.325067
4a23856f-1744-4f2d-9fa5-e3b8a9c98d5d,8,PURCHASE,2026-02-26T20:29:53.325067
df13e12f-6ea3-4c43-8ff0-b64bee8abfd4,2,PURCHASE,2026-02-26T20:32:53.325067
fe818ba4-0153-43af-9d9f-d010085c48d3,11,SEARCH,2026-02-26T20:47:53.325067
b53efe65-64f1-49cd-b06b-498b73ec1364,22,SEARCH,2026-02-26T21:12:53.325067
ec5bf1f7-2a55-4a83-9709-2df9b1283cc9,4,SEARCH,2026-02-26T21:27:53.325067
4a23856f-1744-4f2d-9fa5-e3b8a9c98d5d,11,SEARCH,2026-02-26T21:32:53.325067
e784cea5-091b-44e9-bafa-a30bf09488b3,13,SEARCH,2026-02-26T21:33:53.325067
f4c4d321-f7c1-4ff1-8731-53e8e0a0f715,16,SEARCH,2026-02-26T21:34:53.325067
f5a24716-0b1a-4022-9c26-9ba796ce0e0b,9,SEARCH,2026-02-26T21:47:53.325067
7a23bd45-f094-4da0-a454-e5e51780f9d8,8,SEARCH,2026-02-26T21:48:53.325067
6747140c-efd0-4e7b-989d-bdffb18081a8,22,SEARCH,2026-02-26T22:10:53.325067
a35b5e7f-b562-4240-9e36-2a1fa2f5fe51,11,SEARCH,2026-02-26T22:12:53.325067
b5f25644-f131-468f-b987-44f29cbc0ba6,12,SEARCH,2026-02-26T22:22:53.325067
cff25f10-4746-434c-a27d-cf9673e18828,19,SEARCH,2026-02-26T22:26:53.325067
cced0094-90fa-45a3-9711-dd4566cd0f92,15,SEARCH,2026-02-26T22:37:53.325067
41aabca9-3913-4b03-930d-6c49127df644,11,SEARCH,2026-02-26T22:39:53.325067
952e40d1-9bb7-4e22-8bab-97cf9e8f7a1e,19,SEARCH,2026-02-26T22:50:53.325067
25f6d082-6a51-413b-9783-0f019a400f42,21,SEARCH,2026-02-26T22:59:53.325067
a8593aa1-caa8-4e24-ae7e-4b22b873b129,10,SEARCH,2026-02-26T23:03:53.325067
46ccf373-e384-449e-9168-3c0d8d3c2a87,10,SEARCH,2026-02-26T23:08:53.325067
0ce550f0-2261-430c-87e4-108642207c14,14,SEARCH,2026-02-26T23:09:53.325067
c2208498-58e8-4a60-aee9-784ba412ecce,15,PURCHASE,2026-02-26T23:11:53.325067
80cc2ae5-5000-4948-82e6-cd47416f1529,21,SEARCH,2026-02-26T23:13:53.325067
b24f8168-69cc-47f5-9566-a4630930bdcf,11,SEARCH,2026-02-26T23:14:53.325067
a8593aa1-caa8-4e24-ae7e-4b22b873b129,17,SEARCH,2026-02-26T23:28:53.325067
f42190bc-15f2-4928-b31e-76e81ca22d83,4,SEARCH,2026-02-26T23:30:53.325067
18e9d94d-07bd-4efa-be63-e36cea6f79a4,10,SEARCH,2026-02-26T23:34:53.325067
6c70e8d6-0101-4704-bb35-39d5e9ecd5c2,27,PURCHASE,2026-02-26T23:58:53.325067
20bce24e-5929-483e-88f3-868a841043e0,10,PURCHASE,2026-02-27T00:14:53.325067
cd4ee3a2-47e1-4627-b2b7-51c6b6e70707,6,SEARCH,2026-02-27T00:35:53.325067
fe818ba4-0153-43af-9d9f-d010085c48d3,7,SEARCH,2026-02-27T00:38:53.325067
952e40d1-9bb7-4e22-8bab-97cf9e8f7a1e,10,SEARCH,2026-02-27T01:05:53.325067
993f0dbf-2553-415d-9d50-be9b0928e9b7,19,SEARCH,2026-02-27T01:17:53.325067
b4e35238-0ed8-4b94-8821-f723d26ed22c,8,SEARCH,2026-02-27T01:50:53.325067
a4856a37-4ff9-4684-b895-fa21a8cbd085,8,PURCHASE,2026-02-27T02:25:53.325067
d1d3a393-8a5c-47fb-b5bc-9297839685ee,29,SEARCH,2026-02-27T02:44:53.325067
7f31a02d-6bf8-4c93-ae8c-a227e3dd4e1c,8,SEARCH,2026-02-27T02:44:53.325067
45ae47a9-2614-40b2-84b3-530b061ae6f3,28,SEARCH,2026-02-27T02:48:53.325067
abb9826b-4bb0-4c47-b79d-ea82adf92050,14,SEARCH,2026-02-27T02:50:53.325067
a411d6a4-de67-444c-a8c0-308e8d06e7f9,20,SEARCH,2026-02-27T02:50:53.325067
228f70d1-8981-4a30-9694-1d276a881382,23,SEARCH,2026-02-27T03:05:53.325067
08e72634-2463-427b-b483-84616f3685a4,6,SEARCH,2026-02-27T03:08:53.325067
f81d9aac-045b-487b-8eb7-78f2e6c87ad6,13,SEARCH,2026-02-27T03:28:53.325067
b6a94374-7d42-4029-a262-dbf92b8615ed,13,SEARCH,2026-02-27T03:30:53.325067
f9319695-b786-429e-bafc-67d5cbc9597d,28,SEARCH,2026-02-27T03:39:53.325067
905d306a-e61c-4450-8d56-c3c9d8cf6ec1,14,SEARCH,2026-02-27T03:40:53.325067
b98cd1f3-3b05-4f31-9a57-b968715100b3,13,SEARCH,2026-02-27T03:48:53.325067
cc641e38-4587-4679-b245-6094f0dd6eec,4,SEARCH,2026-02-27T03:56:53.325067
6b11e257-0626-4984-b586-4da8c2814316,3,SEARCH,2026-02-27T04:01:53.325067
114a3a20-1ec3-41c7-9356-8bcf7aff63fa,11,PURCHASE,2026-02-27T04:09:53.325067
a69a944d-df32-48a7-828c-541bfd89d18c,10,SEARCH,2026-02-27T04:19:53.325067
518d1791-c480-4d43-9842-025adce0018a,4,PURCHASE,2026-02-27T04:27:53.325067
a5194c33-76e7-4078-b66d-bc382b838987,8,SEARCH,2026-02-27T04:33:53.325067
6a02f2af-bf52-4219-a484-36c3503deea8,26,SEARCH,2026-02-27T04:35:53.325067
8aa4e24e-b641-4e27-90ad-ae70b2653a10,13,SEARCH,2026-02-27T04:46:53.325067
e6051a4d-abd3-44a0-916c-40d50fc0f738,7,SEARCH,2026-02-27T04:47:53.325067
6eab0579-7d84-4c14-93f7-7afac138240b,11,PURCHASE,2026-02-27T04:53:53.325067
649ec5cb-fa6d-406d-a416-6a6933954f79,6,PURCHASE,2026-02-27T04:55:53.325067
77be904d-ae03-46de-a946-154376326fac,9,SEARCH,2026-02-27T05:12:53.325067
a3a3e7fd-0509-4231-a9f5-b23f1c697f12,13,SEARCH,2026-02-27T05:14:53.325067
83cc2298-5978-4813-82b3-44bd610242d8,9,SEARCH,2026-02-27T05:35:53.325067
4841323c-9834-439e-a84f-71a77a9d4d1c,14,SEARCH,2026-02-27T05:46:53.325067
6b388271-763a-4a1e-b54d-9a41473d6cc7,20,SEARCH,2026-02-27T05:47:53.325067
6970fdd5-2a61-4aa5-b1ee-eca9ae7bbbd9,5,SEARCH,2026-02-27T05:57:53.325067
6747140c-efd0-4e7b-989d-bdffb18081a8,22,SEARCH,2026-02-27T06:01:53.325067
5b5ca9f4-bcca-4a64-9f37-442e28c71e88,12,PURCHASE,2026-02-27T06:05:53.325067
c2208498-58e8-4a60-aee9-784ba412ecce,20,SEARCH,2026-02-27T06:11:53.325067
6b3f9a86-54b2-440b-bc2e-1b1f1c640d49,15,SEARCH,2026-02-27T06:14:53.325067
c64b9411-6286-45b6-9c58-4b7809b57cf9,9,SEARCH,2026-02-27T06:20:53.325067
cc876e06-27ba-4dfa-b925-231965647920,20,SEARCH,2026-02-27T06:21:53.325067
58509eb1-425d-4ca5-81bd-306d21b3d8e4,35,SEARCH,2026-02-27T06:30:53.325067
61e2bd04-bc08-4f83-a50c-ca72347e4c0d,29,SEARCH,2026-02-27T06:32:53.325067
c5e57418-eebb-4887-abd9-ba54dbb7529c,15,SEARCH,2026-02-27T06:42:53.325067
c0e792a3-7927-4223-bec7-202c6fbcef07,20,SEARCH,2026-02-27T06:44:53.325067
694d4b11-cdb4-46da-869c-44dc427440bc,26,PURCHASE,2026-02-27T06:48:53.325067
e361ca2c-d5b2-4165-ae61-cbc9895bd43b,15,SEARCH,2026-02-27T06:53:53.325067
9da8e83a-ee12-4409-965b-324e3e2198fa,21,SEARCH,2026-02-27T06:55:53.325067
d0dfd001-aa3f-40c1-8c8d-6d5a0594735b,17,SEARCH,2026-02-27T07:31:53.325067
6c70e8d6-0101-4704-bb35-39d5e9ecd5c2,5,SEARCH,2026-02-27T07:34:53.325067
939104dd-4d20-4b27-9fa0-d8f87d70973b,14,SEARCH,2026-02-27T07:46:53.325067
01e53c67-0cb2-4f21-8eee-ef6246003908,26,SEARCH,2026-02-27T07:58:53.325067
182ef987-a6d6-4329-abe8-2da0782d5dfb,10,SEARCH,2026-02-27T08:13:53.325067
1656ea37-9d31-40a9-89f2-4986e158ea4b,8,SEARCH,2026-02-27T08:15:53.325067
86d658a5-b15f-4ac1-a7fc-f30974f84164,10,SEARCH,2026-02-27T08:16:53.325067
a809b711-aa64-4474-8e48-d243ab6f8baf,30,SEARCH,2026-02-27T08:58:53.325067
1b74deef-1d13-4b12-bb5d-3eba04c38638,2,SEARCH,2026-02-27T09:10:53.325067
9f1cfd91-01fa-41a2-a636-af0b8b4ade9f,19,SEARCH,2026-02-27T09:23:53.325067
25a9a47e-8243-4dd7-a1ea-c6a1291bd002,26,SEARCH,2026-02-27T09:46:53.325067
abfb412e-37c0-489f-9efe-79058e16df0d,14,SEARCH,2026-02-27T09:48:53.325067
023d151c-6757-4419-87e2-88e1c2687a07,8,SEARCH,2026-02-27T10:02:53.325067
659760cc-0f68-416d-a3b0-c36876d92e07,25,PURCHASE,2026-02-27T10:19:53.325067
f56e5db2-c63d-432e-ab21-652e585a1229,22,SEARCH,2026-02-27T10:19:53.325067
6a02f2af-bf52-4219-a484-36c3503deea8,8,SEARCH,2026-02-27T10:22:53.325067
be27ad6a-f5a6-49b2-b27d-714f889c9ef0,17,SEARCH,2026-02-27T10:27:53.325067
f235ab0f-557a-40dd-afaa-9ea9983aeb5f,11,SEARCH,2026-02-27T10:27:53.325067
e0178b1c-b664-4fb1-ba29-c4fa6109c485,7,PURCHASE,2026-02-27T10:36:53.325067
3af5dfea-d509-43c2-b0d4-9fbc5a1f50eb,18,SEARCH,2026-02-27T10:39:53.325067
a266d188-7a9f-4b44-b73e-2d7af82b6ca9,14,SEARCH,2026-02-27T10:46:53.325067
6b11e257-0626-4984-b586-4da8c2814316,15,PURCHASE,2026-02-27T10:48:53.325067
08e72634-2463-427b-b483-84616f3685a4,37,SEARCH,2026-02-27T10:53:53.325067
fe818ba4-0153-43af-9d9f-d010085c48d3,8,PURCHASE,2026-02-27T11:24:53.325067
8ff32a31-17ef-4383-b1da-c325a30d8972,6,SEARCH,2026-02-27T11:25:53.325067
a3af1b4b-67a2-4c90-8b8f-e8de1f44596e,28,SEARCH,2026-02-27T11:26:53.325067
fcb22bfc-6128-495e-be2c-b0a43c231973,11,SEARCH,2026-02-27T11:36:53.325067
65b00138-3ad1-4210-8326-f5f0f920a927,32,SEARCH,2026-02-27T11:40:53.325067
b24f8168-69cc-47f5-9566-a4630930bdcf,20,SEARCH,2026-02-27T11:48:53.325067
a5194c33-76e7-4078-b66d-bc382b838987,31,SEARCH,2026-02-27T11:53:53.325067
1daf6cb5-b47b-4197-89f2-3e9e8659bdc1,31,SEARCH,2026-02-27T11:55:53.325067
e5635040-1736-4b05-9eaf-c6d0eca3b36b,7,SEARCH,2026-02-27T12:03:53.325067
6e14bc6d-596f-402c-9364-0466af03fd90,22,SEARCH,2026-02-27T12:03:53.325067
8d48589b-224d-4458-ab9a-bf947357f7bf,12,SEARCH,2026-02-27T12:05:53.325067
13226df5-061b-4a9f-b90c-461443dc42a6,4,SEARCH,2026-02-27T12:37:53.325067
69154f7b-e3ef-4c53-99df-21f118c9c540,3,SEARCH,2026-02-27T12:42:53.325067
94e4d379-358e-468b-8f7c-126dbbb289fa,11,SEARCH,2026-02-27T12:52:53.325067
f4c4d321-f7c1-4ff1-8731-53e8e0a0f715,4,SEARCH,2026-02-27T12:54:53.325067
bafee8fe-61e3-4094-8b70-c522f511b4e6,27,SEARCH,2026-02-27T13:01:53.325067
a97b1044-6e48-4aea-b988-5c6d42bdefb6,9,SEARCH,2026-02-27T13:04:53.325067
d5355a54-1fab-49ee-9adc-ab2f6e6d987b,32,PURCHASE,2026-02-27T13:09:53.325067
6e14bc6d-596f-402c-9364-0466af03fd90,4,PURCHASE,2026-02-27T13:24:53.325067
cb9726b6-0a1f-4ad1-8362-4a50548667ba,4,SEARCH,2026-02-27T13:44:53.325067
30105cba-fafd-492e-be7e-b1e0ac9e282d,11,SEARCH,2026-02-27T13:48:53.325067
4d036e41-d90b-41cf-9073-34efdbe8ec2e,13,SEARCH,2026-02-27T13:49:53.325067
b35e0ba4-5b13-4e14-8262-969524977292,14,SEARCH,2026-02-27T14:01:53.325067
30105cba-fafd-492e-be7e-b1e0ac9e282d,12,SEARCH,2026-02-27T14:03:53.325067
a9997e2c-1247-4e74-9f46-182e61dd09f2,11,SEARCH,2026-02-27T14:06:53.325067
6865ed66-412e-4e21-83e6-46107262df72,18,SEARCH,2026-02-27T14:08:53.325067
6d5292b3-ee9a-4f00-b7a3-bc17f80f166f,8,SEARCH,2026-02-27T14:13:53.325067
be4f84e9-09e7-4d00-85b6-9d8d779b1eb2,5,PURCHASE,2026-02-27T14:16:53.325067
8ff32a31-17ef-4383-b1da-c325a30d8972,9,SEARCH,2026-02-27T15:08:53.325067
228f70d1-8981-4a30-9694-1d276a881382,17,SEARCH,2026-02-27T15:21:53.325067
da2676de-00a0-4815-bd02-43e018860d96,27,SEARCH,2026-02-27T15:30:53.325067
1b14a076-d2ef-4e4a-b995-407e692c52c0,10,SEARCH,2026-02-27T15:33:53.325067
5283ccce-a054-40e5-b753-f8fac4704baf,5,SEARCH,2026-02-27T15:48:53.325067
9da8e83a-ee12-4409-965b-324e3e2198fa,18,SEARCH,2026-02-27T15:49:53.325067
8cb126e9-21f0-4b02-90b2-c15e6504b750,10,SEARCH,2026-02-27T15:56:53.325067
c2c49c28-c2f2-414d-be9c-903e90fa7cb1,28,SEARCH,2026-02-27T16:08:53.325067
f235ab0f-557a-40dd-afaa-9ea9983aeb5f,20,PURCHASE,2026-02-27T16:19:53.325067
67fc04f2-f83c-49fc-bf0a-b7acd06a81dc,7,SEARCH,2026-02-27T16:20:53.325067
b0dc1cb2-7de9-4b0c-8611-aa4300a53faf,17,PURCHASE,2026-02-27T16:27:53.325067
153982c3-0a07-4f2c-bf34-6bc1b976aa1b,17,SEARCH,2026-02-27T16:33:53.325067
fe56cc6a-d6e2-45c9-8ff5-23371d3f93f8,32,SEARCH,2026-02-27T16:39:53.325067
5726b442-95dd-4d17-9d43-25648739720c,13,SEARCH,2026-02-27T16:47:53.325067
e9903e8d-7458-4f4f-9745-a59f893cc56c,15,PURCHASE,2026-02-27T16:58:53.325067
a104e888-08f8-401e-a3e4-e91eced010d5,27,SEARCH,2026-02-27T17:04:53.325067
aa6b21a4-8c72-4957-9afa-6231cd81b533,12,SEARCH,2026-02-27T17:24:53.325067
a411d6a4-de67-444c-a8c0-308e8d06e7f9,18,SEARCH,2026-02-27T17:26:53.325067
e713fcfa-0921-4f87-9b0b-f4fea9c533b3,12,SEARCH,2026-02-27T17:27:53.325067
3dc5dc12-5c3f-41de-a6de-cb8ac60ae022,11,SEARCH,2026-02-27T17:37:53.325067
213d181a-c484-4cd9-b77a-556fd29f693e,22,SEARCH,2026-02-27T17:42:53.325067
93464a6b-ef94-4603-a3ed-00786c9be40c,5,SEARCH,2026-02-27T17:46:53.325067
80cc2ae5-5000-4948-82e6-cd47416f1529,8,SEARCH,2026-02-27T18:01:53.325067
b1b1b89a-fee0-4235-8467-73910d194ed8,5,SEARCH,2026-02-27T18:03:53.325067
0ce550f0-2261-430c-87e4-108642207c14,17,SEARCH,2026-02-27T18:11:53.325067
636d7396-1683-4a3e-82c0-9ae0c3301625,15,SEARCH,2026-02-27T18:19:53.325067
beac9ba3-aa64-4f03-b94a-7023bf75b478,25,PURCHASE,2026-02-27T18:20:53.325067
e1f9159b-0c8e-4734-a379-c6745ef1486c,17,SEARCH,2026-02-27T18:21:53.325067
be9356ce-e999-4003-9fdd-02d9422dba77,20,SEARCH,2026-02-27T18:24:53.325067
f9319695-b786-429e-bafc-67d5cbc9597d,3,SEARCH,2026-02-27T18:24:53.325067
abb9826b-4bb0-4c47-b79d-ea82adf92050,25,SEARCH,2026-02-27T18:36:53.325067
93464a6b-ef94-4603-a3ed-00786c9be40c,12,SEARCH,2026-02-27T18:44:53.325067
1656ea37-9d31-40a9-89f2-4986e158ea4b,11,SEARCH,2026-02-27T18:47:53.325067
f9319695-b786-429e-bafc-67d5cbc9597d,9,SEARCH,2026-02-27T18:47:53.325067
0cf97aed-2f42-42d3-ab87-67b1f77fd99f,24,SEARCH,2026-02-27T19:04:53.325067
756233ce-74a6-4cc7-81a8-d9f3d1e0ca29,14,SEARCH,2026-02-27T19:16:53.325067
1844715d-6c92-4eb9-b947-dc14a551090f,23,SEARCH,2026-02-27T19:17:53.325067
05ecab31-be05-4cdd-97bd-8fa1a1d86061,3,SEARCH,2026-02-27T19:26:53.325067
26347d35-a405-4d26-8f05-e1e3606c040b,16,SEARCH,2026-02-27T19:38:53.325067
08e72634-2463-427b-b483-84616f3685a4,26,SEARCH,2026-02-27T19:40:53.325067
4453932d-0094-4102-b5e1-d4f9438748e5,15,SEARCH,2026-02-27T19:41:53.325067
b4f47da9-9f4e-4b98-ae9c-bb815ae1bed4,12,SEARCH,2026-02-27T19:42:53.325067
69e263ee-7429-4a8d-8504-5817a13a7c44,14,PURCHASE,2026-02-27T19:46:53.325067
a8b6a507-8fe3-4898-9d4d-1e3179236159,29,SEARCH,2026-02-27T19:55:53.325067
531e8327-da0a-43e5-89ad-4038b82508d7,10,SEARCH,2026-02-27T19:57:53.325067
1daf6cb5-b47b-4197-89f2-3e9e8659bdc1,6,SEARCH,2026-02-27T20:16:53.325067
4841323c-9834-439e-a84f-71a77a9d4d1c,8,SEARCH,2026-02-27T20:23:53.325067
abb9826b-4bb0-4c47-b79d-ea82adf92050,14,SEARCH,2026-02-27T20:24:53.325067
b6a94374-7d42-4029-a262-dbf92b8615ed,15,PURCHASE,2026-02-27T20:36:53.325067
d58a8e77-5dfb-4e2a-9cb2-4ca81ba24791,16,SEARCH,2026-02-27T20:37:53.325067
c5e57418-eebb-4887-abd9-ba54dbb7529c,22,SEARCH,2026-02-27T20:42:53.325067
82f01968-17c4-4417-a691-e7a2988e5978,21,SEARCH,2026-02-27T20:46:53.325067
b35e0ba4-5b13-4e14-8262-969524977292,12,SEARCH,2026-02-27T20:47:53.325067
abb9826b-4bb0-4c47-b79d-ea82adf92050,16,SEARCH,2026-02-27T20:56:53.325067
a2c99087-55d9-47cd-89bf-ee21b3e28061,4,SEARCH,2026-02-27T21:03:53.325067
ceb9a5ba-9a79-4f1b-b8f4-27e6afad4574,22,SEARCH,2026-02-27T21:19:53.325067
0007b2db-6653-42bd-8ba0-71309134929e,31,SEARCH,2026-02-27T21:21:53.325067
920036aa-1e46-4c61-b723-5f6d549697b4,17,SEARCH,2026-02-27T21:24:53.325067
0e4891c7-dfb1-4146-a36d-8dc97450f860,6,SEARCH,2026-02-27T21:52:53.325067
711674ac-dc45-4de7-9011-a7e336437ff1,8,SEARCH,2026-02-27T22:07:53.325067
bafee8fe-61e3-4094-8b70-c522f511b4e6,12,SEARCH,2026-02-27T22:31:53.325067
58e6b90e-7ffb-4711-8a7a-d4cc429e2e2f,3,SEARCH,2026-02-27T22:32:53.325067
829dfd5f-4297-4a1a-b229-c9152f168d4a,20,SEARCH,2026-02-27T22:36:53.325067
7583157b-c485-47ba-a784-d27950bebdca,8,SEARCH,2026-02-27T22:46:53.325067
114a3a20-1ec3-41c7-9356-8bcf7aff63fa,9,PURCHASE,2026-02-27T23:00:53.325067
6668ee69-9898-455a-a605-8fffe66fd4b9,21,SEARCH,2026-02-27T23:02:53.325067
d68a52f6-e14d-436a-b6bd-8a499a1e564d,17,SEARCH,2026-02-27T23:12:53.325067
d68a52f6-e14d-436a-b6bd-8a499a1e564d,18,SEARCH,2026-02-27T23:20:53.325067
32d89891-5b6f-49af-8a74-dd0d02624fde,7,PURCHASE,2026-02-27T23:40:53.325067
a2cab50a-a546-4179-b87c-d78b53283047,3,SEARCH,2026-02-27T23:49:53.325067
96e8c26e-0ec2-4efc-9437-af2b9dbaccd4,13,PURCHASE,2026-02-27T23:51:53.325067
3b807a78-e1dc-4eda-9a48-0f7d2fdebf76,13,SEARCH,2026-02-27T23:52:53.325067
d21cd464-e517-42cd-81cb-f6bce7ede675,14,SEARCH,2026-02-27T23:53:53.325067
c59d01d9-bd2f-48c8-bebf-ba4e9345c47f,9,SEARCH,2026-02-27T23:58:53.325067
b4f47da9-9f4e-4b98-ae9c-bb815ae1bed4,12,SEARCH,2026-02-28T00:06:53.325067
0e4891c7-dfb1-4146-a36d-8dc97450f860,23,SEARCH,2026-02-28T00:08:53.325067
ff66b882-8c64-4453-96af-33ea3fc977ae,10,SEARCH,2026-02-28T00:22:53.325067
dd555b7b-8353-4885-872e-2d0c9a1439ff,17,SEARCH,2026-02-28T00:29:53.325067
9345cf47-4508-4fcb-8fc2-de521160be73,20,SEARCH,2026-02-28T00:35:53.325067
023d151c-6757-4419-87e2-88e1c2687a07,7,SEARCH,2026-02-28T00:38:53.325067
42052f5a-939c-4821-aaab-9e8fc026ddcd,4,SEARCH,2026-02-28T00:57:53.325067
756233ce-74a6-4cc7-81a8-d9f3d1e0ca29,11,SEARCH,2026-02-28T01:02:53.325067
08e72634-2463-427b-b483-84616f3685a4,20,SEARCH,2026-02-28T01:06:53.325067
4bd6b982-dac9-4d73-b582-eeda940ab590,22,SEARCH,2026-02-28T01:19:53.325067
eea6fef7-54a8-4ff0-bdfb-923b4c4641ae,9,SEARCH,2026-02-28T01:29:53.325067
8cb126e9-21f0-4b02-90b2-c15e6504b750,21,SEARCH,2026-02-28T01:47:53.325067
ab10de25-9543-4ead-9a7e-ef5d55b2e648,5,SEARCH,2026-02-28T02:00:53.325067
ddb8726e-1052-45d7-84f0-77d9b0847c39,5,PURCHASE,2026-02-28T02:00:53.325067
e0a9d7da-890c-4d19-aa6d-18ae709ee7c3,18,SEARCH,2026-02-28T02:06:53.325067
025da52c-3daa-4ade-be62-1f35affd5e4d,14,SEARCH,2026-02-28T02:17:53.325067
13226df5-061b-4a9f-b90c-461443dc42a6,20,PURCHASE,2026-02-28T02:26:53.325067
b0f0703f-1ab9-4b58-a3a7-c5abaa6ccbee,16,SEARCH,2026-02-28T02:32:53.325067
79332f3d-1eed-42f9-a7c7-9f511c98e52b,2,SEARCH,2026-02-28T02:45:53.325067
8cd8d36b-2249-410a-863c-4887671d5e9c,13,SEARCH,2026-02-28T02:45:53.325067
6a337bfb-e9cc-4380-b663-66489efc264e,15,SEARCH,2026-02-28T03:02:53.325067
65b3a875-4c50-41b3-835e-05d868593233,16,SEARCH,2026-02-28T03:33:53.325067
83cc2298-5978-4813-82b3-44bd610242d8,23,SEARCH,2026-02-28T03:35:53.325067
939104dd-4d20-4b27-9fa0-d8f87d70973b,8,PURCHASE,2026-02-28T03:36:53.325067
2b95a003-e0b9-4cd7-b99d-90bbfffcfde0,21,PURCHASE,2026-02-28T03:51:53.325067
a411d6a4-de67-444c-a8c0-308e8d06e7f9,10,SEARCH,2026-02-28T04:06:53.325067
0136a4e4-4cf3-4568-a345-e6c1ac040b27,12,SEARCH,2026-02-28T04:09:53.325067
499e0a6a-0709-4df6-82f3-c75fa0ae73db,18,SEARCH,2026-02-28T04:17:53.325067
3c9f5f5e-4057-4f9b-bd74-b529ecfa677a,26,SEARCH,2026-02-28T04:22:53.325067
59d71863-56d4-431a-b846-38c3ff9fa769,23,SEARCH,2026-02-28T04:26:53.325067
576df0b8-64a6-457e-9ccc-65bbf71e8991,20,SEARCH,2026-02-28T04:47:53.325067
93464a6b-ef94-4603-a3ed-00786c9be40c,9,SEARCH,2026-02-28T04:51:53.325067
918a7dab-fad0-4b26-8de2-2fcadd0fc18f,30,SEARCH,2026-02-28T05:02:53.325067
531e8327-da0a-43e5-89ad-4038b82508d7,7,SEARCH,2026-02-28T05:15:53.325067
2ac44fa5-420c-4322-8205-6f996ab44548,3,PURCHASE,2026-02-28T05:16:53.325067
ad965232-d3a1-429c-a8a6-8736e3192620,18,PURCHASE,2026-02-28T05:26:53.325067
8cb126e9-21f0-4b02-90b2-c15e6504b750,24,PURCHASE,2026-02-28T05:28:53.325067
4601a6c8-8df1-44ae-9935-ace3346f3fb3,23,SEARCH,2026-02-28T05:46:53.325067
1afa6b41-20e7-4505-992d-33ffad21857d,24,PURCHASE,2026-02-28T05:50:53.325067
78b207a8-4f03-4de8-8b7a-56f69d1aa3ce,25,SEARCH,2026-02-28T06:09:53.325067
b4f47da9-9f4e-4b98-ae9c-bb815ae1bed4,9,PURCHASE,2026-02-28T06:11:53.325067
296d3bca-9d86-40fa-a523-94e710959c8a,4,SEARCH,2026-02-28T06:16:53.325067
f7f334f6-5642-4135-a8e4-3ebf647136be,17,SEARCH,2026-02-28T06:18:53.325067
6e5d0363-9bbc-44da-99f4-4d57c280690a,9,PURCHASE,2026-02-28T06:20:53.325067
39356aa4-1005-4f5d-873e-2bedf8ab70b6,9,SEARCH,2026-02-28T06:32:53.325067
8afa90c5-ff76-47ab-a95d-beba635ae545,11,PURCHASE,2026-02-28T06:39:53.325067
25f6d082-6a51-413b-9783-0f019a400f42,11,PURCHASE,2026-02-28T06:43:53.325067
d5355a54-1fab-49ee-9adc-ab2f6e6d987b,5,PURCHASE,2026-02-28T06:54:53.325067
9ccd0da8-437a-4a8f-a695-55c0be365599,24,SEARCH,2026-02-28T07:00:53.325067
7583157b-c485-47ba-a784-d27950bebdca,21,SEARCH,2026-02-28T07:20:53.325067
7a9371cb-01a9-499f-86f5-d0bd6452b509,28,SEARCH,2026-02-28T07:36:53.325067
9b42292f-a51f-4d75-8725-5d2ab7b41c74,9,SEARCH,2026-02-28T07:46:53.325067
e52aaa84-a13e-4176-9949-70c69bd54d38,25,SEARCH,2026-02-28T07:49:53.325067
1656ea37-9d31-40a9-89f2-4986e158ea4b,13,SEARCH,2026-02-28T08:02:53.325067
df3ad564-7cee-4fe9-96a9-84a7092a5e63,7,SEARCH,2026-02-28T08:03:53.325067
2d604157-6dd3-49cd-8d09-518c32ac42d1,18,SEARCH,2026-02-28T08:05:53.325067
023d151c-6757-4419-87e2-88e1c2687a07,7,SEARCH,2026-02-28T08:11:53.325067
ef6d8c59-0cd7-4538-85ec-fd90391165f7,12,SEARCH,2026-02-28T08:20:53.325067
a97b1044-6e48-4aea-b988-5c6d42bdefb6,25,SEARCH,2026-02-28T08:55:53.325067
ceb9a5ba-9a79-4f1b-b8f4-27e6afad4574,15,SEARCH,2026-02-28T08:56:53.325067
73fe18cf-94b1-4974-bdc7-7cc358c52e03,8,SEARCH,2026-02-28T09:00:53.325067
f549fe2e-bad5-4330-ad02-22ce552041a3,16,SEARCH,2026-02-28T09:03:53.325067
cc876e06-27ba-4dfa-b925-231965647920,14,SEARCH,2026-02-28T09:05:53.325067
e518304f-f0c2-4d0e-b24c-df7c91bc9983,13,SEARCH,2026-02-28T09:12:53.325067
425260d4-ed1f-4c19-9d2d-5fad0141f6c5,21,SEARCH,2026-02-28T09:16:53.325067
72b6e864-78a7-4e9c-96fe-6840cbd0bd9e,11,SEARCH,2026-02-28T09:24:53.325067
a8b6a507-8fe3-4898-9d4d-1e3179236159,25,SEARCH,2026-02-28T09:40:53.325067
7c08278c-45df-4aec-a828-f8ec5848e626,5,SEARCH,2026-02-28T09:46:53.325067
a2c99087-55d9-47cd-89bf-ee21b3e28061,13,SEARCH,2026-02-28T09:49:53.325067
433f9cd8-a64b-42cc-8304-054b6770950f,27,SEARCH,2026-02-28T09:52:53.325067
79332f3d-1eed-42f9-a7c7-9f511c98e52b,21,SEARCH,2026-02-28T09:53:53.325067
c5846c3d-3f65-4152-bf10-d1fef5f44b56,10,PURCHASE,2026-02-28T10:00:53.325067
2b95a003-e0b9-4cd7-b99d-90bbfffcfde0,17,SEARCH,2026-02-28T10:34:53.325067
1daf6cb5-b47b-4197-89f2-3e9e8659bdc1,11,SEARCH,2026-02-28T10:43:53.325067
1e682063-354b-4a0a-b1fb-d4744df87fb1,8,SEARCH,2026-02-28T10:45:53.325067
41aabca9-3913-4b03-930d-6c49127df644,4,SEARCH,2026-02-28T10:47:53.325067
5b48744a-3ab9-4929-b9b3-2a391792b2a6,11,SEARCH,2026-02-28T10:53:53.325067
cd4ee3a2-47e1-4627-b2b7-51c6b6e70707,9,SEARCH,2026-02-28T10:53:53.325067
9345cf47-4508-4fcb-8fc2-de521160be73,25,SEARCH,2026-02-28T11:04:53.325067
b4d8ef13-63c6-4cd5-8013-261faa512ff8,8,SEARCH,2026-02-28T11:05:53.325067
5b48744a-3ab9-4929-b9b3-2a391792b2a6,16,SEARCH,2026-02-28T11:25:53.325067
90106b81-6da1-4962-b339-2e4818d625ca,8,SEARCH,2026-02-28T11:26:53.325067
59d71863-56d4-431a-b846-38c3ff9fa769,13,SEARCH,2026-02-28T11:35:53.325067
0e881dc0-e5d7-42ac-b53d-4ef8f745502a,23,SEARCH,2026-02-28T11:37:53.325067
3dc5dc12-5c3f-41de-a6de-cb8ac60ae022,16,SEARCH,2026-02-28T11:39:53.325067
ffc7c64f-dde1-44f2-9cf7-74e6493333b1,40,SEARCH,2026-02-28T11:40:53.325067
e0a9d7da-890c-4d19-aa6d-18ae709ee7c3,19,SEARCH,2026-02-28T11:44:53.325067
4febf5cb-8b1b-41fb-9f2a-ef336bf8dee3,10,SEARCH,2026-02-28T13:03:53.325067
27116756-15f1-4e13-84ae-412fb8a0372d,17,SEARCH,2026-02-28T13:17:53.325067
69154f7b-e3ef-4c53-99df-21f118c9c540,21,SEARCH,2026-02-28T13:35:53.325067
30725a43-4ef2-4381-8299-b5e965efb313,25,SEARCH,2026-02-28T13:39:53.325067
1844715d-6c92-4eb9-b947-dc14a551090f,17,SEARCH,2026-02-28T14:04:53.325067
fe818ba4-0153-43af-9d9f-d010085c48d3,11,SEARCH,2026-02-28T14:07:53.325067
a809b711-aa64-4474-8e48-d243ab6f8baf,11,SEARCH,2026-02-28T14:36:53.325067
6668ee69-9898-455a-a605-8fffe66fd4b9,10,PURCHASE,2026-02-28T14:41:53.325067
1248e958-b915-4c0e-bdde-efe06a0fa923,22,SEARCH,2026-02-28T14:50:53.325067
6a02f2af-bf52-4219-a484-36c3503deea8,12,PURCHASE,2026-02-28T15:03:53.325067
694d4b11-cdb4-46da-869c-44dc427440bc,11,SEARCH,2026-02-28T15:11:53.325067
0d9df06b-fab6-464c-92e2-5a874d44718a,4,PURCHASE,2026-02-28T15:14:53.325067
e83eb82f-1852-4dc1-91a8-74d876cf69ef,20,SEARCH,2026-02-28T16:07:53.325067
48493cc2-eb14-4ea1-a460-40c419e10aaa,16,SEARCH,2026-02-28T16:10:53.325067
d37ea336-c09e-43fc-98d9-b4fa1cbdfe96,26,PURCHASE,2026-02-28T16:19:53.325067
21dae28c-1b0b-4331-9a64-bfec29296aab,8,SEARCH,2026-02-28T16:29:53.325067
53346a36-6f23-45f7-8089-1bd846183d7f,4,SEARCH,2026-02-28T16:33:53.325067
6e5d0363-9bbc-44da-99f4-4d57c280690a,10,PURCHASE,2026-02-28T16:34:53.325067
b15e9dc1-38e1-4813-86df-d556946ff7ad,13,SEARCH,2026-02-28T16:42:53.325067
c323d4f0-2ea5-4c35-9ed7-eb6f37c442a8,19,SEARCH,2026-02-28T16:44:53.325067
5efcc330-6be7-47cb-97ac-647f1b2074af,21,SEARCH,2026-02-28T17:09:53.325067
585ff55e-0e22-4a24-8778-c481e8a8f372,10,SEARCH,2026-02-28T17:37:53.325067
d3a790da-c37a-4724-9a5c-988365751ae3,4,SEARCH,2026-02-28T17:47:53.325067
3b807a78-e1dc-4eda-9a48-0f7d2fdebf76,7,SEARCH,2026-02-28T17:52:53.325067
99a0f925-6e74-4262-b2c2-7923c909af64,3,SEARCH,2026-02-28T17:58:53.325067
829dfd5f-4297-4a1a-b229-c9152f168d4a,16,SEARCH,2026-02-28T18:16:53.325067
6865ed66-412e-4e21-83e6-46107262df72,25,SEARCH,2026-02-28T18:32:53.325067
05ecab31-be05-4cdd-97bd-8fa1a1d86061,16,SEARCH,2026-02-28T19:19:53.325067
57a0ee7c-be22-482d-83db-f232845aaf0a,21,SEARCH,2026-02-28T19:21:53.325067
8fb04133-739c-4977-b1b4-50e729b3b1a9,17,SEARCH,2026-02-28T19:34:53.325067
d6f65542-48fa-4984-bb0f-49c757934d5a,14,SEARCH,2026-02-28T19:58:53.325067
d9cfa097-b8b1-438c-ba43-f186292c2fd4,23,SEARCH,2026-02-28T20:17:53.325067
32363098-54ef-4853-93c8-083b04b5aa7f,28,SEARCH,2026-02-28T20:45:53.325067
d5355a54-1fab-49ee-9adc-ab2f6e6d987b,3,SEARCH,2026-02-28T20:47:53.325067
494a6b18-4354-4af1-89e1-cb307e55c9eb,10,SEARCH,2026-02-28T21:00:53.325067
a2e7871b-6fe3-4322-aa44-f620c1694932,20,PURCHASE,2026-02-28T21:10:53.325067
499e0a6a-0709-4df6-82f3-c75fa0ae73db,16,SEARCH,2026-02-28T21:17:53.325067
e9a8ef61-8f21-4a1e-a326-fb36dd78499f,11,SEARCH,2026-02-28T21:39:53.325067
6b11e257-0626-4984-b586-4da8c2814316,8,SEARCH,2026-02-28T21:41:53.325067
f7ead430-c618-4c5a-91a0-c628782dadfc,23,SEARCH,2026-02-28T21:42:53.325067
6491a90a-1252-4522-a4aa-568e054ea3e6,1,SEARCH,2026-02-28T21:51:53.325067
a97b1044-6e48-4aea-b988-5c6d42bdefb6,7,SEARCH,2026-02-28T22:07:53.325067
9463cdf4-2301-41a4-aba5-f74c1946ae9d,16,SEARCH,2026-02-28T22:13:53.325067
550a571a-5410-405b-bb49-ee5a46ec245b,7,SEARCH,2026-02-28T22:26:53.325067
fe56cc6a-d6e2-45c9-8ff5-23371d3f93f8,14,PURCHASE,2026-02-28T22:29:53.325067
ba8f0e72-3209-4387-a358-72c4c62ebad3,4,SEARCH,2026-02-28T22:35:53.325067
6b4554d8-ea98-424e-b4be-aab8653db58d,7,SEARCH,2026-02-28T22:43:53.325067
6b08405f-b4ce-42bd-9146-6292de6f1e65,6,SEARCH,2026-02-28T22:43:53.325067
09acf0d1-0c42-4614-ba7b-024042ad1bb9,15,SEARCH,2026-02-28T23:04:53.325067
5bd2b13f-2c10-4795-b1e4-c9a840aaece9,22,SEARCH,2026-02-28T23:05:53.325067
e1f9159b-0c8e-4734-a379-c6745ef1486c,14,PURCHASE,2026-02-28T23:15:53.325067
cc876e06-27ba-4dfa-b925-231965647920,22,SEARCH,2026-02-28T23:29:53.325067
46d4641b-2c5a-41da-b0c1-daae8c4e9be9,8,SEARCH,2026-02-28T23:36:53.325067
45ae47a9-2614-40b2-84b3-530b061ae6f3,9,SEARCH,2026-02-28T23:45:53.325067
c0f3be62-17ed-46b4-9717-2cebd19f20b6,19,SEARCH,2026-02-28T23:59:53.325067
49fe03be-dcd7-468e-94c9-5e30bdcf9474,10,SEARCH,2026-03-01T00:21:53.325067
d7e15291-054f-4cef-9258-1af87c8a1dc4,20,SEARCH,2026-03-01T00:25:53.325067
a69a944d-df32-48a7-828c-541bfd89d18c,10,SEARCH,2026-03-01T00:47:53.325067
0d626224-6601-4454-8228-d48324dffd72,17,SEARCH,2026-03-01T00:53:53.325067
6970fdd5-2a61-4aa5-b1ee-eca9ae7bbbd9,18,SEARCH,2026-03-01T01:24:53.325067
f7f334f6-5642-4135-a8e4-3ebf647136be,16,SEARCH,2026-03-01T01:28:53.325067
fcf4e7de-ac03-4e81-99f9-b10b754c96a3,25,PURCHASE,2026-03-01T01:34:53.325067
6b08405f-b4ce-42bd-9146-6292de6f1e65,10,SEARCH,2026-03-01T01:36:53.325067
39240802-bb56-4802-b2c3-7ce6909d2480,16,SEARCH,2026-03-01T02:02:53.325067
1b14a076-d2ef-4e4a-b995-407e692c52c0,15,SEARCH,2026-03-01T02:04:53.325067
aa5b2f50-8c9f-47cd-9860-186f7200044e,20,SEARCH,2026-03-01T02:08:53.325067
6491a90a-1252-4522-a4aa-568e054ea3e6,19,SEARCH,2026-03-01T02:19:53.325067
7803904e-2247-4d5c-963f-ccd4ca26faf0,13,SEARCH,2026-03-01T02:23:53.325067
7f31a02d-6bf8-4c93-ae8c-a227e3dd4e1c,19,SEARCH,2026-03-01T02:23:53.325067
7771832c-852f-4810-a1fd-f125909e786d,11,SEARCH,2026-03-01T02:36:53.325067
e8b648b5-cc25-4d43-904e-4c720bd6b748,20,SEARCH,2026-03-01T02:38:53.325067
b35e0ba4-5b13-4e14-8262-969524977292,33,SEARCH,2026-03-01T02:54:53.325067
39240802-bb56-4802-b2c3-7ce6909d2480,18,SEARCH,2026-03-01T03:03:53.325067
be9356ce-e999-4003-9fdd-02d9422dba77,22,SEARCH,2026-03-01T03:37:53.325067
f491c077-9c9e-4db6-9825-b5c397ad2a60,10,SEARCH,2026-03-01T03:43:53.325067
ae1e8831-0783-4359-9259-63a1ac78a340,23,PURCHASE,2026-03-01T03:44:53.325067
631e86cf-35a6-4045-af3c-160a94ce637b,22,SEARCH,2026-03-01T03:50:53.325067
9da8e83a-ee12-4409-965b-324e3e2198fa,12,SEARCH,2026-03-01T04:02:53.325067
86d658a5-b15f-4ac1-a7fc-f30974f84164,13,SEARCH,2026-03-01T04:16:53.325067
52a0a704-e6eb-40b0-9474-a2b9f3b1b933,6,SEARCH,2026-03-01T04:19:53.325067
d6f65542-48fa-4984-bb0f-49c757934d5a,24,SEARCH,2026-03-01T04:22:53.325067
74c694be-f2f1-48b5-9fbb-0a6233a71792,11,SEARCH,2026-03-01T04:23:53.325067
0cf97aed-2f42-42d3-ab87-67b1f77fd99f,3,SEARCH,2026-03-01T04:34:53.325067
86d658a5-b15f-4ac1-a7fc-f30974f84164,14,PURCHASE,2026-03-01T04:48:53.325067
cf0e19c2-6c69-40d8-8d02-2d6e00b017b9,11,SEARCH,2026-03-01T05:09:53.325067
a5194c33-76e7-4078-b66d-bc382b838987,14,SEARCH,2026-03-01T05:47:53.325067
a5194c33-76e7-4078-b66d-bc382b838987,11,SEARCH,2026-03-01T05:51:53.325067
abfb412e-37c0-489f-9efe-79058e16df0d,13,SEARCH,2026-03-01T06:08:53.325067
f989b4c3-a07f-4c59-bf58-a8e48cb67c2c,6,SEARCH,2026-03-01T06:21:53.325067
7a23bd45-f094-4da0-a454-e5e51780f9d8,7,SEARCH,2026-03-01T06:25:53.325067
a8593aa1-caa8-4e24-ae7e-4b22b873b129,15,SEARCH,2026-03-01T06:30:53.325067
9daf70ca-0e57-4862-90bc-00be9bbcd923,31,SEARCH,2026-03-01T06:37:53.325067
c0f3be62-17ed-46b4-9717-2cebd19f20b6,17,PURCHASE,2026-03-01T06:39:53.325067
7ec54411-de28-43fa-a070-67fc7e1239d4,25,SEARCH,2026-03-01T06:39:53.325067
a5194c33-76e7-4078-b66d-bc382b838987,19,SEARCH,2026-03-01T06:42:53.325067
c0e792a3-7927-4223-bec7-202c6fbcef07,12,SEARCH,2026-03-01T06:45:53.325067
df596bcd-5a68-47cc-a9bd-570b97482ed5,13,SEARCH,2026-03-01T07:04:53.325067
c5846c3d-3f65-4152-bf10-d1fef5f44b56,11,SEARCH,2026-03-01T07:06:53.325067
3c40efe4-b5a2-4255-9451-8f4273e6d7bd,19,SEARCH,2026-03-01T07:12:53.325067
e713fcfa-0921-4f87-9b0b-f4fea9c533b3,15,SEARCH,2026-03-01T07:20:53.325067
6668ee69-9898-455a-a605-8fffe66fd4b9,23,SEARCH,2026-03-01T07:20:53.325067
5b5ca9f4-bcca-4a64-9f37-442e28c71e88,13,SEARCH,2026-03-01T07:20:53.325067
a35b5e7f-b562-4240-9e36-2a1fa2f5fe51,27,SEARCH,2026-03-01T07:21:53.325067
6668ee69-9898-455a-a605-8fffe66fd4b9,18,SEARCH,2026-03-01T07:29:53.325067
8fb04133-739c-4977-b1b4-50e729b3b1a9,22,SEARCH,2026-03-01T07:38:53.325067
6e14bc6d-596f-402c-9364-0466af03fd90,21,SEARCH,2026-03-01T07:45:53.325067
f9319695-b786-429e-bafc-67d5cbc9597d,12,SEARCH,2026-03-01T07:48:53.325067
a7b0a94f-8f1c-4958-b500-5144b98128ad,9,SEARCH,2026-03-01T07:49:53.325067
7f31a02d-6bf8-4c93-ae8c-a227e3dd4e1c,13,SEARCH,2026-03-01T07:53:53.325067
e8108cd8-6fef-4a59-bd95-717b807705f7,30,PURCHASE,2026-03-01T07:57:53.325067
e713fcfa-0921-4f87-9b0b-f4fea9c533b3,9,PURCHASE,2026-03-01T08:19:53.325067
efeaa17c-3754-4025-b0fd-57188c4aef5e,18,SEARCH,2026-03-01T08:20:53.325067
2215fb8b-67c1-4f89-bfd5-52d068c5ca4f,15,PURCHASE,2026-03-01T08:29:53.325067
f5a24716-0b1a-4022-9c26-9ba796ce0e0b,29,PURCHASE,2026-03-01T08:30:53.325067
aa5b2f50-8c9f-47cd-9860-186f7200044e,21,SEARCH,2026-03-01T08:37:53.325067
a4856a37-4ff9-4684-b895-fa21a8cbd085,3,SEARCH,2026-03-01T09:02:53.325067
41ee7aa6-429b-4629-8b57-1eb39489d14d,30,SEARCH,2026-03-01T09:09:53.325067
ed8d870f-57f0-4c43-81e2-8db499511c37,25,SEARCH,2026-03-01T09:21:53.325067
575a857f-54be-428f-8863-5245aca9ebd4,17,SEARCH,2026-03-01T09:41:53.325067
b6a94374-7d42-4029-a262-dbf92b8615ed,8,SEARCH,2026-03-01T09:44:53.325067
33163f98-d950-4322-9e3b-be0c9314f97f,7,SEARCH,2026-03-01T09:51:53.325067
ddb8726e-1052-45d7-84f0-77d9b0847c39,19,SEARCH,2026-03-01T10:02:53.325067
b17de091-de72-4f42-87be-e738a35d85a5,26,SEARCH,2026-03-01T10:04:53.325067
636d7396-1683-4a3e-82c0-9ae0c3301625,27,SEARCH,2026-03-01T10:09:53.325067
84532ebd-82c9-4c67-b7ea-55c3ece9c7a4,18,SEARCH,2026-03-01T10:18:53.325067
d1d39266-15c0-4b5b-a8e5-8cdea23f9a93,18,SEARCH,2026-03-01T10:24:53.325067
d1d39266-15c0-4b5b-a8e5-8cdea23f9a93,22,SEARCH,2026-03-01T10:30:53.325067
b35e0ba4-5b13-4e14-8262-969524977292,10,SEARCH,2026-03-01T10:33:53.325067
af55ce6d-8ccc-4ab6-aedb-2a0ab42a12e3,24,SEARCH,2026-03-01T10:43:53.325067
a3af1b4b-67a2-4c90-8b8f-e8de1f44596e,17,SEARCH,2026-03-01T11:04:53.325067
0e1e7889-c27a-483b-97db-e2eaa38fbfcd,8,PURCHASE,2026-03-01T11:17:53.325067
3543cf5f-f9e4-45cc-853e-61e31cdf3d23,14,PURCHASE,2026-03-01T11:31:53.325067
483f4ce6-409d-4630-911f-f580fc8e4081,2,SEARCH,2026-03-01T11:34:53.325067
d4770df7-1eb0-4af7-8f6f-e9563e68b661,5,PURCHASE,2026-03-01T11:35:53.325067
c837742f-a090-4aef-a889-de4e3baf9ebf,19,SEARCH,2026-03-01T11:36:53.325067
494a6b18-4354-4af1-89e1-cb307e55c9eb,3,SEARCH,2026-03-01T11:43:53.325067
59d71863-56d4-431a-b846-38c3ff9fa769,6,SEARCH,2026-03-01T11:59:53.325067
b5d5a5aa-e2a3-493b-b0d9-545f901b58f6,6,SEARCH,2026-03-01T11:59:53.325067
24386d05-3573-49b9-aed4-54347fb9ca2b,15,SEARCH,2026-03-01T12:08:53.325067
06589e07-2571-41d1-a784-6361a9ad35b1,6,SEARCH,2026-03-01T12:08:53.325067
7771832c-852f-4810-a1fd-f125909e786d,38,SEARCH,2026-03-01T12:11:53.325067
79cb8b38-5cd9-4b11-bf31-20b782e0f357,22,SEARCH,2026-03-01T12:18:53.325067
433f9cd8-a64b-42cc-8304-054b6770950f,23,PURCHASE,2026-03-01T12:28:53.325067
28b67510-16da-4c77-896b-2ffba172b497,16,SEARCH,2026-03-01T12:50:53.325067
da12df1d-55f9-4f50-8846-73974e7a3589,16,SEARCH,2026-03-01T13:11:53.325067
0cf97aed-2f42-42d3-ab87-67b1f77fd99f,20,SEARCH,2026-03-01T13:20:53.325067
58e6b90e-7ffb-4711-8a7a-d4cc429e2e2f,10,SEARCH,2026-03-01T13:49:53.325067
ffc7c64f-dde1-44f2-9cf7-74e6493333b1,9,SEARCH,2026-03-01T13:51:53.325067
90b8a8f0-b1ab-476a-9f6e-1b4935b5c76f,8,SEARCH,2026-03-01T14:05:53.325067
78376492-dfe4-4410-8dc6-4d19ec461fec,18,SEARCH,2026-03-01T14:24:53.325067
147ac0ae-d8fe-4eed-8053-f2e45c8d9a0b,25,SEARCH,2026-03-01T14:32:53.325067
670178d5-1be2-43b8-ae51-c78b6e95596d,16,SEARCH,2026-03-01T14:32:53.325067
6a96c77d-5b1a-447c-a920-c59619c1a042,17,SEARCH,2026-03-01T14:33:53.325067
6865ed66-412e-4e21-83e6-46107262df72,27,SEARCH,2026-03-01T14:45:53.325067
efeaa17c-3754-4025-b0fd-57188c4aef5e,14,SEARCH,2026-03-01T14:45:53.325067
5efcc330-6be7-47cb-97ac-647f1b2074af,12,SEARCH,2026-03-01T14:49:53.325067
114a3a20-1ec3-41c7-9356-8bcf7aff63fa,8,SEARCH,2026-03-01T14:59:53.325067
fcf4e7de-ac03-4e81-99f9-b10b754c96a3,17,SEARCH,2026-03-01T15:05:53.325067
b6a94374-7d42-4029-a262-dbf92b8615ed,14,SEARCH,2026-03-01T15:18:53.325067
114a3a20-1ec3-41c7-9356-8bcf7aff63fa,5,SEARCH,2026-03-01T15:21:53.325067
659760cc-0f68-416d-a3b0-c36876d92e07,10,SEARCH,2026-03-01T15:37:53.325067
ceb9a5ba-9a79-4f1b-b8f4-27e6afad4574,14,SEARCH,2026-03-01T15:52:53.325067
b15e9dc1-38e1-4813-86df-d556946ff7ad,17,PURCHASE,2026-03-01T15:59:53.325067
aa5b2f50-8c9f-47cd-9860-186f7200044e,14,SEARCH,2026-03-01T16:06:53.325067
ea88356f-27fa-4a01-82ca-d699a940f2b2,13,SEARCH,2026-03-01T16:12:53.325067
73061176-624e-40a7-ae78-fae7400aec38,20,SEARCH,2026-03-01T16:12:53.325067
7f6ddb48-9c93-4ada-b720-e394f9da044e,9,SEARCH,2026-03-01T16:13:53.325067
24386d05-3573-49b9-aed4-54347fb9ca2b,18,SEARCH,2026-03-01T16:13:53.325067
d0dfd001-aa3f-40c1-8c8d-6d5a0594735b,15,PURCHASE,2026-03-01T16:18:53.325067
025da52c-3daa-4ade-be62-1f35affd5e4d,3,SEARCH,2026-03-01T16:39:53.325067
bb2204d1-bf5a-4650-b7c2-af557946c2ff,10,SEARCH,2026-03-01T16:40:53.325067
6e5d0363-9bbc-44da-99f4-4d57c280690a,11,SEARCH,2026-03-01T16:43:53.325067
990e87ab-835e-4dc4-8e87-09a6add62ed7,26,SEARCH,2026-03-01T16:54:53.325067
e9903e8d-7458-4f4f-9745-a59f893cc56c,24,SEARCH,2026-03-01T16:58:53.325067
08e72634-2463-427b-b483-84616f3685a4,30,PURCHASE,2026-03-01T17:01:53.325067
80b80c0a-551e-4066-8130-783583b6341a,20,SEARCH,2026-03-01T17:10:53.325067
576df0b8-64a6-457e-9ccc-65bbf71e8991,28,SEARCH,2026-03-01T17:18:53.325067
b98cd1f3-3b05-4f31-9a57-b968715100b3,15,SEARCH,2026-03-01T17:32:53.325067
8ae31719-bfe7-462d-98c9-062cc514b618,9,SEARCH,2026-03-01T17:36:53.325067
a2e7871b-6fe3-4322-aa44-f620c1694932,22,PURCHASE,2026-03-01T17:52:53.325067
c7e06cd1-5015-48c6-8ee7-2c10cc0bb46e,27,SEARCH,2026-03-01T18:04:53.325067
5283ccce-a054-40e5-b753-f8fac4704baf,17,SEARCH,2026-03-01T18:17:53.325067
e739eb39-5034-468c-b5e7-b7c1679c2f05,6,SEARCH,2026-03-01T18:19:53.325067
57a0ee7c-be22-482d-83db-f232845aaf0a,8,PURCHASE,2026-03-01T18:42:53.325067
6b3f9a86-54b2-440b-bc2e-1b1f1c640d49,23,SEARCH,2026-03-01T18:57:53.325067
182ef987-a6d6-4329-abe8-2da0782d5dfb,6,SEARCH,2026-03-01T19:05:53.325067
80cc2ae5-5000-4948-82e6-cd47416f1529,16,SEARCH,2026-03-01T19:13:53.325067
78b207a8-4f03-4de8-8b7a-56f69d1aa3ce,16,SEARCH,2026-03-01T19:15:53.325067
313a75c2-6499-4c10-ab25-7c04da298bcb,19,SEARCH,2026-03-01T19:32:53.325067
40b0d04a-ac3a-497e-a265-a239bf90a988,14,SEARCH,2026-03-01T19:54:53.325067
c0e792a3-7927-4223-bec7-202c6fbcef07,8,SEARCH,2026-03-01T20:16:53.325067
ffc7c64f-dde1-44f2-9cf7-74e6493333b1,19,SEARCH,2026-03-01T20:25:53.325067
f42190bc-15f2-4928-b31e-76e81ca22d83,9,SEARCH,2026-03-01T20:27:53.325067
e9a8ef61-8f21-4a1e-a326-fb36dd78499f,10,SEARCH,2026-03-01T20:29:53.325067
829dfd5f-4297-4a1a-b229-c9152f168d4a,25,SEARCH,2026-03-01T20:38:53.325067
1aeab7f6-de86-4010-bc33-de2b26dc48d9,23,SEARCH,2026-03-01T20:38:53.325067
7c08278c-45df-4aec-a828-f8ec5848e626,22,SEARCH,2026-03-01T21:06:53.325067
c2ed763e-ec0e-4b59-b7ff-b2d4bc4f294b,10,SEARCH,2026-03-01T21:19:53.325067
2d604157-6dd3-49cd-8d09-518c32ac42d1,7,SEARCH,2026-03-01T21:21:53.325067
42465bac-01ec-4687-8265-81e0e15fb5c6,13,SEARCH,2026-03-01T21:37:53.325067
c2c49c28-c2f2-414d-be9c-903e90fa7cb1,15,SEARCH,2026-03-01T21:39:53.325067
1bc4281b-e7ff-46f0-95f9-a753144c12f5,5,PURCHASE,2026-03-01T21:45:53.325067
d68a52f6-e14d-436a-b6bd-8a499a1e564d,11,SEARCH,2026-03-01T21:45:53.325067
cf0e19c2-6c69-40d8-8d02-2d6e00b017b9,20,SEARCH,2026-03-01T21:48:53.325067
a002615b-76fb-4fc4-b07f-41e5ae4b2c8b,21,SEARCH,2026-03-01T21:50:53.325067
3c40efe4-b5a2-4255-9451-8f4273e6d7bd,33,SEARCH,2026-03-01T21:56:53.325067
622e8cf8-40ca-4030-b114-0140ec8889a1,11,SEARCH,2026-03-01T22:07:53.325067
a2cab50a-a546-4179-b87c-d78b53283047,5,PURCHASE,2026-03-01T22:20:53.325067
296d3bca-9d86-40fa-a523-94e710959c8a,29,PURCHASE,2026-03-01T22:35:53.325067
7e2ae8e8-578a-47ff-ad9a-ff2af99edb89,11,SEARCH,2026-03-01T22:44:53.325067
4738e68f-b0ba-40cf-a34e-28d8c2e45516,7,PURCHASE,2026-03-01T22:48:53.325067
3dc5dc12-5c3f-41de-a6de-cb8ac60ae022,3,SEARCH,2026-03-01T22:56:53.325067
f7f334f6-5642-4135-a8e4-3ebf647136be,5,SEARCH,2026-03-01T23:00:53.325067
d21cd464-e517-42cd-81cb-f6bce7ede675,16,SEARCH,2026-03-01T23:01:53.325067
e8b648b5-cc25-4d43-904e-4c720bd6b748,16,SEARCH,2026-03-01T23:05:53.325067
153982c3-0a07-4f2c-bf34-6bc1b976aa1b,29,SEARCH,2026-03-01T23:06:53.325067
952e40d1-9bb7-4e22-8bab-97cf9e8f7a1e,22,PURCHASE,2026-03-01T23:13:53.325067
42465bac-01ec-4687-8265-81e0e15fb5c6,10,PURCHASE,2026-03-01T23:23:53.325067
df596bcd-5a68-47cc-a9bd-570b97482ed5,18,SEARCH,2026-03-01T23:29:53.325067
ff9c1a41-68e5-45af-b6a7-b78af120e27c,16,SEARCH,2026-03-01T23:46:53.325067
58509eb1-425d-4ca5-81bd-306d21b3d8e4,16,SEARCH,2026-03-01T23:50:53.325067
c2ed763e-ec0e-4b59-b7ff-b2d4bc4f294b,4,SEARCH,2026-03-02T00:04:53.325067
27116756-15f1-4e13-84ae-412fb8a0372d,7,SEARCH,2026-03-02T00:04:53.325067
d714b999-3c14-4075-87a4-786b3d3df991,3,PURCHASE,2026-03-02T00:08:53.325067
839f5e0b-2b92-4f79-83a4-8ca6b64ab7fb,7,SEARCH,2026-03-02T00:10:53.325067
5efcc330-6be7-47cb-97ac-647f1b2074af,15,SEARCH,2026-03-02T00:13:53.325067
6491a90a-1252-4522-a4aa-568e054ea3e6,17,SEARCH,2026-03-02T00:14:53.325067
090b81e2-0e0d-44fd-be63-77c6570bb85a,14,SEARCH,2026-03-02T00:16:53.325067
a7074121-cd9e-4595-a23e-5345f274fb8a,12,SEARCH,2026-03-02T00:18:53.325067
b4d8ef13-63c6-4cd5-8013-261faa512ff8,9,SEARCH,2026-03-02T00:18:53.325067
81fe3ab1-8822-4b3c-9872-ef9cbd69657a,23,SEARCH,2026-03-02T00:24:53.325067
3a5e0c14-6426-4a1f-b80a-f5d8174568d8,27,SEARCH,2026-03-02T00:33:53.325067
75d49fe9-872c-4b3a-86dc-1932937fee8a,21,SEARCH,2026-03-02T00:56:53.325067
228f70d1-8981-4a30-9694-1d276a881382,5,PURCHASE,2026-03-02T00:56:53.325067
575a857f-54be-428f-8863-5245aca9ebd4,11,SEARCH,2026-03-02T00:59:53.325067
182ef987-a6d6-4329-abe8-2da0782d5dfb,12,PURCHASE,2026-03-02T01:07:53.325067
a002615b-76fb-4fc4-b07f-41e5ae4b2c8b,20,SEARCH,2026-03-02T01:10:53.325067
c0f3be62-17ed-46b4-9717-2cebd19f20b6,6,SEARCH,2026-03-02T01:12:53.325067
c0e792a3-7927-4223-bec7-202c6fbcef07,23,SEARCH,2026-03-02T01:36:53.325067
d0dfd001-aa3f-40c1-8c8d-6d5a0594735b,11,SEARCH,2026-03-02T01:37:53.325067
1aeab7f6-de86-4010-bc33-de2b26dc48d9,17,PURCHASE,2026-03-02T01:56:53.325067
c0f3be62-17ed-46b4-9717-2cebd19f20b6,10,SEARCH,2026-03-02T02:00:53.325067
b5d5a5aa-e2a3-493b-b0d9-545f901b58f6,32,SEARCH,2026-03-02T02:01:53.325067
4841323c-9834-439e-a84f-71a77a9d4d1c,33,SEARCH,2026-03-02T02:01:53.325067
e9903e8d-7458-4f4f-9745-a59f893cc56c,6,SEARCH,2026-03-02T02:09:53.325067
77be904d-ae03-46de-a946-154376326fac,9,SEARCH,2026-03-02T02:21:53.325067
829dfd5f-4297-4a1a-b229-c9152f168d4a,27,SEARCH,2026-03-02T02:30:53.325067
fe56cc6a-d6e2-45c9-8ff5-23371d3f93f8,2,SEARCH,2026-03-02T02:43:53.325067
24386d05-3573-49b9-aed4-54347fb9ca2b,27,SEARCH,2026-03-02T02:52:53.325067
c5846c3d-3f65-4152-bf10-d1fef5f44b56,15,PURCHASE,2026-03-02T03:03:53.325067
d7e15291-054f-4cef-9258-1af87c8a1dc4,10,PURCHASE,2026-03-02T03:10:53.325067
bafee8fe-61e3-4094-8b70-c522f511b4e6,14,SEARCH,2026-03-02T03:11:53.325067
b4f47da9-9f4e-4b98-ae9c-bb815ae1bed4,6,SEARCH,2026-03-02T03:14:53.325067
5b48744a-3ab9-4929-b9b3-2a391792b2a6,13,SEARCH,2026-03-02T03:17:53.325067
69e263ee-7429-4a8d-8504-5817a13a7c44,3,SEARCH,2026-03-02T03:22:53.325067
cff25f10-4746-434c-a27d-cf9673e18828,14,PURCHASE,2026-03-02T03:22:53.325067
ff549393-31f3-414b-818d-aba373db6163,10,SEARCH,2026-03-02T03:29:53.325067
e400a7b4-49fc-4f34-8ee1-eb1089a0a1e4,24,SEARCH,2026-03-02T03:36:53.325067
f2a91885-84ac-4819-b0c7-9ec58273439e,14,PURCHASE,2026-03-02T04:15:53.325067
0d626224-6601-4454-8228-d48324dffd72,37,SEARCH,2026-03-02T04:27:53.325067
0d626224-6601-4454-8228-d48324dffd72,4,SEARCH,2026-03-02T04:39:53.325067
8ae31719-bfe7-462d-98c9-062cc514b618,27,SEARCH,2026-03-02T04:41:53.325067
6668ee69-9898-455a-a605-8fffe66fd4b9,21,SEARCH,2026-03-02T04:49:53.325067
255a0ae0-2e95-4caf-95fc-b6b01608ce02,17,SEARCH,2026-03-02T05:17:53.325067
66a50361-a3ff-4a69-9662-265256095fda,14,SEARCH,2026-03-02T05:37:53.325067
590dfae6-1765-4981-abc4-9bfc8a8eb228,10,SEARCH,2026-03-02T05:40:53.325067
984775f1-a021-46d8-b8f7-f7c4a7db6d81,6,SEARCH,2026-03-02T05:40:53.325067
e520989e-7717-4c98-b144-c70127cf42a1,19,SEARCH,2026-03-02T05:52:53.325067
4ba1e89e-4107-41af-9d43-5feed90d28fc,27,SEARCH,2026-03-02T06:03:53.325067
9c8f276e-86ba-4f0a-8a32-5ed55f5cc597,20,PURCHASE,2026-03-02T06:04:53.325067
1bc4281b-e7ff-46f0-95f9-a753144c12f5,13,SEARCH,2026-03-02T06:04:53.325067
993f0dbf-2553-415d-9d50-be9b0928e9b7,18,SEARCH,2026-03-02T06:08:53.325067
e0178b1c-b664-4fb1-ba29-c4fa6109c485,12,SEARCH,2026-03-02T06:15:53.325067
a9346e7e-17e3-4628-ad19-3b8932ed9b4d,3,PURCHASE,2026-03-02T06:17:53.325067
45b4e5b2-5e91-4e33-a1f3-bcc3cd492b2b,28,SEARCH,2026-03-02T06:28:53.325067
e520989e-7717-4c98-b144-c70127cf42a1,3,SEARCH,2026-03-02T06:36:53.325067
f7f334f6-5642-4135-a8e4-3ebf647136be,9,SEARCH,2026-03-02T06:38:53.325067
a809b711-aa64-4474-8e48-d243ab6f8baf,32,SEARCH,2026-03-02T06:41:53.325067
39356aa4-1005-4f5d-873e-2bedf8ab70b6,25,SEARCH,2026-03-02T06:44:53.325067
b28b69dc-d2c1-4964-8ff0-3991ce0cbb4d,8,PURCHASE,2026-03-02T07:01:53.325067
13226df5-061b-4a9f-b90c-461443dc42a6,24,SEARCH,2026-03-02T07:02:53.325067
11f535cc-5e01-4466-9bee-173cffebc97a,27,SEARCH,2026-03-02T07:17:53.325067
f4c4d321-f7c1-4ff1-8731-53e8e0a0f715,7,SEARCH,2026-03-02T07:25:53.325067
1844715d-6c92-4eb9-b947-dc14a551090f,25,SEARCH,2026-03-02T07:31:53.325067
e3556b91-8a79-40ee-8564-73f6a8c294a8,18,PURCHASE,2026-03-02T07:36:53.325067
a8593aa1-caa8-4e24-ae7e-4b22b873b129,16,SEARCH,2026-03-02T08:05:53.325067
7c08278c-45df-4aec-a828-f8ec5848e626,6,SEARCH,2026-03-02T08:25:53.325067
7ec54411-de28-43fa-a070-67fc7e1239d4,7,SEARCH,2026-03-02T08:31:53.325067
571de027-be48-4045-b4cd-7124699f435e,19,SEARCH,2026-03-02T09:02:53.325067
6a337bfb-e9cc-4380-b663-66489efc264e,7,SEARCH,2026-03-02T09:05:53.325067
d7e15291-054f-4cef-9258-1af87c8a1dc4,14,SEARCH,2026-03-02T09:11:53.325067
a2c99087-55d9-47cd-89bf-ee21b3e28061,18,SEARCH,2026-03-02T09:24:53.325067
952e40d1-9bb7-4e22-8bab-97cf9e8f7a1e,6,SEARCH,2026-03-02T09:42:53.325067
abfb412e-37c0-489f-9efe-79058e16df0d,26,SEARCH,2026-03-02T09:50:53.325067
4841323c-9834-439e-a84f-71a77a9d4d1c,37,SEARCH,2026-03-02T09:50:53.325067
1b14a076-d2ef-4e4a-b995-407e692c52c0,11,PURCHASE,2026-03-02T10:05:53.325067
499e0a6a-0709-4df6-82f3-c75fa0ae73db,33,PURCHASE,2026-03-02T10:09:53.325067
61eeeca9-226b-4492-9998-205f7a300447,14,SEARCH,2026-03-02T10:14:53.325067
77be904d-ae03-46de-a946-154376326fac,29,SEARCH,2026-03-02T10:19:53.325067
e5635040-1736-4b05-9eaf-c6d0eca3b36b,18,SEARCH,2026-03-02T10:26:53.325067
1aeab7f6-de86-4010-bc33-de2b26dc48d9,27,SEARCH,2026-03-02T10:31:53.325067
516c6646-8b42-45fa-9dc3-a3b89b1e4e26,3,SEARCH,2026-03-02T10:31:53.325067
1daf6cb5-b47b-4197-89f2-3e9e8659bdc1,9,SEARCH,2026-03-02T10:46:53.325067
f4c4d321-f7c1-4ff1-8731-53e8e0a0f715,5,PURCHASE,2026-03-02T10:54:53.325067
499e0a6a-0709-4df6-82f3-c75fa0ae73db,25,SEARCH,2026-03-02T10:54:53.325067
53d42c57-4ffb-4e03-a869-2338cde94adf,20,SEARCH,2026-03-02T10:56:53.325067
7c08278c-45df-4aec-a828-f8ec5848e626,25,SEARCH,2026-03-02T11:01:53.325067
902a18a8-02f3-4165-acd5-8d7ae962d613,11,SEARCH,2026-03-02T11:09:53.325067
8e4ec77c-6c3e-43c0-9afa-ef07d9f92ffd,24,SEARCH,2026-03-02T11:09:53.325067
622e8cf8-40ca-4030-b114-0140ec8889a1,16,SEARCH,2026-03-02T11:12:53.325067
edc9014e-4596-4b2b-bf2c-4ce00a2724d1,6,SEARCH,2026-03-02T11:38:53.325067
9063f75d-ad77-441d-bb30-de46a6716141,24,SEARCH,2026-03-02T11:44:53.325067
fcf4e7de-ac03-4e81-99f9-b10b754c96a3,17,SEARCH,2026-03-02T11:51:53.325067
ec5bf1f7-2a55-4a83-9709-2df9b1283cc9,8,SEARCH,2026-03-02T12:01:53.325067
df13e12f-6ea3-4c43-8ff0-b64bee8abfd4,19,SEARCH,2026-03-02T12:26:53.325067
8c83272a-9e38-4894-9116-5734b90f6da3,17,SEARCH,2026-03-02T12:44:53.325067
296d3bca-9d86-40fa-a523-94e710959c8a,12,PURCHASE,2026-03-02T12:44:53.325067
918a7dab-fad0-4b26-8de2-2fcadd0fc18f,3,SEARCH,2026-03-02T12:55:53.325067
e8108cd8-6fef-4a59-bd95-717b807705f7,11,PURCHASE,2026-03-02T13:10:53.325067
c24a1f2c-e995-4ab7-b371-51f3919a5d97,13,SEARCH,2026-03-02T13:12:53.325067
77be904d-ae03-46de-a946-154376326fac,26,SEARCH,2026-03-02T13:27:53.325067
3dc5dc12-5c3f-41de-a6de-cb8ac60ae022,12,SEARCH,2026-03-02T13:49:53.325067
6d5292b3-ee9a-4f00-b7a3-bc17f80f166f,15,PURCHASE,2026-03-02T13:55:53.325067
8e4ec77c-6c3e-43c0-9afa-ef07d9f92ffd,10,SEARCH,2026-03-02T14:08:53.325067
20bce24e-5929-483e-88f3-868a841043e0,23,SEARCH,2026-03-02T14:10:53.325067
659760cc-0f68-416d-a3b0-c36876d92e07,19,PURCHASE,2026-03-02T14:13:53.325067
ed8d870f-57f0-4c43-81e2-8db499511c37,7,SEARCH,2026-03-02T14:20:53.325067
cc876e06-27ba-4dfa-b925-231965647920,13,SEARCH,2026-03-02T14:45:53.325067
c39f6053-cb21-4a6b-98bb-4036625cd5b7,17,SEARCH,2026-03-02T14:53:53.325067
89ee4286-f4a6-40b0-9d45-6041c20cfcb1,20,PURCHASE,2026-03-02T15:12:53.325067
9da8e83a-ee12-4409-965b-324e3e2198fa,12,SEARCH,2026-03-02T15:20:53.325067
905d306a-e61c-4450-8d56-c3c9d8cf6ec1,11,SEARCH,2026-03-02T15:21:53.325067
d7e77be1-9611-427c-9c23-b257a02e74d2,2,SEARCH,2026-03-02T15:24:53.325067
6a5b1597-c097-42f4-b68d-a1b4d1670e5b,7,SEARCH,2026-03-02T15:44:53.325067
ffc7c64f-dde1-44f2-9cf7-74e6493333b1,16,PURCHASE,2026-03-02T15:49:53.325067
cd17b9bc-254b-4036-9136-94c57211675e,5,SEARCH,2026-03-02T15:56:53.325067
b01bb9cc-efd9-471d-981d-546f87f111f8,18,SEARCH,2026-03-02T15:58:53.325067
81fe3ab1-8822-4b3c-9872-ef9cbd69657a,22,PURCHASE,2026-03-02T16:08:53.325067
3a5e0c14-6426-4a1f-b80a-f5d8174568d8,35,SEARCH,2026-03-02T16:13:53.325067
8afa90c5-ff76-47ab-a95d-beba635ae545,22,SEARCH,2026-03-02T16:22:53.325067
73fe18cf-94b1-4974-bdc7-7cc358c52e03,11,SEARCH,2026-03-02T16:30:53.325067
45b4e5b2-5e91-4e33-a1f3-bcc3cd492b2b,15,SEARCH,2026-03-02T16:42:53.325067
41ee7aa6-429b-4629-8b57-1eb39489d14d,19,SEARCH,2026-03-02T16:53:53.325067
3c40efe4-b5a2-4255-9451-8f4273e6d7bd,10,SEARCH,2026-03-02T17:05:53.325067
aa5b2f50-8c9f-47cd-9860-186f7200044e,23,SEARCH,2026-03-02T17:09:53.325067
483f4ce6-409d-4630-911f-f580fc8e4081,12,SEARCH,2026-03-02T17:21:53.325067
f8651bba-e11f-4f31-9157-8ea01fc8309a,14,SEARCH,2026-03-02T17:33:53.325067
b98cd1f3-3b05-4f31-9a57-b968715100b3,9,SEARCH,2026-03-02T17:37:53.325067
4d036e41-d90b-41cf-9073-34efdbe8ec2e,4,SEARCH,2026-03-02T17:40:53.325067
24386d05-3573-49b9-aed4-54347fb9ca2b,16,PURCHASE,2026-03-02T17:42:53.325067
516c6646-8b42-45fa-9dc3-a3b89b1e4e26,4,SEARCH,2026-03-02T17:51:53.325067
a21c5513-9d37-4926-9729-0f802f6f6304,11,SEARCH,2026-03-02T17:59:53.325067
fe818ba4-0153-43af-9d9f-d010085c48d3,18,PURCHASE,2026-03-02T18:04:53.325067
f64c66fa-0171-4968-8c28-16069d56f17a,13,SEARCH,2026-03-02T18:23:53.325067
023d151c-6757-4419-87e2-88e1c2687a07,20,SEARCH,2026-03-02T18:32:53.325067
f7e6ad3f-60cf-4047-b794-461ca3dca627,10,SEARCH,2026-03-02T18:47:53.325067
6a96c77d-5b1a-447c-a920-c59619c1a042,7,SEARCH,2026-03-02T18:57:53.325067
e2976eab-3b7d-4868-9006-80626218e2d1,20,SEARCH,2026-03-02T19:06:53.325067
bb2204d1-bf5a-4650-b7c2-af557946c2ff,11,PURCHASE,2026-03-02T19:23:53.325067
a03e24ce-8ee9-48b7-b665-b66c9cc568d9,7,SEARCH,2026-03-02T19:28:53.325067
c837742f-a090-4aef-a889-de4e3baf9ebf,22,SEARCH,2026-03-02T19:53:53.325067
1656ea37-9d31-40a9-89f2-4986e158ea4b,3,SEARCH,2026-03-02T20:00:53.325067
e784cea5-091b-44e9-bafa-a30bf09488b3,11,PURCHASE,2026-03-02T20:12:53.325067
7e2ae8e8-578a-47ff-ad9a-ff2af99edb89,22,SEARCH,2026-03-02T20:16:53.325067
49aa35fa-fc76-44c6-a7dc-7c8b42da8859,22,PURCHASE,2026-03-02T20:30:53.325067
27116756-15f1-4e13-84ae-412fb8a0372d,17,SEARCH,2026-03-02T20:48:53.325067
96e8c26e-0ec2-4efc-9437-af2b9dbaccd4,25,SEARCH,2026-03-02T20:53:53.325067
8cb126e9-21f0-4b02-90b2-c15e6504b750,25,SEARCH,2026-03-02T20:54:53.325067
9ccd0da8-437a-4a8f-a695-55c0be365599,31,SEARCH,2026-03-02T21:05:53.325067
da2676de-00a0-4815-bd02-43e018860d96,8,SEARCH,2026-03-02T21:07:53.325067
27d24a11-f94d-4ebd-ad87-de9dce3f42da,13,PURCHASE,2026-03-02T21:07:53.325067
4ba1e89e-4107-41af-9d43-5feed90d28fc,27,SEARCH,2026-03-02T21:31:53.325067
98007922-1f86-4b8e-b8a1-c8f08d97f8d9,3,SEARCH,2026-03-02T21:43:53.325067
296d3bca-9d86-40fa-a523-94e710959c8a,3,SEARCH,2026-03-02T21:48:53.325067
1b14a076-d2ef-4e4a-b995-407e692c52c0,19,SEARCH,2026-03-02T22:13:53.325067
19fa6e83-b771-4a97-ae21-c241e196de8e,8,SEARCH,2026-03-02T22:20:53.325067
984775f1-a021-46d8-b8f7-f7c4a7db6d81,12,SEARCH,2026-03-02T22:35:53.325067
e713fcfa-0921-4f87-9b0b-f4fea9c533b3,8,SEARCH,2026-03-02T22:47:53.325067
c59d01d9-bd2f-48c8-bebf-ba4e9345c47f,17,SEARCH,2026-03-02T22:49:53.325067
a7074121-cd9e-4595-a23e-5345f274fb8a,21,SEARCH,2026-03-02T23:01:53.325067
6491a90a-1252-4522-a4aa-568e054ea3e6,11,SEARCH,2026-03-02T23:02:53.325067
73fe18cf-94b1-4974-bdc7-7cc358c52e03,2,SEARCH,2026-03-02T23:05:53.325067
d9cfa097-b8b1-438c-ba43-f186292c2fd4,18,SEARCH,2026-03-02T23:11:53.325067
771db771-b160-40df-bdda-3c4effd1c9b7,19,SEARCH,2026-03-02T23:30:53.325067
4ba1e89e-4107-41af-9d43-5feed90d28fc,26,SEARCH,2026-03-02T23:36:53.325067
4841323c-9834-439e-a84f-71a77a9d4d1c,19,SEARCH,2026-03-02T23:38:53.325067
6eab0579-7d84-4c14-93f7-7afac138240b,5,SEARCH,2026-03-02T23:42:53.325067
5b5ca9f4-bcca-4a64-9f37-442e28c71e88,16,PURCHASE,2026-03-02T23:56:53.325067
8e4ec77c-6c3e-43c0-9afa-ef07d9f92ffd,5,SEARCH,2026-03-02T23:57:53.325067
eae4987c-f9cc-4e78-ac55-f53f9f963a42,8,SEARCH,2026-03-02T23:58:53.325067
ffc7c64f-dde1-44f2-9cf7-74e6493333b1,18,SEARCH,2026-03-03T00:10:53.325067
ffc7c64f-dde1-44f2-9cf7-74e6493333b1,22,SEARCH,2026-03-03T00:10:53.325067
7981a1ff-35a7-4d84-9f26-48042b761273,23,SEARCH,2026-03-03T00:24:53.325067
40b65422-3f7f-4252-83c7-3faf9f7f73d9,16,SEARCH,2026-03-03T00:43:53.325067
939104dd-4d20-4b27-9fa0-d8f87d70973b,11,SEARCH,2026-03-03T00:51:53.325067
255a0ae0-2e95-4caf-95fc-b6b01608ce02,27,SEARCH,2026-03-03T01:28:53.325067
6b4554d8-ea98-424e-b4be-aab8653db58d,24,PURCHASE,2026-03-03T01:44:53.325067
79332f3d-1eed-42f9-a7c7-9f511c98e52b,11,SEARCH,2026-03-03T01:49:53.325067
df596bcd-5a68-47cc-a9bd-570b97482ed5,7,SEARCH,2026-03-03T01:51:53.325067
5726b442-95dd-4d17-9d43-25648739720c,19,SEARCH,2026-03-03T01:56:53.325067
6b08405f-b4ce-42bd-9146-6292de6f1e65,9,SEARCH,2026-03-03T02:11:53.325067
4bd6b982-dac9-4d73-b582-eeda940ab590,10,SEARCH,2026-03-03T02:15:53.325067
590dfae6-1765-4981-abc4-9bfc8a8eb228,24,PURCHASE,2026-03-03T02:21:53.325067
ff9c1a41-68e5-45af-b6a7-b78af120e27c,11,PURCHASE,2026-03-03T02:43:53.325067
fc14e347-43c5-4ea0-9f5a-84ac3ced980d,9,SEARCH,2026-03-03T02:56:53.325067
0d9df06b-fab6-464c-92e2-5a874d44718a,20,SEARCH,2026-03-03T03:08:53.325067
e52aaa84-a13e-4176-9949-70c69bd54d38,5,SEARCH,2026-03-03T03:32:53.325067
32d89891-5b6f-49af-8a74-dd0d02624fde,18,SEARCH,2026-03-03T03:54:53.325067
61eeeca9-226b-4492-9998-205f7a300447,10,SEARCH,2026-03-03T04:02:53.325067
e361ca2c-d5b2-4165-ae61-cbc9895bd43b,21,SEARCH,2026-03-03T04:04:53.325067
313a75c2-6499-4c10-ab25-7c04da298bcb,25,SEARCH,2026-03-03T04:12:53.325067
a9346e7e-17e3-4628-ad19-3b8932ed9b4d,15,SEARCH,2026-03-03T04:29:53.325067
1afa6b41-20e7-4505-992d-33ffad21857d,12,PURCHASE,2026-03-03T04:30:53.325067
b4f47da9-9f4e-4b98-ae9c-bb815ae1bed4,10,SEARCH,2026-03-03T04:48:53.325067
9f1cfd91-01fa-41a2-a636-af0b8b4ade9f,4,SEARCH,2026-03-03T04:58:53.325067
ae1e8831-0783-4359-9259-63a1ac78a340,9,SEARCH,2026-03-03T05:00:53.325067
1844715d-6c92-4eb9-b947-dc14a551090f,13,SEARCH,2026-03-03T05:20:53.325067
153982c3-0a07-4f2c-bf34-6bc1b976aa1b,30,PURCHASE,2026-03-03T05:21:53.325067
af55ce6d-8ccc-4ab6-aedb-2a0ab42a12e3,17,SEARCH,2026-03-03T05:32:53.325067
89ee4286-f4a6-40b0-9d45-6041c20cfcb1,21,SEARCH,2026-03-03T05:52:53.325067
52abc553-3b64-471c-b98c-edcb66b4a155,21,SEARCH,2026-03-03T05:59:53.325067
c64b9411-6286-45b6-9c58-4b7809b57cf9,5,SEARCH,2026-03-03T06:16:53.325067
8ae31719-bfe7-462d-98c9-062cc514b618,19,SEARCH,2026-03-03T06:29:53.325067
fd9d531f-1f9b-4f29-b369-cdd3f6f82fd7,32,SEARCH,2026-03-03T06:32:53.325067
e8108cd8-6fef-4a59-bd95-717b807705f7,13,SEARCH,2026-03-03T06:33:53.325067
1b14a076-d2ef-4e4a-b995-407e692c52c0,10,SEARCH,2026-03-03T06:39:53.325067
a2c99087-55d9-47cd-89bf-ee21b3e28061,17,SEARCH,2026-03-03T06:42:53.325067
147ac0ae-d8fe-4eed-8053-f2e45c8d9a0b,5,SEARCH,2026-03-03T06:47:53.325067
d9cfa097-b8b1-438c-ba43-f186292c2fd4,14,SEARCH,2026-03-03T07:02:53.325067
f2a91885-84ac-4819-b0c7-9ec58273439e,23,SEARCH,2026-03-03T07:13:53.325067
ab7e4d50-a6ed-4359-a257-ac576760a6f5,22,SEARCH,2026-03-03T07:17:53.325067
b2751dc4-94d4-455a-a9a4-41dda0314e2b,11,SEARCH,2026-03-03T07:33:53.325067
e6051a4d-abd3-44a0-916c-40d50fc0f738,5,SEARCH,2026-03-03T07:39:53.325067
fc0f0f36-1dd0-4cf1-9125-bd9cef554e1a,19,SEARCH,2026-03-03T07:40:53.325067
7c08278c-45df-4aec-a828-f8ec5848e626,6,PURCHASE,2026-03-03T07:45:53.325067
7ad89e3d-f89e-4d18-a766-5559b26f9aba,6,SEARCH,2026-03-03T07:55:53.325067
c0be9d60-fe5a-420a-b129-7df87ddca226,22,SEARCH,2026-03-03T08:08:53.325067
60c0cadf-a5e5-43fd-965f-2aca4f4ed21e,5,SEARCH,2026-03-03T08:09:53.325067
d7e77be1-9611-427c-9c23-b257a02e74d2,8,SEARCH,2026-03-03T08:19:53.325067
aa6b21a4-8c72-4957-9afa-6231cd81b533,28,SEARCH,2026-03-03T08:19:53.325067
585ff55e-0e22-4a24-8778-c481e8a8f372,13,SEARCH,2026-03-03T09:12:53.325067
7b0402c8-8b63-43fb-a207-85f2189eb508,31,SEARCH,2026-03-03T09:17:53.325067
1548e1ba-cfa7-4b92-8268-97da7eddff49,19,SEARCH,2026-03-03T09:34:53.325067
6b388271-763a-4a1e-b54d-9a41473d6cc7,19,SEARCH,2026-03-03T09:41:53.325067
c64b9411-6286-45b6-9c58-4b7809b57cf9,20,SEARCH,2026-03-03T09:46:53.325067
ba8f0e72-3209-4387-a358-72c4c62ebad3,23,SEARCH,2026-03-03T09:46:53.325067
e6051a4d-abd3-44a0-916c-40d50fc0f738,25,SEARCH,2026-03-03T10:13:53.325067
83cc2298-5978-4813-82b3-44bd610242d8,11,SEARCH,2026-03-03T10:40:53.325067
902a18a8-02f3-4165-acd5-8d7ae962d613,11,SEARCH,2026-03-03T10:55:53.325067
90106b81-6da1-4962-b339-2e4818d625ca,15,SEARCH,2026-03-03T10:55:53.325067
e518304f-f0c2-4d0e-b24c-df7c91bc9983,9,SEARCH,2026-03-03T10:58:53.325067
e713fcfa-0921-4f87-9b0b-f4fea9c533b3,28,SEARCH,2026-03-03T10:59:53.325067
6d5292b3-ee9a-4f00-b7a3-bc17f80f166f,12,SEARCH,2026-03-03T11:00:53.325067
52abc553-3b64-471c-b98c-edcb66b4a155,9,SEARCH,2026-03-03T11:25:53.325067
f549fe2e-bad5-4330-ad02-22ce552041a3,6,SEARCH,2026-03-03T11:25:53.325067
2ac44fa5-420c-4322-8205-6f996ab44548,28,SEARCH,2026-03-03T11:40:53.325067
e6adaca6-d504-473e-98eb-50e97661d70d,11,SEARCH,2026-03-03T11:44:53.325067
c24a1f2c-e995-4ab7-b371-51f3919a5d97,23,SEARCH,2026-03-03T11:45:53.325067
46ccf373-e384-449e-9168-3c0d8d3c2a87,18,SEARCH,2026-03-03T11:59:53.325067
9463cdf4-2301-41a4-aba5-f74c1946ae9d,10,SEARCH,2026-03-03T11:59:53.325067
5b48744a-3ab9-4929-b9b3-2a391792b2a6,13,PURCHASE,2026-03-03T12:08:53.325067
d21cd464-e517-42cd-81cb-f6bce7ede675,21,SEARCH,2026-03-03T12:08:53.325067
cced0094-90fa-45a3-9711-dd4566cd0f92,24,SEARCH,2026-03-03T12:17:53.325067
f9319695-b786-429e-bafc-67d5cbc9597d,5,PURCHASE,2026-03-03T12:20:53.325067
090b81e2-0e0d-44fd-be63-77c6570bb85a,18,SEARCH,2026-03-03T12:46:53.325067
f2a91885-84ac-4819-b0c7-9ec58273439e,8,SEARCH,2026-03-03T13:03:53.325067
8614f259-b1f4-4ff9-8496-c48257c0d552,15,SEARCH,2026-03-03T13:24:53.325067
ff549393-31f3-414b-818d-aba373db6163,13,SEARCH,2026-03-03T13:53:53.325067
f56e5db2-c63d-432e-ab21-652e585a1229,16,SEARCH,2026-03-03T13:55:53.325067
7803904e-2247-4d5c-963f-ccd4ca26faf0,18,SEARCH,2026-03-03T14:02:53.325067
6a02f2af-bf52-4219-a484-36c3503deea8,14,PURCHASE,2026-03-03T14:07:53.325067
571de027-be48-4045-b4cd-7124699f435e,10,SEARCH,2026-03-03T14:21:53.325067
023d151c-6757-4419-87e2-88e1c2687a07,4,SEARCH,2026-03-03T14:59:53.325067
09acf0d1-0c42-4614-ba7b-024042ad1bb9,13,PURCHASE,2026-03-03T15:08:53.325067
c2c49c28-c2f2-414d-be9c-903e90fa7cb1,10,PURCHASE,2026-03-03T15:10:53.325067
ffc7c64f-dde1-44f2-9cf7-74e6493333b1,17,SEARCH,2026-03-03T15:15:53.325067
1aeab7f6-de86-4010-bc33-de2b26dc48d9,11,SEARCH,2026-03-03T15:26:53.325067
e739eb39-5034-468c-b5e7-b7c1679c2f05,25,SEARCH,2026-03-03T15:32:53.325067
575a857f-54be-428f-8863-5245aca9ebd4,11,SEARCH,2026-03-03T15:34:53.325067
0d9df06b-fab6-464c-92e2-5a874d44718a,16,PURCHASE,2026-03-03T15:37:53.325067
3c9f5f5e-4057-4f9b-bd74-b529ecfa677a,23,SEARCH,2026-03-03T15:37:53.325067
58a5a34c-bd4d-4ee6-bc1a-49fa95b55592,9,SEARCH,2026-03-03T15:38:53.325067
f8651bba-e11f-4f31-9157-8ea01fc8309a,8,SEARCH,2026-03-03T15:41:53.325067
46ccf373-e384-449e-9168-3c0d8d3c2a87,25,SEARCH,2026-03-03T15:46:53.325067
a35b5e7f-b562-4240-9e36-2a1fa2f5fe51,10,SEARCH,2026-03-03T15:47:53.325067
90b4b949-3ac4-4655-a229-286c9bd897ec,4,SEARCH,2026-03-03T15:47:53.325067
6a96c77d-5b1a-447c-a920-c59619c1a042,20,SEARCH,2026-03-03T15:48:53.325067
5b5ca9f4-bcca-4a64-9f37-442e28c71e88,25,SEARCH,2026-03-03T15:51:53.325067
abfb412e-37c0-489f-9efe-79058e16df0d,5,PURCHASE,2026-03-03T15:57:53.325067
28a26108-200f-46bb-9093-30aea0e6b424,19,PURCHASE,2026-03-03T16:21:53.325067
1e682063-354b-4a0a-b1fb-d4744df87fb1,7,SEARCH,2026-03-03T16:31:53.325067
49fd6910-4863-40e7-bee4-2397a54d89dd,17,SEARCH,2026-03-03T16:43:53.325067
049d9430-a8c1-4b84-abb6-f4a7d83457ee,11,SEARCH,2026-03-03T16:45:53.325067
7a23bd45-f094-4da0-a454-e5e51780f9d8,29,SEARCH,2026-03-03T16:46:53.325067
ab10de25-9543-4ead-9a7e-ef5d55b2e648,33,SEARCH,2026-03-03T16:46:53.325067
9f58599b-54cf-4662-9270-1c54f3d4385f,2,SEARCH,2026-03-03T17:12:53.325067
a8f93f6a-d3b2-4b87-88d5-5c8e35fb44da,3,SEARCH,2026-03-03T17:25:53.325067
3c40efe4-b5a2-4255-9451-8f4273e6d7bd,20,SEARCH,2026-03-03T17:26:53.325067
ffc7c64f-dde1-44f2-9cf7-74e6493333b1,23,SEARCH,2026-03-03T17:27:53.325067
f235ab0f-557a-40dd-afaa-9ea9983aeb5f,8,SEARCH,2026-03-03T17:33:53.325067
1844715d-6c92-4eb9-b947-dc14a551090f,7,SEARCH,2026-03-03T17:43:53.325067
a3a3e7fd-0509-4231-a9f5-b23f1c697f12,2,PURCHASE,2026-03-03T17:47:53.325067
65b00138-3ad1-4210-8326-f5f0f920a927,9,SEARCH,2026-03-03T18:01:53.325067
ba73a637-3b51-4b92-83ae-1eb0047fa0e6,19,SEARCH,2026-03-03T18:12:53.325067
1a7c3d97-7767-4d24-b808-86c709c1b938,4,SEARCH,2026-03-03T18:19:53.325067
e698bee2-3a4d-4773-bbb1-ea8778919f86,5,SEARCH,2026-03-03T18:30:53.325067
cd353de9-6e32-40d6-9c2d-680726598e91,11,SEARCH,2026-03-03T18:33:53.325067
67e97542-b13e-4e00-97a5-cbbabea32b12,6,SEARCH,2026-03-03T18:35:53.325067
67e97542-b13e-4e00-97a5-cbbabea32b12,5,SEARCH,2026-03-03T18:41:53.325067
03e12c65-f5c6-4994-a25f-4b40e3f5ce46,3,SEARCH,2026-03-03T18:49:53.325067
05bf75dd-79cd-4eea-8105-12f527b3b67b,26,SEARCH,2026-03-03T18:58:53.325067
67e97542-b13e-4e00-97a5-cbbabea32b12,5,SEARCH,2026-03-03T19:02:53.325067
b20079f1-1592-49c2-8197-ef8085ad0348,11,PURCHASE,2026-03-03T19:09:53.325067
cd353de9-6e32-40d6-9c2d-680726598e91,13,SEARCH,2026-03-03T19:11:53.325067
fe56cc6a-d6e2-45c9-8ff5-23371d3f93f8,12,SEARCH,2026-03-03T19:15:53.325067
531e8327-da0a-43e5-89ad-4038b82508d7,4,SEARCH,2026-03-03T19:17:53.325067
1b14a076-d2ef-4e4a-b995-407e692c52c0,30,SEARCH,2026-03-03T19:17:53.325067
a9a7ad70-48a1-4c4b-a7d0-51e7f1c0081c,16,SEARCH,2026-03-03T19:42:53.325067
39240802-bb56-4802-b2c3-7ce6909d2480,33,PURCHASE,2026-03-03T19:57:53.325067
0136a4e4-4cf3-4568-a345-e6c1ac040b27,13,SEARCH,2026-03-03T20:07:53.325067
36bdc412-fa89-4f9e-b7c8-a13e1b2570a9,13,SEARCH,2026-03-03T20:13:53.325067
9063f75d-ad77-441d-bb30-de46a6716141,23,SEARCH,2026-03-03T20:13:53.325067
abb9826b-4bb0-4c47-b79d-ea82adf92050,36,PURCHASE,2026-03-03T20:41:53.325067
39240802-bb56-4802-b2c3-7ce6909d2480,12,SEARCH,2026-03-03T20:54:53.325067
5283ccce-a054-40e5-b753-f8fac4704baf,11,SEARCH,2026-03-03T21:03:53.325067
d4770df7-1eb0-4af7-8f6f-e9563e68b661,11,SEARCH,2026-03-03T21:07:53.325067
b6a94374-7d42-4029-a262-dbf92b8615ed,20,SEARCH,2026-03-03T21:15:53.325067
ef6d8c59-0cd7-4538-85ec-fd90391165f7,17,SEARCH,2026-03-03T21:44:53.325067
f9319695-b786-429e-bafc-67d5cbc9597d,6,SEARCH,2026-03-03T21:47:53.325067
1548e1ba-cfa7-4b92-8268-97da7eddff49,12,SEARCH,2026-03-03T21:49:53.325067
c2ed763e-ec0e-4b59-b7ff-b2d4bc4f294b,18,SEARCH,2026-03-03T21:50:53.325067
379e08e5-0428-4f95-a431-246914c078aa,29,SEARCH,2026-03-03T21:59:53.325067
7a23bd45-f094-4da0-a454-e5e51780f9d8,11,SEARCH,2026-03-03T22:00:53.325067
d37ea336-c09e-43fc-98d9-b4fa1cbdfe96,7,PURCHASE,2026-03-03T22:10:53.325067
e6051a4d-abd3-44a0-916c-40d50fc0f738,11,SEARCH,2026-03-03T22:17:53.325067
3d00c004-102c-4633-8a05-ddb656eac2f6,4,SEARCH,2026-03-03T22:25:53.325067
66a50361-a3ff-4a69-9662-265256095fda,15,SEARCH,2026-03-03T22:32:53.325067
f81d9aac-045b-487b-8eb7-78f2e6c87ad6,16,SEARCH,2026-03-03T22:35:53.325067
f549fe2e-bad5-4330-ad02-22ce552041a3,18,SEARCH,2026-03-03T22:51:53.325067
e0a9d7da-890c-4d19-aa6d-18ae709ee7c3,11,SEARCH,2026-03-03T22:55:53.325067
cced0094-90fa-45a3-9711-dd4566cd0f92,16,SEARCH,2026-03-03T23:06:53.325067
1daf6cb5-b47b-4197-89f2-3e9e8659bdc1,12,SEARCH,2026-03-03T23:08:53.325067
efeaa17c-3754-4025-b0fd-57188c4aef5e,16,SEARCH,2026-03-03T23:14:53.325067
228f70d1-8981-4a30-9694-1d276a881382,5,PURCHASE,2026-03-03T23:18:53.325067
9463cdf4-2301-41a4-aba5-f74c1946ae9d,11,SEARCH,2026-03-03T23:21:53.325067
433f9cd8-a64b-42cc-8304-054b6770950f,26,SEARCH,2026-03-03T23:21:53.325067
f2a91885-84ac-4819-b0c7-9ec58273439e,7,SEARCH,2026-03-03T23:29:53.325067
e83eb82f-1852-4dc1-91a8-74d876cf69ef,9,SEARCH,2026-03-03T23:29:53.325067
f989b4c3-a07f-4c59-bf58-a8e48cb67c2c,25,SEARCH,2026-03-03T23:59:53.325067
46ccf373-e384-449e-9168-3c0d8d3c2a87,7,SEARCH,2026-03-04T00:03:53.325067
42465bac-01ec-4687-8265-81e0e15fb5c6,11,SEARCH,2026-03-04T00:04:53.325067
fd9d531f-1f9b-4f29-b369-cdd3f6f82fd7,9,SEARCH,2026-03-04T00:07:53.325067
85f21559-3af2-4897-841a-ff65292442f0,30,SEARCH,2026-03-04T00:15:53.325067
e2976eab-3b7d-4868-9006-80626218e2d1,7,SEARCH,2026-03-04T00:19:53.325067
8d48589b-224d-4458-ab9a-bf947357f7bf,9,SEARCH,2026-03-04T00:20:53.325067
a5194c33-76e7-4078-b66d-bc382b838987,5,SEARCH,2026-03-04T00:23:53.325067
75d49fe9-872c-4b3a-86dc-1932937fee8a,11,SEARCH,2026-03-04T00:45:53.325067
60c0cadf-a5e5-43fd-965f-2aca4f4ed21e,5,SEARCH,2026-03-04T00:54:53.325067
10736b4a-8fdb-4b0d-bcd2-3658eb891b12,18,PURCHASE,2026-03-04T00:59:53.325067
d21cd464-e517-42cd-81cb-f6bce7ede675,12,SEARCH,2026-03-04T00:59:53.325067
df13e12f-6ea3-4c43-8ff0-b64bee8abfd4,12,SEARCH,2026-03-04T01:23:53.325067
cd17b9bc-254b-4036-9136-94c57211675e,10,SEARCH,2026-03-04T01:28:53.325067
b635d7c5-712e-4ec6-b70c-134b9c948fd8,11,SEARCH,2026-03-04T01:30:53.325067
1afa6b41-20e7-4505-992d-33ffad21857d,23,SEARCH,2026-03-04T01:35:53.325067
7ec54411-de28-43fa-a070-67fc7e1239d4,19,PURCHASE,2026-03-04T01:37:53.325067
b20079f1-1592-49c2-8197-ef8085ad0348,9,SEARCH,2026-03-04T01:40:53.325067
890da6f7-a41d-4719-9d26-58ed800a02f8,8,SEARCH,2026-03-04T01:51:53.325067
cced0094-90fa-45a3-9711-dd4566cd0f92,14,SEARCH,2026-03-04T02:18:53.325067
255a0ae0-2e95-4caf-95fc-b6b01608ce02,6,SEARCH,2026-03-04T02:40:53.325067
96e8c26e-0ec2-4efc-9437-af2b9dbaccd4,9,SEARCH,2026-03-04T02:59:53.325067
1844715d-6c92-4eb9-b947-dc14a551090f,23,PURCHASE,2026-03-04T03:06:53.325067
a21c5513-9d37-4926-9729-0f802f6f6304,23,SEARCH,2026-03-04T03:07:53.325067
c24a1f2c-e995-4ab7-b371-51f3919a5d97,5,SEARCH,2026-03-04T03:20:53.325067
3a5fc1da-6412-4109-81e5-e7e06b0c788e,5,SEARCH,2026-03-04T03:23:53.325067
a21c5513-9d37-4926-9729-0f802f6f6304,14,SEARCH,2026-03-04T03:29:53.325067
6970fdd5-2a61-4aa5-b1ee-eca9ae7bbbd9,12,SEARCH,2026-03-04T03:45:53.325067
694d4b11-cdb4-46da-869c-44dc427440bc,25,SEARCH,2026-03-04T03:54:53.325067
39240802-bb56-4802-b2c3-7ce6909d2480,14,SEARCH,2026-03-04T03:58:53.325067
05bf75dd-79cd-4eea-8105-12f527b3b67b,4,SEARCH,2026-03-04T04:13:53.325067
114a3a20-1ec3-41c7-9356-8bcf7aff63fa,17,SEARCH,2026-03-04T04:18:53.325067
518d1791-c480-4d43-9842-025adce0018a,14,SEARCH,2026-03-04T04:33:53.325067
c0e792a3-7927-4223-bec7-202c6fbcef07,31,SEARCH,2026-03-04T04:44:53.325067
beac9ba3-aa64-4f03-b94a-7023bf75b478,8,SEARCH,2026-03-04T04:47:53.325067
f7ead430-c618-4c5a-91a0-c628782dadfc,22,SEARCH,2026-03-04T05:11:53.325067
0a958b4a-4c70-4081-a5fc-35b1cb7e8e84,8,SEARCH,2026-03-04T05:11:53.325067
5b48744a-3ab9-4929-b9b3-2a391792b2a6,15,SEARCH,2026-03-04T05:15:53.325067
cf0e19c2-6c69-40d8-8d02-2d6e00b017b9,25,SEARCH,2026-03-04T05:22:53.325067
b01bb9cc-efd9-471d-981d-546f87f111f8,12,SEARCH,2026-03-04T05:28:53.325067
0136a4e4-4cf3-4568-a345-e6c1ac040b27,17,SEARCH,2026-03-04T05:40:53.325067
5efcc330-6be7-47cb-97ac-647f1b2074af,10,SEARCH,2026-03-04T05:48:53.325067
9da8e83a-ee12-4409-965b-324e3e2198fa,2,SEARCH,2026-03-04T06:15:53.325067
9b42292f-a51f-4d75-8725-5d2ab7b41c74,16,SEARCH,2026-03-04T06:17:53.325067
4841323c-9834-439e-a84f-71a77a9d4d1c,14,SEARCH,2026-03-04T06:31:53.325067
b4e35238-0ed8-4b94-8821-f723d26ed22c,28,SEARCH,2026-03-04T06:37:53.325067
78b207a8-4f03-4de8-8b7a-56f69d1aa3ce,14,SEARCH,2026-03-04T06:54:53.325067
58f53eb2-ec53-4e5d-bb22-a1c097ab9cec,7,SEARCH,2026-03-04T07:03:53.325067
93464a6b-ef94-4603-a3ed-00786c9be40c,7,SEARCH,2026-03-04T07:09:53.325067
242c3f83-43b1-408e-b05b-6fc2ed10168f,21,SEARCH,2026-03-04T07:14:53.325067
e8b648b5-cc25-4d43-904e-4c720bd6b748,18,SEARCH,2026-03-04T07:41:53.325067
7a23bd45-f094-4da0-a454-e5e51780f9d8,1,SEARCH,2026-03-04T07:41:53.325067
77097335-9bf1-4ce5-a34c-c9cb92e53352,12,SEARCH,2026-03-04T07:45:53.325067
3e090f07-9e2c-4ad5-9519-d9f09eddd069,9,SEARCH,2026-03-04T07:50:53.325067
0d626224-6601-4454-8228-d48324dffd72,26,SEARCH,2026-03-04T08:03:53.325067
03e12c65-f5c6-4994-a25f-4b40e3f5ce46,16,PURCHASE,2026-03-04T08:23:53.325067
771db771-b160-40df-bdda-3c4effd1c9b7,7,SEARCH,2026-03-04T08:26:53.325067
75d49fe9-872c-4b3a-86dc-1932937fee8a,13,SEARCH,2026-03-04T08:32:53.325067
52685bf4-2338-4240-931f-2fa58bd2e882,6,SEARCH,2026-03-04T08:46:53.325067
cd353de9-6e32-40d6-9c2d-680726598e91,19,SEARCH,2026-03-04T08:59:53.325067
30105cba-fafd-492e-be7e-b1e0ac9e282d,5,SEARCH,2026-03-04T09:03:53.325067
433f9cd8-a64b-42cc-8304-054b6770950f,4,SEARCH,2026-03-04T09:12:53.325067
7583157b-c485-47ba-a784-d27950bebdca,11,SEARCH,2026-03-04T09:19:53.325067
4ba1e89e-4107-41af-9d43-5feed90d28fc,15,SEARCH,2026-03-04T09:20:53.325067
4c682d9e-2f19-46a9-af00-13d29cfbdfb6,19,SEARCH,2026-03-04T09:28:53.325067
cd353de9-6e32-40d6-9c2d-680726598e91,28,SEARCH,2026-03-04T09:37:53.325067
52abc553-3b64-471c-b98c-edcb66b4a155,12,SEARCH,2026-03-04T09:38:53.325067
9c8f276e-86ba-4f0a-8a32-5ed55f5cc597,8,SEARCH,2026-03-04T10:05:53.325067
78b207a8-4f03-4de8-8b7a-56f69d1aa3ce,12,PURCHASE,2026-03-04T10:13:53.325067
eea6fef7-54a8-4ff0-bdfb-923b4c4641ae,25,SEARCH,2026-03-04T10:19:53.325067
516c6646-8b42-45fa-9dc3-a3b89b1e4e26,22,SEARCH,2026-03-04T10:21:53.325067
46d4641b-2c5a-41da-b0c1-daae8c4e9be9,5,PURCHASE,2026-03-04T10:22:53.325067
d9cfa097-b8b1-438c-ba43-f186292c2fd4,25,SEARCH,2026-03-04T10:25:53.325067
77be904d-ae03-46de-a946-154376326fac,5,SEARCH,2026-03-04T10:35:53.325067
10736b4a-8fdb-4b0d-bcd2-3658eb891b12,17,SEARCH,2026-03-04T10:52:53.325067
7a9371cb-01a9-499f-86f5-d0bd6452b509,29,SEARCH,2026-03-04T11:06:53.325067
9647378f-753b-42a1-b37b-420d38ccf753,34,SEARCH,2026-03-04T11:08:53.325067
990e87ab-835e-4dc4-8e87-09a6add62ed7,13,SEARCH,2026-03-04T11:11:53.325067
7a9371cb-01a9-499f-86f5-d0bd6452b509,4,SEARCH,2026-03-04T11:20:53.325067
c14f5d5a-2027-47cf-8566-4878bc8b557d,12,SEARCH,2026-03-04T11:27:53.325067
e2976eab-3b7d-4868-9006-80626218e2d1,24,SEARCH,2026-03-04T11:28:53.325067
96e8c26e-0ec2-4efc-9437-af2b9dbaccd4,23,SEARCH,2026-03-04T11:29:53.325067
8e4ec77c-6c3e-43c0-9afa-ef07d9f92ffd,26,SEARCH,2026-03-04T11:38:53.325067
993f0dbf-2553-415d-9d50-be9b0928e9b7,12,SEARCH,2026-03-04T11:38:53.325067
1065d688-efca-47ec-bfc1-67edc379d735,20,SEARCH,2026-03-04T11:40:53.325067
39240802-bb56-4802-b2c3-7ce6909d2480,21,SEARCH,2026-03-04T11:53:53.325067
6865ed66-412e-4e21-83e6-46107262df72,16,SEARCH,2026-03-04T12:26:53.325067
1b74deef-1d13-4b12-bb5d-3eba04c38638,3,SEARCH,2026-03-04T12:30:53.325067
090b81e2-0e0d-44fd-be63-77c6570bb85a,15,SEARCH,2026-03-04T12:31:53.325067
993f0dbf-2553-415d-9d50-be9b0928e9b7,3,PURCHASE,2026-03-04T13:07:53.325067
829dfd5f-4297-4a1a-b229-c9152f168d4a,11,SEARCH,2026-03-04T13:19:53.325067
e8b648b5-cc25-4d43-904e-4c720bd6b748,24,SEARCH,2026-03-04T13:22:53.325067
ef6d8c59-0cd7-4538-85ec-fd90391165f7,16,PURCHASE,2026-03-04T13:30:53.325067
f8651bba-e11f-4f31-9157-8ea01fc8309a,11,SEARCH,2026-03-04T13:30:53.325067
499e0a6a-0709-4df6-82f3-c75fa0ae73db,12,SEARCH,2026-03-04T13:41:53.325067
920036aa-1e46-4c61-b723-5f6d549697b4,16,PURCHASE,2026-03-04T13:48:53.325067
41aabca9-3913-4b03-930d-6c49127df644,22,SEARCH,2026-03-04T14:16:53.325067
94e4d379-358e-468b-8f7c-126dbbb289fa,16,SEARCH,2026-03-04T14:20:53.325067
1248e958-b915-4c0e-bdde-efe06a0fa923,24,SEARCH,2026-03-04T14:34:53.325067
0ebfddde-402d-4f23-90ec-1f60f3a58d80,5,SEARCH,2026-03-04T14:34:53.325067
182ef987-a6d6-4329-abe8-2da0782d5dfb,2,SEARCH,2026-03-04T14:36:53.325067
201cabf1-65f9-42b1-8615-e9130ceadfbe,29,SEARCH,2026-03-04T14:49:53.325067
694d4b11-cdb4-46da-869c-44dc427440bc,16,SEARCH,2026-03-04T14:54:53.325067
6970fdd5-2a61-4aa5-b1ee-eca9ae7bbbd9,22,SEARCH,2026-03-04T15:03:53.325067
e52aaa84-a13e-4176-9949-70c69bd54d38,19,SEARCH,2026-03-04T15:22:53.325067
482db056-98f2-4992-b2ac-4d904f495e51,5,SEARCH,2026-03-04T15:23:53.325067
ffc7c64f-dde1-44f2-9cf7-74e6493333b1,11,SEARCH,2026-03-04T15:26:53.325067
a2cab50a-a546-4179-b87c-d78b53283047,15,SEARCH,2026-03-04T15:31:53.325067
61e2bd04-bc08-4f83-a50c-ca72347e4c0d,18,SEARCH,2026-03-04T15:35:53.325067
b4d8ef13-63c6-4cd5-8013-261faa512ff8,12,SEARCH,2026-03-04T15:37:53.325067
1e682063-354b-4a0a-b1fb-d4744df87fb1,15,SEARCH,2026-03-04T15:48:53.325067
10736b4a-8fdb-4b0d-bcd2-3658eb891b12,26,PURCHASE,2026-03-04T15:50:53.325067
c560c8ad-79bd-4d20-8c19-c023d548a907,26,SEARCH,2026-03-04T15:53:53.325067
829dfd5f-4297-4a1a-b229-c9152f168d4a,20,SEARCH,2026-03-04T15:59:53.325067
8aa4e24e-b641-4e27-90ad-ae70b2653a10,32,SEARCH,2026-03-04T16:04:53.325067
f549fe2e-bad5-4330-ad02-22ce552041a3,12,SEARCH,2026-03-04T16:06:53.325067
f42190bc-15f2-4928-b31e-76e81ca22d83,32,SEARCH,2026-03-04T16:07:53.325067
018919ec-9fdc-4f12-8176-8ae69ac2b00c,12,SEARCH,2026-03-04T16:26:53.325067
670178d5-1be2-43b8-ae51-c78b6e95596d,27,SEARCH,2026-03-04T16:29:53.325067
4f3f236e-eaa9-436d-81ef-0c13dab5154f,24,SEARCH,2026-03-04T16:32:53.325067
abfb412e-37c0-489f-9efe-79058e16df0d,6,SEARCH,2026-03-04T16:35:53.325067
890da6f7-a41d-4719-9d26-58ed800a02f8,13,PURCHASE,2026-03-04T16:40:53.325067
e520989e-7717-4c98-b144-c70127cf42a1,8,SEARCH,2026-03-04T16:47:53.325067
3af5dfea-d509-43c2-b0d4-9fbc5a1f50eb,11,PURCHASE,2026-03-04T16:49:53.325067
8e4ec77c-6c3e-43c0-9afa-ef07d9f92ffd,9,PURCHASE,2026-03-04T17:02:53.325067
78376492-dfe4-4410-8dc6-4d19ec461fec,24,SEARCH,2026-03-04T17:11:53.325067
df3ad564-7cee-4fe9-96a9-84a7092a5e63,11,PURCHASE,2026-03-04T17:15:53.325067
499e0a6a-0709-4df6-82f3-c75fa0ae73db,4,SEARCH,2026-03-04T17:20:53.325067
a4a13f18-f3c2-4670-b91a-710b108d53a4,8,SEARCH,2026-03-04T17:27:53.325067
90b4b949-3ac4-4655-a229-286c9bd897ec,21,SEARCH,2026-03-04T17:35:53.325067
e0a9d7da-890c-4d19-aa6d-18ae709ee7c3,4,SEARCH,2026-03-04T17:36:53.325067
53346a36-6f23-45f7-8089-1bd846183d7f,16,PURCHASE,2026-03-04T17:46:53.325067
36bdc412-fa89-4f9e-b7c8-a13e1b2570a9,14,PURCHASE,2026-03-04T17:50:53.325067
8afa90c5-ff76-47ab-a95d-beba635ae545,10,PURCHASE,2026-03-04T18:05:53.325067
53346a36-6f23-45f7-8089-1bd846183d7f,16,SEARCH,2026-03-04T18:08:53.325067
9647378f-753b-42a1-b37b-420d38ccf753,20,SEARCH,2026-03-04T18:18:53.325067
049d9430-a8c1-4b84-abb6-f4a7d83457ee,11,SEARCH,2026-03-04T18:35:53.325067
e713fcfa-0921-4f87-9b0b-f4fea9c533b3,5,SEARCH,2026-03-04T18:36:53.325067
67fc04f2-f83c-49fc-bf0a-b7acd06a81dc,5,SEARCH,2026-03-04T18:38:53.325067
6eab0579-7d84-4c14-93f7-7afac138240b,6,SEARCH,2026-03-04T18:45:53.325067
16e66dc7-20a0-40d0-b443-52fdad377a39,28,SEARCH,2026-03-04T18:55:53.325067
78b207a8-4f03-4de8-8b7a-56f69d1aa3ce,5,SEARCH,2026-03-04T19:14:53.325067
c5846c3d-3f65-4152-bf10-d1fef5f44b56,6,SEARCH,2026-03-04T19:34:53.325067
0ce550f0-2261-430c-87e4-108642207c14,8,SEARCH,2026-03-04T19:45:53.325067
11f535cc-5e01-4466-9bee-173cffebc97a,22,SEARCH,2026-03-04T19:49:53.325067
6e14bc6d-596f-402c-9364-0466af03fd90,3,SEARCH,2026-03-04T20:19:53.325067
313a75c2-6499-4c10-ab25-7c04da298bcb,10,SEARCH,2026-03-04T20:40:53.325067
d714b999-3c14-4075-87a4-786b3d3df991,3,SEARCH,2026-03-04T20:50:53.325067
c323d4f0-2ea5-4c35-9ed7-eb6f37c442a8,18,SEARCH,2026-03-04T21:02:53.325067
b0dc1cb2-7de9-4b0c-8611-aa4300a53faf,14,SEARCH,2026-03-04T21:20:53.325067
9ccd0302-b258-442e-b66b-3c33a6f7b0eb,18,SEARCH,2026-03-04T21:21:53.325067
576df0b8-64a6-457e-9ccc-65bbf71e8991,19,SEARCH,2026-03-04T21:23:53.325067
abb9826b-4bb0-4c47-b79d-ea82adf92050,10,SEARCH,2026-03-04T21:36:53.325067
78b207a8-4f03-4de8-8b7a-56f69d1aa3ce,8,SEARCH,2026-03-04T21:46:53.325067
a2e7871b-6fe3-4322-aa44-f620c1694932,18,PURCHASE,2026-03-04T21:50:53.325067
28d4420d-cf3a-4cd8-8912-bc9447596b91,6,SEARCH,2026-03-04T21:58:53.325067
025da52c-3daa-4ade-be62-1f35affd5e4d,10,SEARCH,2026-03-04T21:58:53.325067
c323d4f0-2ea5-4c35-9ed7-eb6f37c442a8,4,SEARCH,2026-03-04T22:10:53.325067
f5f14641-d463-40f3-84cb-e86ebe1ddd5a,8,SEARCH,2026-03-04T22:24:53.325067
c0f3be62-17ed-46b4-9717-2cebd19f20b6,21,SEARCH,2026-03-04T22:26:53.325067
bf25f2cc-5280-4b7d-955d-1f98969c2450,3,SEARCH,2026-03-04T22:37:53.325067
20f0883d-d9be-484b-b68a-a5737eeae40a,13,SEARCH,2026-03-04T22:46:53.325067
da2676de-00a0-4815-bd02-43e018860d96,13,SEARCH,2026-03-04T23:02:53.325067
b35e0ba4-5b13-4e14-8262-969524977292,18,PURCHASE,2026-03-04T23:05:53.325067
fe56cc6a-d6e2-45c9-8ff5-23371d3f93f8,17,SEARCH,2026-03-04T23:14:53.325067
b0f0703f-1ab9-4b58-a3a7-c5abaa6ccbee,3,SEARCH,2026-03-04T23:19:53.325067
905d306a-e61c-4450-8d56-c3c9d8cf6ec1,3,SEARCH,2026-03-04T23:30:53.325067
11f535cc-5e01-4466-9bee-173cffebc97a,8,SEARCH,2026-03-04T23:34:53.325067
b4d8ef13-63c6-4cd5-8013-261faa512ff8,4,SEARCH,2026-03-04T23:35:53.325067
40b0d04a-ac3a-497e-a265-a239bf90a988,20,SEARCH,2026-03-04T23:37:53.325067
80cc2ae5-5000-4948-82e6-cd47416f1529,3,SEARCH,2026-03-04T23:38:53.325067
01e53c67-0cb2-4f21-8eee-ef6246003908,30,PURCHASE,2026-03-04T23:44:53.325067
b0dc1cb2-7de9-4b0c-8611-aa4300a53faf,22,SEARCH,2026-03-05T00:01:53.325067
eea6fef7-54a8-4ff0-bdfb-923b4c4641ae,33,PURCHASE,2026-03-05T00:06:53.325067
53d42c57-4ffb-4e03-a869-2338cde94adf,18,PURCHASE,2026-03-05T00:07:53.325067
c830beb8-36fa-491c-9280-eb536a6eeb4f,19,SEARCH,2026-03-05T00:14:53.325067
622e8cf8-40ca-4030-b114-0140ec8889a1,18,SEARCH,2026-03-05T01:09:53.325067
bf25f2cc-5280-4b7d-955d-1f98969c2450,15,SEARCH,2026-03-05T01:12:53.325067
a4a13f18-f3c2-4670-b91a-710b108d53a4,12,PURCHASE,2026-03-05T01:13:53.325067
e400a7b4-49fc-4f34-8ee1-eb1089a0a1e4,15,SEARCH,2026-03-05T01:30:53.325067
83cc2298-5978-4813-82b3-44bd610242d8,23,SEARCH,2026-03-05T01:37:53.325067
df596bcd-5a68-47cc-a9bd-570b97482ed5,7,SEARCH,2026-03-05T01:40:53.325067
c2ed763e-ec0e-4b59-b7ff-b2d4bc4f294b,14,SEARCH,2026-03-05T01:41:53.325067
ea90fd4f-b17a-4338-a614-073d9ae82556,6,SEARCH,2026-03-05T01:47:53.325067
b0dc1cb2-7de9-4b0c-8611-aa4300a53faf,11,SEARCH,2026-03-05T01:52:53.325067
30105cba-fafd-492e-be7e-b1e0ac9e282d,20,SEARCH,2026-03-05T02:08:53.325067
2215fb8b-67c1-4f89-bfd5-52d068c5ca4f,5,SEARCH,2026-03-05T02:30:53.325067
80cc2ae5-5000-4948-82e6-cd47416f1529,8,SEARCH,2026-03-05T02:41:53.325067
c560c8ad-79bd-4d20-8c19-c023d548a907,32,SEARCH,2026-03-05T02:52:53.325067
ff549393-31f3-414b-818d-aba373db6163,10,SEARCH,2026-03-05T03:02:53.325067
531e8327-da0a-43e5-89ad-4038b82508d7,5,SEARCH,2026-03-05T03:04:53.325067
df3ad564-7cee-4fe9-96a9-84a7092a5e63,25,SEARCH,2026-03-05T03:09:53.325067
15638f0f-2c5f-4501-accc-7180adec7352,27,SEARCH,2026-03-05T03:25:53.325067
49fd6910-4863-40e7-bee4-2397a54d89dd,19,PURCHASE,2026-03-05T03:31:53.325067
67e97542-b13e-4e00-97a5-cbbabea32b12,27,SEARCH,2026-03-05T03:37:53.325067
fe818ba4-0153-43af-9d9f-d010085c48d3,7,PURCHASE,2026-03-05T03:55:53.325067
c0e792a3-7927-4223-bec7-202c6fbcef07,29,SEARCH,2026-03-05T04:26:53.325067
10736b4a-8fdb-4b0d-bcd2-3658eb891b12,6,SEARCH,2026-03-05T04:26:53.325067
659760cc-0f68-416d-a3b0-c36876d92e07,5,PURCHASE,2026-03-05T04:29:53.325067
75d49fe9-872c-4b3a-86dc-1932937fee8a,27,SEARCH,2026-03-05T04:30:53.325067
6b388271-763a-4a1e-b54d-9a41473d6cc7,6,SEARCH,2026-03-05T04:33:53.325067
2ac44fa5-420c-4322-8205-6f996ab44548,14,SEARCH,2026-03-05T04:37:53.325067
6eab0579-7d84-4c14-93f7-7afac138240b,10,SEARCH,2026-03-05T04:48:53.325067
1548e1ba-cfa7-4b92-8268-97da7eddff49,12,SEARCH,2026-03-05T05:20:53.325067
8cd8d36b-2249-410a-863c-4887671d5e9c,5,SEARCH,2026-03-05T05:34:53.325067
28b67510-16da-4c77-896b-2ffba172b497,33,SEARCH,2026-03-05T05:34:53.325067
1844715d-6c92-4eb9-b947-dc14a551090f,5,SEARCH,2026-03-05T05:39:53.325067
f539cbba-8e63-49a0-888f-a69e5387f5e7,9,SEARCH,2026-03-05T05:44:53.325067
7e2ae8e8-578a-47ff-ad9a-ff2af99edb89,12,SEARCH,2026-03-05T05:52:53.325067
622e8cf8-40ca-4030-b114-0140ec8889a1,8,PURCHASE,2026-03-05T05:57:53.325067
049d9430-a8c1-4b84-abb6-f4a7d83457ee,16,SEARCH,2026-03-05T05:58:53.325067
b4e35238-0ed8-4b94-8821-f723d26ed22c,19,SEARCH,2026-03-05T06:01:53.325067
13226df5-061b-4a9f-b90c-461443dc42a6,26,SEARCH,2026-03-05T06:08:53.325067
33163f98-d950-4322-9e3b-be0c9314f97f,19,SEARCH,2026-03-05T06:22:53.325067
d5355a54-1fab-49ee-9adc-ab2f6e6d987b,21,SEARCH,2026-03-05T06:22:53.325067
96e8c26e-0ec2-4efc-9437-af2b9dbaccd4,13,SEARCH,2026-03-05T06:26:53.325067
39240802-bb56-4802-b2c3-7ce6909d2480,31,SEARCH,2026-03-05T06:30:53.325067
27116756-15f1-4e13-84ae-412fb8a0372d,3,SEARCH,2026-03-05T06:51:53.325067
6eab0579-7d84-4c14-93f7-7afac138240b,22,SEARCH,2026-03-05T07:17:53.325067
d9ca6b6a-45ce-4b4a-8b51-78b07e3e6adb,23,SEARCH,2026-03-05T07:19:53.325067
ba73a637-3b51-4b92-83ae-1eb0047fa0e6,18,PURCHASE,2026-03-05T07:22:53.325067
694d4b11-cdb4-46da-869c-44dc427440bc,5,SEARCH,2026-03-05T07:25:53.325067
8aa4e24e-b641-4e27-90ad-ae70b2653a10,8,SEARCH,2026-03-05T08:07:53.325067
c79c14ee-62df-4edf-baef-0b521cd8b3a9,13,PURCHASE,2026-03-05T08:21:53.325067
b35e0ba4-5b13-4e14-8262-969524977292,16,SEARCH,2026-03-05T08:35:53.325067
2215fb8b-67c1-4f89-bfd5-52d068c5ca4f,22,SEARCH,2026-03-05T08:44:53.325067
cf0e19c2-6c69-40d8-8d02-2d6e00b017b9,24,SEARCH,2026-03-05T08:44:53.325067
52abc553-3b64-471c-b98c-edcb66b4a155,4,PURCHASE,2026-03-05T09:00:53.325067
05ecab31-be05-4cdd-97bd-8fa1a1d86061,21,SEARCH,2026-03-05T09:07:53.325067
a5194c33-76e7-4078-b66d-bc382b838987,29,SEARCH,2026-03-05T09:17:53.325067
ea90fd4f-b17a-4338-a614-073d9ae82556,21,SEARCH,2026-03-05T09:24:53.325067
73fe18cf-94b1-4974-bdc7-7cc358c52e03,14,SEARCH,2026-03-05T09:27:53.325067
d7e15291-054f-4cef-9258-1af87c8a1dc4,22,SEARCH,2026-03-05T09:31:53.325067
1ef1084f-e562-4722-b60f-a03cb724022e,18,SEARCH,2026-03-05T09:43:53.325067
0136a4e4-4cf3-4568-a345-e6c1ac040b27,14,SEARCH,2026-03-05T10:14:53.325067
aa6b21a4-8c72-4957-9afa-6231cd81b533,10,SEARCH,2026-03-05T10:21:53.325067
d68a52f6-e14d-436a-b6bd-8a499a1e564d,16,SEARCH,2026-03-05T10:23:53.325067
14475413-bfe4-45ff-9516-e0d88e2673ce,11,PURCHASE,2026-03-05T10:35:53.325067
1844715d-6c92-4eb9-b947-dc14a551090f,23,SEARCH,2026-03-05T10:41:53.325067
516c6646-8b42-45fa-9dc3-a3b89b1e4e26,7,PURCHASE,2026-03-05T10:41:53.325067
d374ed26-7e64-441c-a90a-eeffc47f4ffb,25,SEARCH,2026-03-05T10:45:53.325067
19fa6e83-b771-4a97-ae21-c241e196de8e,18,SEARCH,2026-03-05T10:51:53.325067
c9a94ebb-ba55-4f77-a535-b3b156e8cd6c,19,SEARCH,2026-03-05T10:59:53.325067
531e8327-da0a-43e5-89ad-4038b82508d7,4,SEARCH,2026-03-05T11:07:53.325067
f2264fb0-f9a4-4943-baa1-3cd4f092e0d0,30,SEARCH,2026-03-05T11:13:53.325067
d68a52f6-e14d-436a-b6bd-8a499a1e564d,12,SEARCH,2026-03-05T11:24:53.325067
049d9430-a8c1-4b84-abb6-f4a7d83457ee,9,SEARCH,2026-03-05T11:30:53.325067
97636ebc-d14c-457f-9ca9-d5e89042ecac,25,SEARCH,2026-03-05T11:48:53.325067
ef6d8c59-0cd7-4538-85ec-fd90391165f7,4,SEARCH,2026-03-05T11:49:53.325067
52a0a704-e6eb-40b0-9474-a2b9f3b1b933,10,SEARCH,2026-03-05T13:00:53.325067
839f5e0b-2b92-4f79-83a4-8ca6b64ab7fb,16,SEARCH,2026-03-05T13:03:53.325067
34a73aeb-dde0-4b34-8616-a11e680d89b5,24,SEARCH,2026-03-05T13:34:53.325067
09acf0d1-0c42-4614-ba7b-024042ad1bb9,11,SEARCH,2026-03-05T13:46:53.325067
30725a43-4ef2-4381-8299-b5e965efb313,8,SEARCH,2026-03-05T14:06:53.325067
4d036e41-d90b-41cf-9073-34efdbe8ec2e,16,SEARCH,2026-03-05T14:08:53.325067
d2588be5-113a-4600-84a1-93a66a7c88d6,27,SEARCH,2026-03-05T14:11:53.325067
61e2bd04-bc08-4f83-a50c-ca72347e4c0d,19,SEARCH,2026-03-05T14:17:53.325067
ed8d870f-57f0-4c43-81e2-8db499511c37,8,SEARCH,2026-03-05T14:32:53.325067
58509eb1-425d-4ca5-81bd-306d21b3d8e4,14,SEARCH,2026-03-05T14:48:53.325067
c0e792a3-7927-4223-bec7-202c6fbcef07,20,SEARCH,2026-03-05T14:56:53.325067
023d151c-6757-4419-87e2-88e1c2687a07,27,SEARCH,2026-03-05T15:12:53.325067
7f31a02d-6bf8-4c93-ae8c-a227e3dd4e1c,1,PURCHASE,2026-03-05T15:30:53.325067
209e1b4f-9340-42d8-b737-0f3435787db4,17,SEARCH,2026-03-05T15:35:53.325067
cfcaaa68-2c98-4f75-81fb-468ef00b4e72,20,SEARCH,2026-03-05T15:38:53.325067
24386d05-3573-49b9-aed4-54347fb9ca2b,14,SEARCH,2026-03-05T15:39:53.325067
a4a13f18-f3c2-4670-b91a-710b108d53a4,6,SEARCH,2026-03-05T15:42:53.325067
314b8cfb-73bd-4078-b4cf-a792e36bbd0d,8,SEARCH,2026-03-05T15:45:53.325067
c24a1f2c-e995-4ab7-b371-51f3919a5d97,21,SEARCH,2026-03-05T15:51:53.325067
1ef1084f-e562-4722-b60f-a03cb724022e,7,PURCHASE,2026-03-05T15:57:53.325067
39240802-bb56-4802-b2c3-7ce6909d2480,17,SEARCH,2026-03-05T16:17:53.325067
58509eb1-425d-4ca5-81bd-306d21b3d8e4,17,SEARCH,2026-03-05T16:21:53.325067
be27ad6a-f5a6-49b2-b27d-714f889c9ef0,7,SEARCH,2026-03-05T16:23:53.325067
71852831-90ad-4deb-9abc-4a1baee33cb6,22,PURCHASE,2026-03-05T16:28:53.325067
d1d39266-15c0-4b5b-a8e5-8cdea23f9a93,8,SEARCH,2026-03-05T16:30:53.325067
e2976eab-3b7d-4868-9006-80626218e2d1,33,SEARCH,2026-03-05T16:37:53.325067
78376492-dfe4-4410-8dc6-4d19ec461fec,1,SEARCH,2026-03-05T16:49:53.325067
6865ed66-412e-4e21-83e6-46107262df72,21,SEARCH,2026-03-05T16:52:53.325067
e3556b91-8a79-40ee-8564-73f6a8c294a8,19,SEARCH,2026-03-05T16:55:53.325067
90106b81-6da1-4962-b339-2e4818d625ca,8,SEARCH,2026-03-05T17:12:53.325067
5373c04b-8165-4b0c-8cc5-edd291bca6b2,15,SEARCH,2026-03-05T17:24:53.325067
153982c3-0a07-4f2c-bf34-6bc1b976aa1b,20,SEARCH,2026-03-05T17:26:53.325067
75d49fe9-872c-4b3a-86dc-1932937fee8a,4,SEARCH,2026-03-05T17:32:53.325067
6c70e8d6-0101-4704-bb35-39d5e9ecd5c2,15,SEARCH,2026-03-05T17:47:53.325067
f8651bba-e11f-4f31-9157-8ea01fc8309a,10,SEARCH,2026-03-05T17:50:53.325067
ad965232-d3a1-429c-a8a6-8736e3192620,7,SEARCH,2026-03-05T18:00:53.325067
4738e68f-b0ba-40cf-a34e-28d8c2e45516,24,SEARCH,2026-03-05T18:04:53.325067
e8b648b5-cc25-4d43-904e-4c720bd6b748,26,SEARCH,2026-03-05T18:40:53.325067
7c08278c-45df-4aec-a828-f8ec5848e626,24,SEARCH,2026-03-05T18:55:53.325067
ba73a637-3b51-4b92-83ae-1eb0047fa0e6,10,PURCHASE,2026-03-05T19:01:53.325067
a9346e7e-17e3-4628-ad19-3b8932ed9b4d,19,SEARCH,2026-03-05T19:33:53.325067
6e14bc6d-596f-402c-9364-0466af03fd90,9,PURCHASE,2026-03-05T19:34:53.325067
3543cf5f-f9e4-45cc-853e-61e31cdf3d23,21,SEARCH,2026-03-05T19:55:53.325067
f989b4c3-a07f-4c59-bf58-a8e48cb67c2c,24,PURCHASE,2026-03-05T19:57:53.325067
efeaa17c-3754-4025-b0fd-57188c4aef5e,27,SEARCH,2026-03-05T20:05:53.325067
839f5e0b-2b92-4f79-83a4-8ca6b64ab7fb,14,SEARCH,2026-03-05T20:10:53.325067
b392a2ea-6797-4320-9af3-01ba20730ada,5,SEARCH,2026-03-05T20:16:53.325067
05ecab31-be05-4cdd-97bd-8fa1a1d86061,10,SEARCH,2026-03-05T20:33:53.325067
425260d4-ed1f-4c19-9d2d-5fad0141f6c5,10,SEARCH,2026-03-05T20:55:53.325067
77be904d-ae03-46de-a946-154376326fac,12,PURCHASE,2026-03-05T20:59:53.325067
fc0f0f36-1dd0-4cf1-9125-bd9cef554e1a,16,SEARCH,2026-03-05T21:02:53.325067
fd9d531f-1f9b-4f29-b369-cdd3f6f82fd7,22,PURCHASE,2026-03-05T21:04:53.325067
1ef1084f-e562-4722-b60f-a03cb724022e,24,SEARCH,2026-03-05T21:05:53.325067
93464a6b-ef94-4603-a3ed-00786c9be40c,12,SEARCH,2026-03-05T21:13:53.325067
1ef1084f-e562-4722-b60f-a03cb724022e,6,PURCHASE,2026-03-05T21:20:53.325067
cc876e06-27ba-4dfa-b925-231965647920,4,SEARCH,2026-03-05T21:30:53.325067
3b807a78-e1dc-4eda-9a48-0f7d2fdebf76,5,PURCHASE,2026-03-05T21:30:53.325067
03e12c65-f5c6-4994-a25f-4b40e3f5ce46,16,PURCHASE,2026-03-05T21:58:53.325067
cc07b342-7e38-49da-924a-c9a0b47d3972,13,SEARCH,2026-03-05T22:02:53.325067
a2e7871b-6fe3-4322-aa44-f620c1694932,9,SEARCH,2026-03-05T22:06:53.325067
9345cf47-4508-4fcb-8fc2-de521160be73,16,SEARCH,2026-03-05T22:14:53.325067
a2e7871b-6fe3-4322-aa44-f620c1694932,2,SEARCH,2026-03-05T22:17:53.325067
ffa5c930-300a-4e34-a99e-bf085c6d3432,20,PURCHASE,2026-03-05T22:27:53.325067
adb57e5e-5a91-4d39-9039-d02a28817f53,4,SEARCH,2026-03-05T22:27:53.325067
ab10de25-9543-4ead-9a7e-ef5d55b2e648,12,SEARCH,2026-03-05T22:37:53.325067
571de027-be48-4045-b4cd-7124699f435e,3,SEARCH,2026-03-05T22:39:53.325067
e1f9159b-0c8e-4734-a379-c6745ef1486c,14,SEARCH,2026-03-05T22:40:53.325067
a4a13f18-f3c2-4670-b91a-710b108d53a4,9,SEARCH,2026-03-05T22:41:53.325067
eea6fef7-54a8-4ff0-bdfb-923b4c4641ae,30,SEARCH,2026-03-05T22:57:53.325067
b5ee5466-b470-4bfd-995c-77ee91769403,11,SEARCH,2026-03-05T23:04:53.325067
a4856a37-4ff9-4684-b895-fa21a8cbd085,11,SEARCH,2026-03-05T23:14:53.325067
e5635040-1736-4b05-9eaf-c6d0eca3b36b,11,SEARCH,2026-03-05T23:14:53.325067
21dae28c-1b0b-4331-9a64-bfec29296aab,7,PURCHASE,2026-03-05T23:29:53.325067
d822cfc8-2e23-41a3-bb09-ddbc0af60dfa,9,SEARCH,2026-03-05T23:43:53.325067
d9ca6b6a-45ce-4b4a-8b51-78b07e3e6adb,3,SEARCH,2026-03-05T23:57:53.325067
018919ec-9fdc-4f12-8176-8ae69ac2b00c,10,PURCHASE,2026-03-06T00:00:53.325067
242c3f83-43b1-408e-b05b-6fc2ed10168f,11,SEARCH,2026-03-06T00:07:53.325067
4ba1e89e-4107-41af-9d43-5feed90d28fc,6,SEARCH,2026-03-06T00:10:53.325067
c39f6053-cb21-4a6b-98bb-4036625cd5b7,12,SEARCH,2026-03-06T00:12:53.325067
78376492-dfe4-4410-8dc6-4d19ec461fec,10,SEARCH,2026-03-06T00:27:53.325067
82f01968-17c4-4417-a691-e7a2988e5978,9,SEARCH,2026-03-06T00:41:53.325067
f539cbba-8e63-49a0-888f-a69e5387f5e7,10,SEARCH,2026-03-06T00:48:53.325067
9345cf47-4508-4fcb-8fc2-de521160be73,7,SEARCH,2026-03-06T00:49:53.325067
e9903e8d-7458-4f4f-9745-a59f893cc56c,12,SEARCH,2026-03-06T01:11:53.325067
a9346e7e-17e3-4628-ad19-3b8932ed9b4d,21,SEARCH,2026-03-06T01:21:53.325067
201cabf1-65f9-42b1-8615-e9130ceadfbe,9,SEARCH,2026-03-06T01:23:53.325067
a2e7871b-6fe3-4322-aa44-f620c1694932,12,SEARCH,2026-03-06T01:25:53.325067
df3ad564-7cee-4fe9-96a9-84a7092a5e63,19,SEARCH,2026-03-06T01:31:53.325067
86d658a5-b15f-4ac1-a7fc-f30974f84164,32,SEARCH,2026-03-06T01:46:53.325067
182ef987-a6d6-4329-abe8-2da0782d5dfb,33,PURCHASE,2026-03-06T01:57:53.325067
b5ee5466-b470-4bfd-995c-77ee91769403,5,SEARCH,2026-03-06T02:25:53.325067
08e72634-2463-427b-b483-84616f3685a4,23,SEARCH,2026-03-06T02:25:53.325067
4c682d9e-2f19-46a9-af00-13d29cfbdfb6,21,SEARCH,2026-03-06T02:34:53.325067
e08d0953-f32b-47fa-9faf-130bbb7a9f26,20,PURCHASE,2026-03-06T02:43:53.325067
ff549393-31f3-414b-818d-aba373db6163,20,SEARCH,2026-03-06T03:07:53.325067
636d7396-1683-4a3e-82c0-9ae0c3301625,12,SEARCH,2026-03-06T03:11:53.325067
adb57e5e-5a91-4d39-9039-d02a28817f53,23,SEARCH,2026-03-06T03:23:53.325067
e784cea5-091b-44e9-bafa-a30bf09488b3,13,SEARCH,2026-03-06T03:31:53.325067
1248e958-b915-4c0e-bdde-efe06a0fa923,16,SEARCH,2026-03-06T03:45:53.325067
571de027-be48-4045-b4cd-7124699f435e,21,PURCHASE,2026-03-06T03:58:53.325067
c7e06cd1-5015-48c6-8ee7-2c10cc0bb46e,15,SEARCH,2026-03-06T04:03:53.325067
aa6b21a4-8c72-4957-9afa-6231cd81b533,5,SEARCH,2026-03-06T04:10:53.325067
95118bab-6ddb-43da-877d-761917f1c52b,5,SEARCH,2026-03-06T04:13:53.325067
379e08e5-0428-4f95-a431-246914c078aa,17,SEARCH,2026-03-06T04:15:53.325067
94e4d379-358e-468b-8f7c-126dbbb289fa,2,SEARCH,2026-03-06T04:23:53.325067
08c339e5-d7df-4047-8cf4-d409a9dfb6ab,20,SEARCH,2026-03-06T04:23:53.325067
85f21559-3af2-4897-841a-ff65292442f0,14,SEARCH,2026-03-06T04:32:53.325067
df596bcd-5a68-47cc-a9bd-570b97482ed5,20,SEARCH,2026-03-06T04:42:53.325067
3a5fc1da-6412-4109-81e5-e7e06b0c788e,22,SEARCH,2026-03-06T04:42:53.325067
09acf0d1-0c42-4614-ba7b-024042ad1bb9,9,SEARCH,2026-03-06T04:44:53.325067
8cb126e9-21f0-4b02-90b2-c15e6504b750,26,SEARCH,2026-03-06T04:55:53.325067
9b42292f-a51f-4d75-8725-5d2ab7b41c74,10,SEARCH,2026-03-06T05:04:53.325067
49fe03be-dcd7-468e-94c9-5e30bdcf9474,6,SEARCH,2026-03-06T05:41:53.325067
576df0b8-64a6-457e-9ccc-65bbf71e8991,22,SEARCH,2026-03-06T05:55:53.325067
c2ed763e-ec0e-4b59-b7ff-b2d4bc4f294b,11,SEARCH,2026-03-06T06:29:53.325067
3af5dfea-d509-43c2-b0d4-9fbc5a1f50eb,3,SEARCH,2026-03-06T06:40:53.325067
c0be9d60-fe5a-420a-b129-7df87ddca226,18,PURCHASE,2026-03-06T06:47:53.325067
aa5b2f50-8c9f-47cd-9860-186f7200044e,21,SEARCH,2026-03-06T06:54:53.325067
25a9a47e-8243-4dd7-a1ea-c6a1291bd002,12,SEARCH,2026-03-06T06:55:53.325067
d3a790da-c37a-4724-9a5c-988365751ae3,18,SEARCH,2026-03-06T07:01:53.325067
e400a7b4-49fc-4f34-8ee1-eb1089a0a1e4,7,SEARCH,2026-03-06T07:03:53.325067
e5635040-1736-4b05-9eaf-c6d0eca3b36b,27,SEARCH,2026-03-06T07:03:53.325067
be4f84e9-09e7-4d00-85b6-9d8d779b1eb2,9,SEARCH,2026-03-06T07:17:53.325067
d4770df7-1eb0-4af7-8f6f-e9563e68b661,11,SEARCH,2026-03-06T07:29:53.325067
a44010ad-0d43-47a3-b12d-2c627035a49c,15,SEARCH,2026-03-06T07:32:53.325067
c64b9411-6286-45b6-9c58-4b7809b57cf9,11,SEARCH,2026-03-06T07:46:53.325067
3dc5dc12-5c3f-41de-a6de-cb8ac60ae022,12,SEARCH,2026-03-06T08:13:53.325067
94e4d379-358e-468b-8f7c-126dbbb289fa,11,SEARCH,2026-03-06T08:33:53.325067
e784cea5-091b-44e9-bafa-a30bf09488b3,6,SEARCH,2026-03-06T08:42:53.325067
ed8d870f-57f0-4c43-81e2-8db499511c37,6,SEARCH,2026-03-06T08:55:53.325067
df596bcd-5a68-47cc-a9bd-570b97482ed5,24,PURCHASE,2026-03-06T09:03:53.325067
d5355a54-1fab-49ee-9adc-ab2f6e6d987b,15,SEARCH,2026-03-06T09:04:53.325067
5b48744a-3ab9-4929-b9b3-2a391792b2a6,5,SEARCH,2026-03-06T09:12:53.325067
049d9430-a8c1-4b84-abb6-f4a7d83457ee,7,SEARCH,2026-03-06T09:13:53.325067
b96b592a-4e5c-4d1b-accc-2777368aa4be,13,SEARCH,2026-03-06T09:16:53.325067
b4f47da9-9f4e-4b98-ae9c-bb815ae1bed4,15,SEARCH,2026-03-06T09:18:53.325067
d7e15291-054f-4cef-9258-1af87c8a1dc4,21,SEARCH,2026-03-06T09:22:53.325067
1ef1084f-e562-4722-b60f-a03cb724022e,3,SEARCH,2026-03-06T09:33:53.325067
27d24a11-f94d-4ebd-ad87-de9dce3f42da,10,SEARCH,2026-03-06T10:01:53.325067
73fe18cf-94b1-4974-bdc7-7cc358c52e03,23,SEARCH,2026-03-06T10:15:53.325067
4bd6b982-dac9-4d73-b582-eeda940ab590,9,SEARCH,2026-03-06T10:24:53.325067
24386d05-3573-49b9-aed4-54347fb9ca2b,2,SEARCH,2026-03-06T10:31:53.325067
20bce24e-5929-483e-88f3-868a841043e0,11,SEARCH,2026-03-06T10:34:53.325067
52abc553-3b64-471c-b98c-edcb66b4a155,18,SEARCH,2026-03-06T10:44:53.325067
a44010ad-0d43-47a3-b12d-2c627035a49c,22,SEARCH,2026-03-06T10:48:53.325067
8bbf9955-a497-4453-a7a3-7675c8c98080,9,SEARCH,2026-03-06T11:18:53.325067
153982c3-0a07-4f2c-bf34-6bc1b976aa1b,12,SEARCH,2026-03-06T11:18:53.325067
890da6f7-a41d-4719-9d26-58ed800a02f8,18,SEARCH,2026-03-06T11:34:53.325067
eae4987c-f9cc-4e78-ac55-f53f9f963a42,25,SEARCH,2026-03-06T11:36:53.325067
adb57e5e-5a91-4d39-9039-d02a28817f53,21,SEARCH,2026-03-06T11:36:53.325067
65b00138-3ad1-4210-8326-f5f0f920a927,3,SEARCH,2026-03-06T11:45:53.325067
40b0d04a-ac3a-497e-a265-a239bf90a988,5,SEARCH,2026-03-06T12:05:53.325067
e8108cd8-6fef-4a59-bd95-717b807705f7,12,SEARCH,2026-03-06T12:15:53.325067
6a96c77d-5b1a-447c-a920-c59619c1a042,35,SEARCH,2026-03-06T12:17:53.325067
4453932d-0094-4102-b5e1-d4f9438748e5,20,SEARCH,2026-03-06T12:26:53.325067
4febf5cb-8b1b-41fb-9f2a-ef336bf8dee3,15,SEARCH,2026-03-06T12:32:53.325067
3a5fc1da-6412-4109-81e5-e7e06b0c788e,10,SEARCH,2026-03-06T12:37:53.325067
4bd6b982-dac9-4d73-b582-eeda940ab590,28,SEARCH,2026-03-06T13:29:53.325067
c2c49c28-c2f2-414d-be9c-903e90fa7cb1,12,SEARCH,2026-03-06T15:04:53.325067
c2c49c28-c2f2-414d-be9c-903e90fa7cb1,28,PURCHASE,2026-03-06T15:32:53.325067
b6a94374-7d42-4029-a262-dbf92b8615ed,25,SEARCH,2026-03-06T15:36:53.325067
649ec5cb-fa6d-406d-a416-6a6933954f79,12,SEARCH,2026-03-06T15:37:53.325067
a44010ad-0d43-47a3-b12d-2c627035a49c,8,SEARCH,2026-03-06T15:40:53.325067
c14f5d5a-2027-47cf-8566-4878bc8b557d,16,SEARCH,2026-03-06T15:40:53.325067
a21c5513-9d37-4926-9729-0f802f6f6304,6,PURCHASE,2026-03-06T15:45:53.325067
b01bb9cc-efd9-471d-981d-546f87f111f8,7,SEARCH,2026-03-06T15:46:53.325067
cd353de9-6e32-40d6-9c2d-680726598e91,6,PURCHASE,2026-03-06T16:03:53.325067
6865ed66-412e-4e21-83e6-46107262df72,13,SEARCH,2026-03-06T16:04:53.325067
fcb22bfc-6128-495e-be2c-b0a43c231973,29,SEARCH,2026-03-06T16:21:53.325067
30105cba-fafd-492e-be7e-b1e0ac9e282d,2,SEARCH,2026-03-06T16:23:53.325067
37fe6ce2-628b-4a7a-b843-6301327f59b9,11,SEARCH,2026-03-06T16:27:53.325067
42052f5a-939c-4821-aaab-9e8fc026ddcd,11,SEARCH,2026-03-06T16:36:53.325067
e698bee2-3a4d-4773-bbb1-ea8778919f86,19,SEARCH,2026-03-06T16:45:53.325067
df13e12f-6ea3-4c43-8ff0-b64bee8abfd4,16,SEARCH,2026-03-06T16:55:53.325067
a809b711-aa64-4474-8e48-d243ab6f8baf,14,SEARCH,2026-03-06T17:21:53.325067
bb2204d1-bf5a-4650-b7c2-af557946c2ff,27,SEARCH,2026-03-06T17:24:53.325067
6b3f9a86-54b2-440b-bc2e-1b1f1c640d49,15,SEARCH,2026-03-06T17:25:53.325067
f42190bc-15f2-4928-b31e-76e81ca22d83,40,PURCHASE,2026-03-06T17:31:53.325067
ffc7c64f-dde1-44f2-9cf7-74e6493333b1,19,SEARCH,2026-03-06T17:47:53.325067
433f9cd8-a64b-42cc-8304-054b6770950f,27,SEARCH,2026-03-06T18:07:53.325067
0cf97aed-2f42-42d3-ab87-67b1f77fd99f,13,PURCHASE,2026-03-06T18:15:53.325067
82f01968-17c4-4417-a691-e7a2988e5978,8,SEARCH,2026-03-06T18:17:53.325067
f2264fb0-f9a4-4943-baa1-3cd4f092e0d0,9,SEARCH,2026-03-06T18:20:53.325067
4d036e41-d90b-41cf-9073-34efdbe8ec2e,11,SEARCH,2026-03-06T18:35:53.325067
f2a91885-84ac-4819-b0c7-9ec58273439e,11,PURCHASE,2026-03-06T18:41:53.325067
5b48744a-3ab9-4929-b9b3-2a391792b2a6,11,SEARCH,2026-03-06T19:28:53.325067
839f5e0b-2b92-4f79-83a4-8ca6b64ab7fb,32,PURCHASE,2026-03-06T19:33:53.325067
d58a8e77-5dfb-4e2a-9cb2-4ca81ba24791,12,SEARCH,2026-03-06T19:34:53.325067
c2c49c28-c2f2-414d-be9c-903e90fa7cb1,16,SEARCH,2026-03-06T19:38:53.325067
c323d4f0-2ea5-4c35-9ed7-eb6f37c442a8,23,SEARCH,2026-03-06T19:40:53.325067
71852831-90ad-4deb-9abc-4a1baee33cb6,2,SEARCH,2026-03-06T19:45:53.325067
425260d4-ed1f-4c19-9d2d-5fad0141f6c5,11,SEARCH,2026-03-06T20:00:53.325067
40b0d04a-ac3a-497e-a265-a239bf90a988,23,SEARCH,2026-03-06T20:19:53.325067
c39f6053-cb21-4a6b-98bb-4036625cd5b7,10,SEARCH,2026-03-06T20:27:53.325067
516c6646-8b42-45fa-9dc3-a3b89b1e4e26,20,PURCHASE,2026-03-06T20:43:53.325067
d0dfd001-aa3f-40c1-8c8d-6d5a0594735b,7,SEARCH,2026-03-06T20:57:53.325067
c14f5d5a-2027-47cf-8566-4878bc8b557d,7,SEARCH,2026-03-06T20:59:53.325067
6491a90a-1252-4522-a4aa-568e054ea3e6,11,PURCHASE,2026-03-06T21:12:53.325067
73fe18cf-94b1-4974-bdc7-7cc358c52e03,20,SEARCH,2026-03-06T21:29:53.325067
1844715d-6c92-4eb9-b947-dc14a551090f,11,SEARCH,2026-03-06T21:51:53.325067
0ebfddde-402d-4f23-90ec-1f60f3a58d80,27,SEARCH,2026-03-06T22:09:53.325067
f2264fb0-f9a4-4943-baa1-3cd4f092e0d0,8,SEARCH,2026-03-06T22:14:53.325067
f5f14641-d463-40f3-84cb-e86ebe1ddd5a,5,SEARCH,2026-03-06T22:19:53.325067
2ea4a138-d77e-463f-b60c-3e100f6304a0,15,PURCHASE,2026-03-06T22:35:53.325067
b4f47da9-9f4e-4b98-ae9c-bb815ae1bed4,27,SEARCH,2026-03-06T22:41:53.325067
b53bf36e-44fa-4ab5-82db-853f44cf8e54,22,SEARCH,2026-03-06T22:46:53.325067
a97b1044-6e48-4aea-b988-5c6d42bdefb6,11,SEARCH,2026-03-06T22:55:53.325067
7981a1ff-35a7-4d84-9f26-48042b761273,12,SEARCH,2026-03-06T22:57:53.325067
ab10de25-9543-4ead-9a7e-ef5d55b2e648,7,SEARCH,2026-03-06T23:34:53.325067
95118bab-6ddb-43da-877d-761917f1c52b,19,SEARCH,2026-03-06T23:50:53.325067
5efcc330-6be7-47cb-97ac-647f1b2074af,7,SEARCH,2026-03-07T00:14:53.325067
b0dc1cb2-7de9-4b0c-8611-aa4300a53faf,8,SEARCH,2026-03-07T00:17:53.325067
abb9826b-4bb0-4c47-b79d-ea82adf92050,21,SEARCH,2026-03-07T00:22:53.325067
72b6e864-78a7-4e9c-96fe-6840cbd0bd9e,11,SEARCH,2026-03-07T00:24:53.325067
c0ddc42f-ccd4-4c30-8db6-7154bd9a32cd,12,SEARCH,2026-03-07T00:35:53.325067
694d4b11-cdb4-46da-869c-44dc427440bc,8,PURCHASE,2026-03-07T00:42:53.325067
9c8f276e-86ba-4f0a-8a32-5ed55f5cc597,13,SEARCH,2026-03-07T00:43:53.325067
90b8a8f0-b1ab-476a-9f6e-1b4935b5c76f,5,SEARCH,2026-03-07T00:50:53.325067
33163f98-d950-4322-9e3b-be0c9314f97f,7,PURCHASE,2026-03-07T00:51:53.325067
5bd2b13f-2c10-4795-b1e4-c9a840aaece9,3,SEARCH,2026-03-07T00:54:53.325067
920036aa-1e46-4c61-b723-5f6d549697b4,8,SEARCH,2026-03-07T00:57:53.325067
cd353de9-6e32-40d6-9c2d-680726598e91,12,SEARCH,2026-03-07T00:59:53.325067
5bd2b13f-2c10-4795-b1e4-c9a840aaece9,11,PURCHASE,2026-03-07T01:02:53.325067
a44010ad-0d43-47a3-b12d-2c627035a49c,19,PURCHASE,2026-03-07T01:19:53.325067
df13e12f-6ea3-4c43-8ff0-b64bee8abfd4,21,SEARCH,2026-03-07T01:35:53.325067
16e66dc7-20a0-40d0-b443-52fdad377a39,4,SEARCH,2026-03-07T02:13:53.325067
51190cd5-9692-45e9-81a0-31ea67943df9,19,SEARCH,2026-03-07T02:32:53.325067
abfb412e-37c0-489f-9efe-79058e16df0d,11,SEARCH,2026-03-07T02:38:53.325067
6b4554d8-ea98-424e-b4be-aab8653db58d,9,SEARCH,2026-03-07T02:43:53.325067
c9a94ebb-ba55-4f77-a535-b3b156e8cd6c,23,SEARCH,2026-03-07T02:49:53.325067
ab10de25-9543-4ead-9a7e-ef5d55b2e648,11,SEARCH,2026-03-07T02:54:53.325067
edc9014e-4596-4b2b-bf2c-4ce00a2724d1,17,SEARCH,2026-03-07T03:03:53.325067
575a857f-54be-428f-8863-5245aca9ebd4,23,SEARCH,2026-03-07T03:03:53.325067
e52aaa84-a13e-4176-9949-70c69bd54d38,13,SEARCH,2026-03-07T03:10:53.325067
ec5bf1f7-2a55-4a83-9709-2df9b1283cc9,9,SEARCH,2026-03-07T03:51:53.325067
a4856a37-4ff9-4684-b895-fa21a8cbd085,8,SEARCH,2026-03-07T03:56:53.325067
7803904e-2247-4d5c-963f-ccd4ca26faf0,26,PURCHASE,2026-03-07T04:02:53.325067
7c08278c-45df-4aec-a828-f8ec5848e626,17,SEARCH,2026-03-07T04:37:53.325067
5726b442-95dd-4d17-9d43-25648739720c,11,SEARCH,2026-03-07T04:51:53.325067
8614f259-b1f4-4ff9-8496-c48257c0d552,19,SEARCH,2026-03-07T04:58:53.325067
0007b2db-6653-42bd-8ba0-71309134929e,22,SEARCH,2026-03-07T05:02:53.325067
27116756-15f1-4e13-84ae-412fb8a0372d,9,SEARCH,2026-03-07T05:05:53.325067
1daf6cb5-b47b-4197-89f2-3e9e8659bdc1,7,SEARCH,2026-03-07T05:12:53.325067
905d306a-e61c-4450-8d56-c3c9d8cf6ec1,22,SEARCH,2026-03-07T05:29:53.325067
46d4641b-2c5a-41da-b0c1-daae8c4e9be9,26,SEARCH,2026-03-07T05:36:53.325067
33163f98-d950-4322-9e3b-be0c9314f97f,19,SEARCH,2026-03-07T05:47:53.325067
5adc5e8e-3072-4753-befd-147c4de46bb2,11,PURCHASE,2026-03-07T05:57:53.325067
cc07b342-7e38-49da-924a-c9a0b47d3972,10,SEARCH,2026-03-07T05:58:53.325067
08e72634-2463-427b-b483-84616f3685a4,21,PURCHASE,2026-03-07T06:01:53.325067
08c339e5-d7df-4047-8cf4-d409a9dfb6ab,20,SEARCH,2026-03-07T06:10:53.325067
37fe6ce2-628b-4a7a-b843-6301327f59b9,12,SEARCH,2026-03-07T06:18:53.325067
ba8f0e72-3209-4387-a358-72c4c62ebad3,8,PURCHASE,2026-03-07T06:30:53.325067
c0e792a3-7927-4223-bec7-202c6fbcef07,28,PURCHASE,2026-03-07T06:35:53.325067
f56e5db2-c63d-432e-ab21-652e585a1229,19,SEARCH,2026-03-07T06:38:53.325067
f5f14641-d463-40f3-84cb-e86ebe1ddd5a,15,SEARCH,2026-03-07T06:42:53.325067
26347d35-a405-4d26-8f05-e1e3606c040b,6,SEARCH,2026-03-07T06:46:53.325067
7a9371cb-01a9-499f-86f5-d0bd6452b509,23,SEARCH,2026-03-07T06:46:53.325067
771db771-b160-40df-bdda-3c4effd1c9b7,14,SEARCH,2026-03-07T06:55:53.325067
a3a3e7fd-0509-4231-a9f5-b23f1c697f12,19,SEARCH,2026-03-07T07:08:53.325067
242b50ce-bbaa-43a5-b558-5e8566db4856,7,SEARCH,2026-03-07T07:23:53.325067
af55ce6d-8ccc-4ab6-aedb-2a0ab42a12e3,4,SEARCH,2026-03-07T07:34:53.325067
a266d188-7a9f-4b44-b73e-2d7af82b6ca9,21,SEARCH,2026-03-07T08:06:53.325067
abfb412e-37c0-489f-9efe-79058e16df0d,14,PURCHASE,2026-03-07T08:10:53.325067
46ccf373-e384-449e-9168-3c0d8d3c2a87,17,SEARCH,2026-03-07T08:13:53.325067
c79c14ee-62df-4edf-baef-0b521cd8b3a9,13,SEARCH,2026-03-07T08:22:53.325067
8e4ec77c-6c3e-43c0-9afa-ef07d9f92ffd,8,SEARCH,2026-03-07T08:29:53.325067
ddb8726e-1052-45d7-84f0-77d9b0847c39,5,SEARCH,2026-03-07T08:35:53.325067
6c70e8d6-0101-4704-bb35-39d5e9ecd5c2,9,SEARCH,2026-03-07T08:43:53.325067
95118bab-6ddb-43da-877d-761917f1c52b,18,SEARCH,2026-03-07T08:48:53.325067
ff9c1a41-68e5-45af-b6a7-b78af120e27c,7,PURCHASE,2026-03-07T08:49:53.325067
e8b648b5-cc25-4d43-904e-4c720bd6b748,10,SEARCH,2026-03-07T09:06:53.325067
69e263ee-7429-4a8d-8504-5817a13a7c44,15,SEARCH,2026-03-07T09:18:53.325067
a35b5e7f-b562-4240-9e36-2a1fa2f5fe51,9,PURCHASE,2026-03-07T09:23:53.325067
c5e57418-eebb-4887-abd9-ba54dbb7529c,33,SEARCH,2026-03-07T09:25:53.325067
41ee7aa6-429b-4629-8b57-1eb39489d14d,2,SEARCH,2026-03-07T09:27:53.325067
902a18a8-02f3-4165-acd5-8d7ae962d613,9,SEARCH,2026-03-07T09:35:53.325067
1a7c3d97-7767-4d24-b808-86c709c1b938,27,PURCHASE,2026-03-07T09:38:53.325067
a002615b-76fb-4fc4-b07f-41e5ae4b2c8b,5,SEARCH,2026-03-07T09:43:53.325067
7e2ae8e8-578a-47ff-ad9a-ff2af99edb89,18,SEARCH,2026-03-07T09:46:53.325067
c2c49c28-c2f2-414d-be9c-903e90fa7cb1,10,SEARCH,2026-03-07T09:49:53.325067
6491a90a-1252-4522-a4aa-568e054ea3e6,20,PURCHASE,2026-03-07T09:53:53.325067
2b95a003-e0b9-4cd7-b99d-90bbfffcfde0,30,SEARCH,2026-03-07T10:04:53.325067
fd9d531f-1f9b-4f29-b369-cdd3f6f82fd7,10,SEARCH,2026-03-07T10:11:53.325067
694d4b11-cdb4-46da-869c-44dc427440bc,21,SEARCH,2026-03-07T10:16:53.325067
b6a94374-7d42-4029-a262-dbf92b8615ed,17,SEARCH,2026-03-07T10:23:53.325067
a9a7ad70-48a1-4c4b-a7d0-51e7f1c0081c,5,SEARCH,2026-03-07T10:27:53.325067
242c3f83-43b1-408e-b05b-6fc2ed10168f,11,PURCHASE,2026-03-07T10:28:53.325067
6b08405f-b4ce-42bd-9146-6292de6f1e65,2,SEARCH,2026-03-07T10:36:53.325067
8bbf9955-a497-4453-a7a3-7675c8c98080,4,SEARCH,2026-03-07T10:37:53.325067
40b0d04a-ac3a-497e-a265-a239bf90a988,26,SEARCH,2026-03-07T10:39:53.325067
49aa35fa-fc76-44c6-a7dc-7c8b42da8859,13,SEARCH,2026-03-07T10:59:53.325067
cff25f10-4746-434c-a27d-cf9673e18828,17,SEARCH,2026-03-07T11:10:53.325067
a104e888-08f8-401e-a3e4-e91eced010d5,22,SEARCH,2026-03-07T11:10:53.325067
da2676de-00a0-4815-bd02-43e018860d96,15,SEARCH,2026-03-07T11:12:53.325067
213d181a-c484-4cd9-b77a-556fd29f693e,15,PURCHASE,2026-03-07T11:15:53.325067
0ce550f0-2261-430c-87e4-108642207c14,15,SEARCH,2026-03-07T11:16:53.325067
6d5292b3-ee9a-4f00-b7a3-bc17f80f166f,2,SEARCH,2026-03-07T11:20:53.325067
f56e5db2-c63d-432e-ab21-652e585a1229,17,PURCHASE,2026-03-07T11:22:53.325067
eea6fef7-54a8-4ff0-bdfb-923b4c4641ae,24,SEARCH,2026-03-07T11:24:53.325067
d4770df7-1eb0-4af7-8f6f-e9563e68b661,24,SEARCH,2026-03-07T11:35:53.325067
52685bf4-2338-4240-931f-2fa58bd2e882,29,SEARCH,2026-03-07T11:45:53.325067
95118bab-6ddb-43da-877d-761917f1c52b,19,PURCHASE,2026-03-07T11:55:53.325067
41aabca9-3913-4b03-930d-6c49127df644,17,SEARCH,2026-03-07T11:57:53.325067
77be904d-ae03-46de-a946-154376326fac,3,SEARCH,2026-03-07T12:01:53.325067
1b14a076-d2ef-4e4a-b995-407e692c52c0,18,PURCHASE,2026-03-07T12:21:53.325067
ea90fd4f-b17a-4338-a614-073d9ae82556,17,PURCHASE,2026-03-07T12:25:53.325067
41ee7aa6-429b-4629-8b57-1eb39489d14d,25,PURCHASE,2026-03-07T12:35:53.325067
dd555b7b-8353-4885-872e-2d0c9a1439ff,8,SEARCH,2026-03-07T12:37:53.325067
5e8f98d1-7eb6-4588-a7aa-75e76da460aa,18,SEARCH,2026-03-07T12:48:53.325067
96e8c26e-0ec2-4efc-9437-af2b9dbaccd4,10,SEARCH,2026-03-07T12:49:53.325067
d37ea336-c09e-43fc-98d9-b4fa1cbdfe96,23,SEARCH,2026-03-07T12:51:53.325067
c39f6053-cb21-4a6b-98bb-4036625cd5b7,19,SEARCH,2026-03-07T13:09:53.325067
7ec54411-de28-43fa-a070-67fc7e1239d4,17,SEARCH,2026-03-07T13:13:53.325067
f549fe2e-bad5-4330-ad02-22ce552041a3,16,SEARCH,2026-03-07T13:24:53.325067
a44010ad-0d43-47a3-b12d-2c627035a49c,35,PURCHASE,2026-03-07T13:25:53.325067
f7ead430-c618-4c5a-91a0-c628782dadfc,25,SEARCH,2026-03-07T13:30:53.325067
7f6ddb48-9c93-4ada-b720-e394f9da044e,10,SEARCH,2026-03-07T13:35:53.325067
95118bab-6ddb-43da-877d-761917f1c52b,9,SEARCH,2026-03-07T13:36:53.325067
32363098-54ef-4853-93c8-083b04b5aa7f,12,SEARCH,2026-03-07T13:45:53.325067
902a18a8-02f3-4165-acd5-8d7ae962d613,7,PURCHASE,2026-03-07T13:48:53.325067
a35b5e7f-b562-4240-9e36-2a1fa2f5fe51,8,SEARCH,2026-03-07T13:54:53.325067
ff66b882-8c64-4453-96af-33ea3fc977ae,28,SEARCH,2026-03-07T14:05:53.325067
f549fe2e-bad5-4330-ad02-22ce552041a3,5,SEARCH,2026-03-07T14:08:53.325067
82f01968-17c4-4417-a691-e7a2988e5978,31,SEARCH,2026-03-07T14:29:53.325067
6b4554d8-ea98-424e-b4be-aab8653db58d,17,SEARCH,2026-03-07T14:38:53.325067
a411d6a4-de67-444c-a8c0-308e8d06e7f9,11,SEARCH,2026-03-07T14:42:53.325067
670178d5-1be2-43b8-ae51-c78b6e95596d,14,PURCHASE,2026-03-07T14:55:53.325067
d1d3a393-8a5c-47fb-b5bc-9297839685ee,20,SEARCH,2026-03-07T15:05:53.325067
905d306a-e61c-4450-8d56-c3c9d8cf6ec1,13,SEARCH,2026-03-07T15:08:53.325067
52a0a704-e6eb-40b0-9474-a2b9f3b1b933,3,SEARCH,2026-03-07T15:15:53.325067
57a84dbf-f52a-40c1-8835-0ceaefc725f0,14,SEARCH,2026-03-07T15:15:53.325067
e83eb82f-1852-4dc1-91a8-74d876cf69ef,16,SEARCH,2026-03-07T15:25:53.325067
483f4ce6-409d-4630-911f-f580fc8e4081,21,SEARCH,2026-03-07T15:28:53.325067
6caa8d1a-d55a-4d7a-8573-c09cb368290c,9,SEARCH,2026-03-07T15:32:53.325067
a9346e7e-17e3-4628-ad19-3b8932ed9b4d,8,PURCHASE,2026-03-07T15:32:53.325067
b0f0703f-1ab9-4b58-a3a7-c5abaa6ccbee,4,PURCHASE,2026-03-07T15:49:53.325067
13226df5-061b-4a9f-b90c-461443dc42a6,8,SEARCH,2026-03-07T16:22:53.325067
c39f6053-cb21-4a6b-98bb-4036625cd5b7,22,SEARCH,2026-03-07T16:32:53.325067
34a73aeb-dde0-4b34-8616-a11e680d89b5,18,SEARCH,2026-03-07T16:40:53.325067
abb9826b-4bb0-4c47-b79d-ea82adf92050,26,SEARCH,2026-03-07T16:48:53.325067
516c6646-8b42-45fa-9dc3-a3b89b1e4e26,14,SEARCH,2026-03-07T17:13:53.325067
5283ccce-a054-40e5-b753-f8fac4704baf,25,SEARCH,2026-03-07T17:22:53.325067
13226df5-061b-4a9f-b90c-461443dc42a6,14,SEARCH,2026-03-07T17:45:53.325067
a5194c33-76e7-4078-b66d-bc382b838987,28,SEARCH,2026-03-07T17:59:53.325067
ff9c1a41-68e5-45af-b6a7-b78af120e27c,25,SEARCH,2026-03-07T17:59:53.325067
a44010ad-0d43-47a3-b12d-2c627035a49c,19,SEARCH,2026-03-07T18:01:53.325067
f81d9aac-045b-487b-8eb7-78f2e6c87ad6,5,PURCHASE,2026-03-07T18:03:53.325067
e518304f-f0c2-4d0e-b24c-df7c91bc9983,19,SEARCH,2026-03-07T18:05:53.325067
eea6fef7-54a8-4ff0-bdfb-923b4c4641ae,11,SEARCH,2026-03-07T18:05:53.325067
fc14e347-43c5-4ea0-9f5a-84ac3ced980d,11,SEARCH,2026-03-07T18:12:53.325067
27d24a11-f94d-4ebd-ad87-de9dce3f42da,17,SEARCH,2026-03-07T18:38:53.325067
8c83272a-9e38-4894-9116-5734b90f6da3,12,SEARCH,2026-03-07T18:45:53.325067
49fe03be-dcd7-468e-94c9-5e30bdcf9474,7,SEARCH,2026-03-07T18:48:53.325067
711674ac-dc45-4de7-9011-a7e336437ff1,17,SEARCH,2026-03-07T18:49:53.325067
0ebfddde-402d-4f23-90ec-1f60f3a58d80,5,SEARCH,2026-03-07T18:52:53.325067
a4a13f18-f3c2-4670-b91a-710b108d53a4,15,PURCHASE,2026-03-07T18:53:53.325067
28d4420d-cf3a-4cd8-8912-bc9447596b91,15,SEARCH,2026-03-07T19:37:53.325067
32363098-54ef-4853-93c8-083b04b5aa7f,24,SEARCH,2026-03-07T19:41:53.325067
33163f98-d950-4322-9e3b-be0c9314f97f,22,SEARCH,2026-03-07T20:01:53.325067
97636ebc-d14c-457f-9ca9-d5e89042ecac,22,SEARCH,2026-03-07T20:05:53.325067
4601a6c8-8df1-44ae-9935-ace3346f3fb3,16,PURCHASE,2026-03-07T20:15:53.325067
2215fb8b-67c1-4f89-bfd5-52d068c5ca4f,9,SEARCH,2026-03-07T20:37:53.325067
be4f84e9-09e7-4d00-85b6-9d8d779b1eb2,7,SEARCH,2026-03-07T20:37:53.325067
b4e35238-0ed8-4b94-8821-f723d26ed22c,18,SEARCH,2026-03-07T20:46:53.325067
8afa90c5-ff76-47ab-a95d-beba635ae545,13,PURCHASE,2026-03-07T20:47:53.325067
6b11e257-0626-4984-b586-4da8c2814316,13,SEARCH,2026-03-07T21:01:53.325067
9ccd0da8-437a-4a8f-a695-55c0be365599,10,SEARCH,2026-03-07T21:08:53.325067
b98cd1f3-3b05-4f31-9a57-b968715100b3,6,SEARCH,2026-03-07T21:14:53.325067
83cc2298-5978-4813-82b3-44bd610242d8,31,SEARCH,2026-03-07T21:16:53.325067
9ccd0302-b258-442e-b66b-3c33a6f7b0eb,7,SEARCH,2026-03-07T21:24:53.325067
6caa8d1a-d55a-4d7a-8573-c09cb368290c,25,PURCHASE,2026-03-07T21:29:53.325067
b98cd1f3-3b05-4f31-9a57-b968715100b3,30,SEARCH,2026-03-07T21:40:53.325067
9da8e83a-ee12-4409-965b-324e3e2198fa,12,SEARCH,2026-03-07T21:43:53.325067
4ba1e89e-4107-41af-9d43-5feed90d28fc,22,SEARCH,2026-03-07T21:45:53.325067
25f6d082-6a51-413b-9783-0f019a400f42,20,SEARCH,2026-03-07T22:01:53.325067
6491a90a-1252-4522-a4aa-568e054ea3e6,27,SEARCH,2026-03-07T22:08:53.325067
e520989e-7717-4c98-b144-c70127cf42a1,20,SEARCH,2026-03-07T22:11:53.325067
9f58599b-54cf-4662-9270-1c54f3d4385f,2,PURCHASE,2026-03-07T22:20:53.325067
636d7396-1683-4a3e-82c0-9ae0c3301625,19,SEARCH,2026-03-07T22:24:53.325067
b635d7c5-712e-4ec6-b70c-134b9c948fd8,21,PURCHASE,2026-03-07T22:38:53.325067
ab7e4d50-a6ed-4359-a257-ac576760a6f5,14,SEARCH,2026-03-07T23:13:53.325067
0ce550f0-2261-430c-87e4-108642207c14,19,SEARCH,2026-03-07T23:16:53.325067
df3ad564-7cee-4fe9-96a9-84a7092a5e63,11,SEARCH,2026-03-07T23:18:53.325067
5283ccce-a054-40e5-b753-f8fac4704baf,9,SEARCH,2026-03-07T23:28:53.325067
4453932d-0094-4102-b5e1-d4f9438748e5,23,SEARCH,2026-03-07T23:30:53.325067
b635d7c5-712e-4ec6-b70c-134b9c948fd8,16,SEARCH,2026-03-07T23:49:53.325067
9ccd0da8-437a-4a8f-a695-55c0be365599,3,SEARCH,2026-03-07T23:58:53.325067
b1b1b89a-fee0-4235-8467-73910d194ed8,27,SEARCH,2026-03-08T00:01:53.325067
1b74deef-1d13-4b12-bb5d-3eba04c38638,19,SEARCH,2026-03-08T00:07:53.325067
b53bf36e-44fa-4ab5-82db-853f44cf8e54,21,SEARCH,2026-03-08T00:12:53.325067
71852831-90ad-4deb-9abc-4a1baee33cb6,14,SEARCH,2026-03-08T00:32:53.325067
b6a94374-7d42-4029-a262-dbf92b8615ed,13,SEARCH,2026-03-08T00:34:53.325067
cff25f10-4746-434c-a27d-cf9673e18828,4,SEARCH,2026-03-08T00:41:53.325067
45ae47a9-2614-40b2-84b3-530b061ae6f3,17,SEARCH,2026-03-08T01:08:53.325067
7e2ae8e8-578a-47ff-ad9a-ff2af99edb89,16,SEARCH,2026-03-08T01:16:53.325067
1065d688-efca-47ec-bfc1-67edc379d735,14,SEARCH,2026-03-08T01:19:53.325067
8e4ec77c-6c3e-43c0-9afa-ef07d9f92ffd,9,PURCHASE,2026-03-08T01:32:53.325067
890da6f7-a41d-4719-9d26-58ed800a02f8,17,SEARCH,2026-03-08T01:37:53.325067
19fa6e83-b771-4a97-ae21-c241e196de8e,19,SEARCH,2026-03-08T01:39:53.325067
5283ccce-a054-40e5-b753-f8fac4704baf,31,SEARCH,2026-03-08T01:47:53.325067
6b388271-763a-4a1e-b54d-9a41473d6cc7,15,SEARCH,2026-03-08T01:59:53.325067
a41e8b1f-8ac5-43c0-8363-edbad92b0719,13,SEARCH,2026-03-08T02:02:53.325067
abb9826b-4bb0-4c47-b79d-ea82adf92050,10,SEARCH,2026-03-08T02:04:53.325067
aa5b2f50-8c9f-47cd-9860-186f7200044e,37,SEARCH,2026-03-08T02:26:53.325067
a69a944d-df32-48a7-828c-541bfd89d18c,13,SEARCH,2026-03-08T02:29:53.325067
49aa35fa-fc76-44c6-a7dc-7c8b42da8859,29,SEARCH,2026-03-08T02:41:53.325067
7b0402c8-8b63-43fb-a207-85f2189eb508,12,SEARCH,2026-03-08T03:05:53.325067
023d151c-6757-4419-87e2-88e1c2687a07,12,SEARCH,2026-03-08T03:12:53.325067
28a26108-200f-46bb-9093-30aea0e6b424,14,SEARCH,2026-03-08T03:15:53.325067
d37ea336-c09e-43fc-98d9-b4fa1cbdfe96,11,SEARCH,2026-03-08T03:29:53.325067
21dae28c-1b0b-4331-9a64-bfec29296aab,11,SEARCH,2026-03-08T03:29:53.325067
94e4d379-358e-468b-8f7c-126dbbb289fa,22,SEARCH,2026-03-08T03:30:53.325067
201cabf1-65f9-42b1-8615-e9130ceadfbe,8,SEARCH,2026-03-08T03:41:53.325067
c0be9d60-fe5a-420a-b129-7df87ddca226,5,SEARCH,2026-03-08T03:47:53.325067
f235ab0f-557a-40dd-afaa-9ea9983aeb5f,8,SEARCH,2026-03-08T03:49:53.325067
f9319695-b786-429e-bafc-67d5cbc9597d,20,SEARCH,2026-03-08T03:54:53.325067
6eab0579-7d84-4c14-93f7-7afac138240b,16,SEARCH,2026-03-08T04:03:53.325067
114a3a20-1ec3-41c7-9356-8bcf7aff63fa,15,SEARCH,2026-03-08T04:05:53.325067
f539cbba-8e63-49a0-888f-a69e5387f5e7,13,SEARCH,2026-03-08T04:10:53.325067
b24f8168-69cc-47f5-9566-a4630930bdcf,10,SEARCH,2026-03-08T04:22:53.325067
a69a944d-df32-48a7-828c-541bfd89d18c,22,SEARCH,2026-03-08T04:26:53.325067
20bce24e-5929-483e-88f3-868a841043e0,25,SEARCH,2026-03-08T04:32:53.325067
ff66b882-8c64-4453-96af-33ea3fc977ae,12,SEARCH,2026-03-08T04:51:53.325067
939104dd-4d20-4b27-9fa0-d8f87d70973b,10,SEARCH,2026-03-08T04:56:53.325067
a97b1044-6e48-4aea-b988-5c6d42bdefb6,7,SEARCH,2026-03-08T04:58:53.325067
36bdc412-fa89-4f9e-b7c8-a13e1b2570a9,11,SEARCH,2026-03-08T05:16:53.325067
7f6ddb48-9c93-4ada-b720-e394f9da044e,6,SEARCH,2026-03-08T05:30:53.325067
99a0f925-6e74-4262-b2c2-7923c909af64,16,SEARCH,2026-03-08T06:03:53.325067
9c0318d6-9f22-457c-b755-26f3433ec25f,7,SEARCH,2026-03-08T06:12:53.325067
19fa6e83-b771-4a97-ae21-c241e196de8e,8,PURCHASE,2026-03-08T06:15:53.325067
1e682063-354b-4a0a-b1fb-d4744df87fb1,34,SEARCH,2026-03-08T06:24:53.325067
f5a24716-0b1a-4022-9c26-9ba796ce0e0b,3,SEARCH,2026-03-08T06:25:53.325067
03e12c65-f5c6-4994-a25f-4b40e3f5ce46,4,SEARCH,2026-03-08T06:31:53.325067
77be904d-ae03-46de-a946-154376326fac,4,PURCHASE,2026-03-08T06:41:53.325067
da2676de-00a0-4815-bd02-43e018860d96,7,SEARCH,2026-03-08T06:47:53.325067
b0dc1cb2-7de9-4b0c-8611-aa4300a53faf,15,SEARCH,2026-03-08T06:49:53.325067
e6adaca6-d504-473e-98eb-50e97661d70d,9,SEARCH,2026-03-08T06:51:53.325067
c830beb8-36fa-491c-9280-eb536a6eeb4f,12,SEARCH,2026-03-08T06:52:53.325067
b24f8168-69cc-47f5-9566-a4630930bdcf,5,SEARCH,2026-03-08T07:13:53.325067
e5635040-1736-4b05-9eaf-c6d0eca3b36b,16,SEARCH,2026-03-08T07:24:53.325067
ea90fd4f-b17a-4338-a614-073d9ae82556,16,SEARCH,2026-03-08T07:33:53.325067
5e8f98d1-7eb6-4588-a7aa-75e76da460aa,8,SEARCH,2026-03-08T07:38:53.325067
b2751dc4-94d4-455a-a9a4-41dda0314e2b,5,SEARCH,2026-03-08T08:02:53.325067
e1f9159b-0c8e-4734-a379-c6745ef1486c,22,SEARCH,2026-03-08T08:06:53.325067
ea88356f-27fa-4a01-82ca-d699a940f2b2,2,SEARCH,2026-03-08T08:19:53.325067
e1f9159b-0c8e-4734-a379-c6745ef1486c,6,SEARCH,2026-03-08T08:35:53.325067
b5d5a5aa-e2a3-493b-b0d9-545f901b58f6,5,SEARCH,2026-03-08T08:38:53.325067
ae1e8831-0783-4359-9259-63a1ac78a340,19,SEARCH,2026-03-08T08:39:53.325067
8614f259-b1f4-4ff9-8496-c48257c0d552,17,PURCHASE,2026-03-08T08:58:53.325067
69154f7b-e3ef-4c53-99df-21f118c9c540,21,SEARCH,2026-03-08T09:22:53.325067
f9319695-b786-429e-bafc-67d5cbc9597d,28,SEARCH,2026-03-08T09:35:53.325067
3d00c004-102c-4633-8a05-ddb656eac2f6,11,PURCHASE,2026-03-08T09:44:53.325067
69154f7b-e3ef-4c53-99df-21f118c9c540,27,SEARCH,2026-03-08T09:45:53.325067
66a50361-a3ff-4a69-9662-265256095fda,14,SEARCH,2026-03-08T09:52:53.325067
7e2ae8e8-578a-47ff-ad9a-ff2af99edb89,16,SEARCH,2026-03-08T10:00:53.325067
f2264fb0-f9a4-4943-baa1-3cd4f092e0d0,22,SEARCH,2026-03-08T10:08:53.325067
1daf6cb5-b47b-4197-89f2-3e9e8659bdc1,19,SEARCH,2026-03-08T10:11:53.325067
4a23856f-1744-4f2d-9fa5-e3b8a9c98d5d,41,SEARCH,2026-03-08T10:16:53.325067
1e682063-354b-4a0a-b1fb-d4744df87fb1,19,SEARCH,2026-03-08T10:22:53.325067
c0e792a3-7927-4223-bec7-202c6fbcef07,10,SEARCH,2026-03-08T10:23:53.325067
f2264fb0-f9a4-4943-baa1-3cd4f092e0d0,25,PURCHASE,2026-03-08T10:28:53.325067
201cabf1-65f9-42b1-8615-e9130ceadfbe,12,SEARCH,2026-03-08T10:35:53.325067
147ac0ae-d8fe-4eed-8053-f2e45c8d9a0b,26,SEARCH,2026-03-08T10:55:53.325067
5efcc330-6be7-47cb-97ac-647f1b2074af,22,SEARCH,2026-03-08T10:56:53.325067
918a7dab-fad0-4b26-8de2-2fcadd0fc18f,21,PURCHASE,2026-03-08T10:57:53.325067
a41e8b1f-8ac5-43c0-8363-edbad92b0719,19,SEARCH,2026-03-08T11:16:53.325067
018919ec-9fdc-4f12-8176-8ae69ac2b00c,23,SEARCH,2026-03-08T11:38:53.325067
2c295371-4654-4268-8b49-03e1855770c2,24,SEARCH,2026-03-08T11:48:53.325067
d37ea336-c09e-43fc-98d9-b4fa1cbdfe96,10,SEARCH,2026-03-08T11:48:53.325067
aa6b21a4-8c72-4957-9afa-6231cd81b533,18,SEARCH,2026-03-08T11:51:53.325067
60ffff00-535c-4dcc-9517-66e081dac5f4,21,PURCHASE,2026-03-08T11:54:53.325067
4f3f236e-eaa9-436d-81ef-0c13dab5154f,16,SEARCH,2026-03-08T12:21:53.325067
d9cfa097-b8b1-438c-ba43-f186292c2fd4,12,SEARCH,2026-03-08T12:22:53.325067
74c694be-f2f1-48b5-9fbb-0a6233a71792,21,PURCHASE,2026-03-08T12:29:53.325067
4febf5cb-8b1b-41fb-9f2a-ef336bf8dee3,7,SEARCH,2026-03-08T12:57:53.325067
3e090f07-9e2c-4ad5-9519-d9f09eddd069,9,SEARCH,2026-03-08T13:18:53.325067
7a23bd45-f094-4da0-a454-e5e51780f9d8,6,SEARCH,2026-03-08T13:27:53.325067
27116756-15f1-4e13-84ae-412fb8a0372d,21,SEARCH,2026-03-08T13:31:53.325067
a8f93f6a-d3b2-4b87-88d5-5c8e35fb44da,21,PURCHASE,2026-03-08T13:59:53.325067
4bd6b982-dac9-4d73-b582-eeda940ab590,8,SEARCH,2026-03-08T14:03:53.325067
d37ea336-c09e-43fc-98d9-b4fa1cbdfe96,16,SEARCH,2026-03-08T14:15:53.325067
d21cd464-e517-42cd-81cb-f6bce7ede675,14,SEARCH,2026-03-08T14:21:53.325067
49aa35fa-fc76-44c6-a7dc-7c8b42da8859,10,SEARCH,2026-03-08T14:32:53.325067
d1d3a393-8a5c-47fb-b5bc-9297839685ee,4,SEARCH,2026-03-08T14:49:53.325067
518d1791-c480-4d43-9842-025adce0018a,9,SEARCH,2026-03-08T14:58:53.325067
5e8f98d1-7eb6-4588-a7aa-75e76da460aa,3,SEARCH,2026-03-08T14:59:53.325067
649ec5cb-fa6d-406d-a416-6a6933954f79,14,SEARCH,2026-03-08T15:13:53.325067
08c339e5-d7df-4047-8cf4-d409a9dfb6ab,15,SEARCH,2026-03-08T15:16:53.325067
e8b648b5-cc25-4d43-904e-4c720bd6b748,15,SEARCH,2026-03-08T15:17:53.325067
e520989e-7717-4c98-b144-c70127cf42a1,13,SEARCH,2026-03-08T15:17:53.325067
e5635040-1736-4b05-9eaf-c6d0eca3b36b,15,SEARCH,2026-03-08T15:28:53.325067
636d7396-1683-4a3e-82c0-9ae0c3301625,20,SEARCH,2026-03-08T15:36:53.325067
2ea4a138-d77e-463f-b60c-3e100f6304a0,6,SEARCH,2026-03-08T15:37:53.325067
636d7396-1683-4a3e-82c0-9ae0c3301625,9,SEARCH,2026-03-08T15:56:53.325067
590dfae6-1765-4981-abc4-9bfc8a8eb228,3,SEARCH,2026-03-08T16:02:53.325067
939104dd-4d20-4b27-9fa0-d8f87d70973b,4,SEARCH,2026-03-08T16:04:53.325067
4738e68f-b0ba-40cf-a34e-28d8c2e45516,17,SEARCH,2026-03-08T16:24:53.325067
201cabf1-65f9-42b1-8615-e9130ceadfbe,12,SEARCH,2026-03-08T16:26:53.325067
df13e12f-6ea3-4c43-8ff0-b64bee8abfd4,18,SEARCH,2026-03-08T16:27:53.325067
e400a7b4-49fc-4f34-8ee1-eb1089a0a1e4,10,SEARCH,2026-03-08T16:41:53.325067
28a26108-200f-46bb-9093-30aea0e6b424,5,SEARCH,2026-03-08T16:59:53.325067
6e14bc6d-596f-402c-9364-0466af03fd90,11,SEARCH,2026-03-08T17:01:53.325067
79332f3d-1eed-42f9-a7c7-9f511c98e52b,11,SEARCH,2026-03-08T17:07:53.325067
99a0f925-6e74-4262-b2c2-7923c909af64,23,SEARCH,2026-03-08T17:12:53.325067
d68a52f6-e14d-436a-b6bd-8a499a1e564d,15,SEARCH,2026-03-08T17:20:53.325067
791aa91a-97a8-4d4c-ae8b-c16f01ef3be0,7,SEARCH,2026-03-08T17:22:53.325067
eae4987c-f9cc-4e78-ac55-f53f9f963a42,9,PURCHASE,2026-03-08T17:22:53.325067
7771832c-852f-4810-a1fd-f125909e786d,13,SEARCH,2026-03-08T17:29:53.325067
ceb9a5ba-9a79-4f1b-b8f4-27e6afad4574,10,SEARCH,2026-03-08T17:46:53.325067
f235ab0f-557a-40dd-afaa-9ea9983aeb5f,27,SEARCH,2026-03-08T17:59:53.325067
049d9430-a8c1-4b84-abb6-f4a7d83457ee,9,SEARCH,2026-03-08T18:01:53.325067
d6f65542-48fa-4984-bb0f-49c757934d5a,23,SEARCH,2026-03-08T18:01:53.325067
f7e6ad3f-60cf-4047-b794-461ca3dca627,8,PURCHASE,2026-03-08T18:03:53.325067
c5846c3d-3f65-4152-bf10-d1fef5f44b56,17,PURCHASE,2026-03-08T18:04:53.325067
e520989e-7717-4c98-b144-c70127cf42a1,22,PURCHASE,2026-03-08T18:16:53.325067
beac9ba3-aa64-4f03-b94a-7023bf75b478,8,SEARCH,2026-03-08T18:19:53.325067
550a571a-5410-405b-bb49-ee5a46ec245b,11,SEARCH,2026-03-08T18:32:53.325067
ec5bf1f7-2a55-4a83-9709-2df9b1283cc9,4,SEARCH,2026-03-08T18:51:53.325067
4453932d-0094-4102-b5e1-d4f9438748e5,22,SEARCH,2026-03-08T18:51:53.325067
d37ea336-c09e-43fc-98d9-b4fa1cbdfe96,10,SEARCH,2026-03-08T19:02:53.325067
4453932d-0094-4102-b5e1-d4f9438748e5,4,SEARCH,2026-03-08T19:28:53.325067
3d00c004-102c-4633-8a05-ddb656eac2f6,10,SEARCH,2026-03-08T19:45:53.325067
d9ca6b6a-45ce-4b4a-8b51-78b07e3e6adb,20,SEARCH,2026-03-08T19:54:53.325067
7f31a02d-6bf8-4c93-ae8c-a227e3dd4e1c,5,SEARCH,2026-03-08T19:58:53.325067
d58a8e77-5dfb-4e2a-9cb2-4ca81ba24791,16,SEARCH,2026-03-08T19:59:53.325067
a7074121-cd9e-4595-a23e-5345f274fb8a,22,SEARCH,2026-03-08T20:06:53.325067
0d9df06b-fab6-464c-92e2-5a874d44718a,12,SEARCH,2026-03-08T20:07:53.325067
018919ec-9fdc-4f12-8176-8ae69ac2b00c,6,SEARCH,2026-03-08T20:16:53.325067
cd17b9bc-254b-4036-9136-94c57211675e,17,SEARCH,2026-03-08T20:21:53.325067
5b48744a-3ab9-4929-b9b3-2a391792b2a6,23,SEARCH,2026-03-08T20:31:53.325067
c837742f-a090-4aef-a889-de4e3baf9ebf,13,SEARCH,2026-03-08T20:33:53.325067
65b3a875-4c50-41b3-835e-05d868593233,10,SEARCH,2026-03-08T20:38:53.325067
f2a91885-84ac-4819-b0c7-9ec58273439e,10,SEARCH,2026-03-08T20:51:53.325067
e08d0953-f32b-47fa-9faf-130bbb7a9f26,5,SEARCH,2026-03-08T21:06:53.325067
d37ea336-c09e-43fc-98d9-b4fa1cbdfe96,5,SEARCH,2026-03-08T21:08:53.325067
49aa35fa-fc76-44c6-a7dc-7c8b42da8859,31,SEARCH,2026-03-08T21:13:53.325067
86d658a5-b15f-4ac1-a7fc-f30974f84164,25,SEARCH,2026-03-08T21:17:53.325067
0e1e7889-c27a-483b-97db-e2eaa38fbfcd,18,SEARCH,2026-03-08T21:44:53.325067
6c70e8d6-0101-4704-bb35-39d5e9ecd5c2,12,PURCHASE,2026-03-08T22:00:53.325067
58e6b90e-7ffb-4711-8a7a-d4cc429e2e2f,12,SEARCH,2026-03-08T22:30:53.325067
45b4e5b2-5e91-4e33-a1f3-bcc3cd492b2b,14,SEARCH,2026-03-08T22:38:53.325067
40b0d04a-ac3a-497e-a265-a239bf90a988,18,SEARCH,2026-03-08T23:04:53.325067
1844715d-6c92-4eb9-b947-dc14a551090f,2,SEARCH,2026-03-08T23:05:53.325067
be9356ce-e999-4003-9fdd-02d9422dba77,22,SEARCH,2026-03-08T23:08:53.325067
ffc7c64f-dde1-44f2-9cf7-74e6493333b1,10,SEARCH,2026-03-08T23:17:53.325067
96e8c26e-0ec2-4efc-9437-af2b9dbaccd4,4,PURCHASE,2026-03-08T23:31:53.325067
9f58599b-54cf-4662-9270-1c54f3d4385f,5,SEARCH,2026-03-08T23:35:53.325067
ba8f0e72-3209-4387-a358-72c4c62ebad3,18,SEARCH,2026-03-08T23:50:53.325067
6b3f9a86-54b2-440b-bc2e-1b1f1c640d49,13,SEARCH,2026-03-09T00:00:53.325067
c9a94ebb-ba55-4f77-a535-b3b156e8cd6c,15,SEARCH,2026-03-09T00:04:53.325067
9f1cfd91-01fa-41a2-a636-af0b8b4ade9f,24,SEARCH,2026-03-09T00:08:53.325067
0eb92297-0d4f-4289-8e1e-473d7a621960,6,SEARCH,2026-03-09T00:10:53.325067
c0f3be62-17ed-46b4-9717-2cebd19f20b6,4,SEARCH,2026-03-09T00:10:53.325067
0e881dc0-e5d7-42ac-b53d-4ef8f745502a,16,SEARCH,2026-03-09T00:39:53.325067
ed8d870f-57f0-4c43-81e2-8db499511c37,16,SEARCH,2026-03-09T00:52:53.325067
eae4987c-f9cc-4e78-ac55-f53f9f963a42,15,SEARCH,2026-03-09T00:53:53.325067
45b4e5b2-5e91-4e33-a1f3-bcc3cd492b2b,16,SEARCH,2026-03-09T01:13:53.325067
eae4987c-f9cc-4e78-ac55-f53f9f963a42,4,PURCHASE,2026-03-09T01:18:53.325067
576df0b8-64a6-457e-9ccc-65bbf71e8991,9,SEARCH,2026-03-09T01:25:53.325067
6c70e8d6-0101-4704-bb35-39d5e9ecd5c2,6,SEARCH,2026-03-09T01:36:53.325067
efeaa17c-3754-4025-b0fd-57188c4aef5e,28,SEARCH,2026-03-09T01:37:53.325067
77be904d-ae03-46de-a946-154376326fac,13,SEARCH,2026-03-09T01:38:53.325067
39240802-bb56-4802-b2c3-7ce6909d2480,7,PURCHASE,2026-03-09T01:47:53.325067
e8108cd8-6fef-4a59-bd95-717b807705f7,23,SEARCH,2026-03-09T01:49:53.325067
90106b81-6da1-4962-b339-2e4818d625ca,27,PURCHASE,2026-03-09T01:54:53.325067
d7e15291-054f-4cef-9258-1af87c8a1dc4,16,PURCHASE,2026-03-09T02:03:53.325067
8c83272a-9e38-4894-9116-5734b90f6da3,3,SEARCH,2026-03-09T02:03:53.325067
049d9430-a8c1-4b84-abb6-f4a7d83457ee,15,SEARCH,2026-03-09T02:05:53.325067
be4f84e9-09e7-4d00-85b6-9d8d779b1eb2,7,SEARCH,2026-03-09T02:06:53.325067
6d5292b3-ee9a-4f00-b7a3-bc17f80f166f,11,SEARCH,2026-03-09T02:26:53.325067
b35e0ba4-5b13-4e14-8262-969524977292,39,PURCHASE,2026-03-09T02:53:53.325067
d6f65542-48fa-4984-bb0f-49c757934d5a,23,SEARCH,2026-03-09T03:02:53.325067
b5d5a5aa-e2a3-493b-b0d9-545f901b58f6,19,SEARCH,2026-03-09T03:08:53.325067
213d181a-c484-4cd9-b77a-556fd29f693e,15,SEARCH,2026-03-09T03:10:53.325067
c0be9d60-fe5a-420a-b129-7df87ddca226,6,SEARCH,2026-03-09T03:33:53.325067
b4d8ef13-63c6-4cd5-8013-261faa512ff8,9,PURCHASE,2026-03-09T03:42:53.325067
a8f93f6a-d3b2-4b87-88d5-5c8e35fb44da,27,PURCHASE,2026-03-09T03:52:53.325067
40b0d04a-ac3a-497e-a265-a239bf90a988,31,SEARCH,2026-03-09T04:08:53.325067
01e53c67-0cb2-4f21-8eee-ef6246003908,13,SEARCH,2026-03-09T04:19:53.325067
d4770df7-1eb0-4af7-8f6f-e9563e68b661,22,SEARCH,2026-03-09T04:21:53.325067
b5f25644-f131-468f-b987-44f29cbc0ba6,23,SEARCH,2026-03-09T04:37:53.325067
b392a2ea-6797-4320-9af3-01ba20730ada,27,SEARCH,2026-03-09T04:46:53.325067
d3a790da-c37a-4724-9a5c-988365751ae3,16,PURCHASE,2026-03-09T04:52:53.325067
9daf70ca-0e57-4862-90bc-00be9bbcd923,14,SEARCH,2026-03-09T05:41:53.325067
cc641e38-4587-4679-b245-6094f0dd6eec,19,SEARCH,2026-03-09T05:53:53.325067
60ffff00-535c-4dcc-9517-66e081dac5f4,17,SEARCH,2026-03-09T06:04:53.325067
6b4554d8-ea98-424e-b4be-aab8653db58d,6,SEARCH,2026-03-09T06:09:53.325067
73fe18cf-94b1-4974-bdc7-7cc358c52e03,7,SEARCH,2026-03-09T06:10:53.325067
025da52c-3daa-4ade-be62-1f35affd5e4d,40,SEARCH,2026-03-09T06:35:53.325067
1b74deef-1d13-4b12-bb5d-3eba04c38638,9,PURCHASE,2026-03-09T06:40:53.325067
e1f9159b-0c8e-4734-a379-c6745ef1486c,23,PURCHASE,2026-03-09T06:45:53.325067
c2c49c28-c2f2-414d-be9c-903e90fa7cb1,30,SEARCH,2026-03-09T06:52:53.325067
0d626224-6601-4454-8228-d48324dffd72,24,SEARCH,2026-03-09T07:07:53.325067
58e6b90e-7ffb-4711-8a7a-d4cc429e2e2f,14,PURCHASE,2026-03-09T07:15:53.325067
cc07b342-7e38-49da-924a-c9a0b47d3972,16,SEARCH,2026-03-09T07:30:53.325067
98007922-1f86-4b8e-b8a1-c8f08d97f8d9,32,PURCHASE,2026-03-09T07:54:53.325067
f9319695-b786-429e-bafc-67d5cbc9597d,28,SEARCH,2026-03-09T07:56:53.325067
4febf5cb-8b1b-41fb-9f2a-ef336bf8dee3,33,SEARCH,2026-03-09T08:09:53.325067
df3ad564-7cee-4fe9-96a9-84a7092a5e63,19,SEARCH,2026-03-09T08:17:53.325067
09acf0d1-0c42-4614-ba7b-024042ad1bb9,28,SEARCH,2026-03-09T08:30:53.325067
a21c5513-9d37-4926-9729-0f802f6f6304,12,PURCHASE,2026-03-09T08:54:53.325067
a35b5e7f-b562-4240-9e36-2a1fa2f5fe51,3,SEARCH,2026-03-09T09:01:53.325067
adb57e5e-5a91-4d39-9039-d02a28817f53,6,SEARCH,2026-03-09T09:09:53.325067
a8b6a507-8fe3-4898-9d4d-1e3179236159,16,SEARCH,2026-03-09T09:14:53.325067
114a3a20-1ec3-41c7-9356-8bcf7aff63fa,10,SEARCH,2026-03-09T09:30:53.325067
6a02f2af-bf52-4219-a484-36c3503deea8,9,SEARCH,2026-03-09T09:34:53.325067
cd17b9bc-254b-4036-9136-94c57211675e,17,SEARCH,2026-03-09T09:48:53.325067
659760cc-0f68-416d-a3b0-c36876d92e07,6,PURCHASE,2026-03-09T09:52:53.325067
d6f65542-48fa-4984-bb0f-49c757934d5a,3,SEARCH,2026-03-09T10:02:53.325067
9850d9a8-1839-4238-a5df-8f7edf2390ca,13,SEARCH,2026-03-09T10:13:53.325067
e9a8ef61-8f21-4a1e-a326-fb36dd78499f,5,SEARCH,2026-03-09T10:16:53.325067
5726b442-95dd-4d17-9d43-25648739720c,13,SEARCH,2026-03-09T10:21:53.325067
ba8f0e72-3209-4387-a358-72c4c62ebad3,34,SEARCH,2026-03-09T10:42:53.325067
e698bee2-3a4d-4773-bbb1-ea8778919f86,10,SEARCH,2026-03-09T10:56:53.325067
8aa4e24e-b641-4e27-90ad-ae70b2653a10,12,SEARCH,2026-03-09T11:18:53.325067
74c694be-f2f1-48b5-9fbb-0a6233a71792,12,SEARCH,2026-03-09T11:21:53.325067
bafee8fe-61e3-4094-8b70-c522f511b4e6,23,PURCHASE,2026-03-09T11:23:53.325067
58a5a34c-bd4d-4ee6-bc1a-49fa95b55592,7,SEARCH,2026-03-09T11:26:53.325067
791aa91a-97a8-4d4c-ae8b-c16f01ef3be0,19,SEARCH,2026-03-09T11:28:53.325067
e5635040-1736-4b05-9eaf-c6d0eca3b36b,13,SEARCH,2026-03-09T11:54:53.325067
edc9014e-4596-4b2b-bf2c-4ce00a2724d1,27,SEARCH,2026-03-09T11:58:53.325067
952e40d1-9bb7-4e22-8bab-97cf9e8f7a1e,13,SEARCH,2026-03-09T12:04:53.325067
9463cdf4-2301-41a4-aba5-f74c1946ae9d,13,SEARCH,2026-03-09T12:13:53.325067
433f9cd8-a64b-42cc-8304-054b6770950f,11,SEARCH,2026-03-09T12:14:53.325067
433f9cd8-a64b-42cc-8304-054b6770950f,9,SEARCH,2026-03-09T12:21:53.325067
67fc04f2-f83c-49fc-bf0a-b7acd06a81dc,32,SEARCH,2026-03-09T12:23:53.325067
45b4e5b2-5e91-4e33-a1f3-bcc3cd492b2b,10,SEARCH,2026-03-09T12:45:53.325067
3c40efe4-b5a2-4255-9451-8f4273e6d7bd,6,SEARCH,2026-03-09T12:47:53.325067
e8108cd8-6fef-4a59-bd95-717b807705f7,17,SEARCH,2026-03-09T12:50:53.325067
8fb04133-739c-4977-b1b4-50e729b3b1a9,15,SEARCH,2026-03-09T13:03:53.325067
be4f84e9-09e7-4d00-85b6-9d8d779b1eb2,22,SEARCH,2026-03-09T13:08:53.325067
33163f98-d950-4322-9e3b-be0c9314f97f,23,SEARCH,2026-03-09T13:14:53.325067
433f9cd8-a64b-42cc-8304-054b6770950f,15,SEARCH,2026-03-09T13:20:53.325067
d1d3a393-8a5c-47fb-b5bc-9297839685ee,21,SEARCH,2026-03-09T13:52:53.325067
e52aaa84-a13e-4176-9949-70c69bd54d38,13,SEARCH,2026-03-09T13:53:53.325067
076b8612-ddc3-456c-b388-05385ab6a674,18,SEARCH,2026-03-09T14:38:53.325067
37fe6ce2-628b-4a7a-b843-6301327f59b9,13,PURCHASE,2026-03-09T14:49:53.325067
f989b4c3-a07f-4c59-bf58-a8e48cb67c2c,11,SEARCH,2026-03-09T14:51:53.325067
114a3a20-1ec3-41c7-9356-8bcf7aff63fa,32,SEARCH,2026-03-09T14:55:53.325067
83cc2298-5978-4813-82b3-44bd610242d8,9,SEARCH,2026-03-09T14:56:53.325067
05bf75dd-79cd-4eea-8105-12f527b3b67b,11,SEARCH,2026-03-09T15:15:53.325067
60c0cadf-a5e5-43fd-965f-2aca4f4ed21e,10,SEARCH,2026-03-09T15:19:53.325067
fc14e347-43c5-4ea0-9f5a-84ac3ced980d,7,SEARCH,2026-03-09T15:50:53.325067
5b48744a-3ab9-4929-b9b3-2a391792b2a6,2,SEARCH,2026-03-09T16:07:53.325067
96e8c26e-0ec2-4efc-9437-af2b9dbaccd4,27,SEARCH,2026-03-09T16:08:53.325067
37fe6ce2-628b-4a7a-b843-6301327f59b9,14,SEARCH,2026-03-09T16:15:53.325067
cd4ee3a2-47e1-4627-b2b7-51c6b6e70707,11,SEARCH,2026-03-09T16:19:53.325067
3af5dfea-d509-43c2-b0d4-9fbc5a1f50eb,9,SEARCH,2026-03-09T16:20:53.325067
f71f8f90-fd42-4dbf-a735-c02dba113881,17,SEARCH,2026-03-09T16:26:53.325067
5726b442-95dd-4d17-9d43-25648739720c,25,SEARCH,2026-03-09T16:42:53.325067
a35b5e7f-b562-4240-9e36-2a1fa2f5fe51,14,SEARCH,2026-03-09T16:48:53.325067
74c694be-f2f1-48b5-9fbb-0a6233a71792,10,SEARCH,2026-03-09T16:52:53.325067
f7e6ad3f-60cf-4047-b794-461ca3dca627,7,SEARCH,2026-03-09T16:53:53.325067
6eab0579-7d84-4c14-93f7-7afac138240b,21,SEARCH,2026-03-09T17:05:53.325067
425260d4-ed1f-4c19-9d2d-5fad0141f6c5,5,SEARCH,2026-03-09T17:09:53.325067
da2676de-00a0-4815-bd02-43e018860d96,9,SEARCH,2026-03-09T17:12:53.325067
2d604157-6dd3-49cd-8d09-518c32ac42d1,24,SEARCH,2026-03-09T17:16:53.325067
984775f1-a021-46d8-b8f7-f7c4a7db6d81,6,SEARCH,2026-03-09T17:31:53.325067
95118bab-6ddb-43da-877d-761917f1c52b,23,PURCHASE,2026-03-09T17:47:53.325067
a7074121-cd9e-4595-a23e-5345f274fb8a,10,SEARCH,2026-03-09T17:50:53.325067
ec5bf1f7-2a55-4a83-9709-2df9b1283cc9,6,SEARCH,2026-03-09T17:54:53.325067
90b8a8f0-b1ab-476a-9f6e-1b4935b5c76f,12,SEARCH,2026-03-09T18:15:53.325067
bb2204d1-bf5a-4650-b7c2-af557946c2ff,1,SEARCH,2026-03-09T18:27:53.325067
03e12c65-f5c6-4994-a25f-4b40e3f5ce46,11,SEARCH,2026-03-09T18:31:53.325067
65b00138-3ad1-4210-8326-f5f0f920a927,10,SEARCH,2026-03-09T18:32:53.325067
8c83272a-9e38-4894-9116-5734b90f6da3,20,SEARCH,2026-03-09T18:49:53.325067
a7074121-cd9e-4595-a23e-5345f274fb8a,19,SEARCH,2026-03-09T19:13:53.325067
03e12c65-f5c6-4994-a25f-4b40e3f5ce46,22,SEARCH,2026-03-09T19:21:53.325067
1daf6cb5-b47b-4197-89f2-3e9e8659bdc1,4,SEARCH,2026-03-09T19:32:53.325067
75d49fe9-872c-4b3a-86dc-1932937fee8a,26,SEARCH,2026-03-09T19:38:53.325067
65b3a875-4c50-41b3-835e-05d868593233,29,SEARCH,2026-03-09T19:43:53.325067
433f9cd8-a64b-42cc-8304-054b6770950f,32,SEARCH,2026-03-09T19:47:53.325067
a583ef34-aa92-4f8d-b127-f99f7b6f094a,20,SEARCH,2026-03-09T19:59:53.325067
4d036e41-d90b-41cf-9073-34efdbe8ec2e,23,SEARCH,2026-03-09T20:16:53.325067
be4f84e9-09e7-4d00-85b6-9d8d779b1eb2,9,SEARCH,2026-03-09T20:20:53.325067
791aa91a-97a8-4d4c-ae8b-c16f01ef3be0,10,SEARCH,2026-03-09T20:22:53.325067
228f70d1-8981-4a30-9694-1d276a881382,22,SEARCH,2026-03-09T20:27:53.325067
905d306a-e61c-4450-8d56-c3c9d8cf6ec1,18,SEARCH,2026-03-09T20:32:53.325067
114a3a20-1ec3-41c7-9356-8bcf7aff63fa,16,SEARCH,2026-03-09T20:32:53.325067
08e72634-2463-427b-b483-84616f3685a4,5,SEARCH,2026-03-09T20:35:53.325067
8c83272a-9e38-4894-9116-5734b90f6da3,13,SEARCH,2026-03-09T20:41:53.325067
a002615b-76fb-4fc4-b07f-41e5ae4b2c8b,13,PURCHASE,2026-03-09T20:43:53.325067
575a857f-54be-428f-8863-5245aca9ebd4,7,SEARCH,2026-03-09T20:59:53.325067
f71f8f90-fd42-4dbf-a735-c02dba113881,3,SEARCH,2026-03-09T21:03:53.325067
920036aa-1e46-4c61-b723-5f6d549697b4,18,SEARCH,2026-03-09T21:13:53.325067
c7e06cd1-5015-48c6-8ee7-2c10cc0bb46e,9,SEARCH,2026-03-09T21:13:53.325067
0eb92297-0d4f-4289-8e1e-473d7a621960,4,SEARCH,2026-03-09T21:16:53.325067
b0dc1cb2-7de9-4b0c-8611-aa4300a53faf,11,SEARCH,2026-03-09T21:21:53.325067
4841323c-9834-439e-a84f-71a77a9d4d1c,15,PURCHASE,2026-03-09T21:24:53.325067
cd4ee3a2-47e1-4627-b2b7-51c6b6e70707,25,SEARCH,2026-03-09T21:33:53.325067
1ef1084f-e562-4722-b60f-a03cb724022e,8,SEARCH,2026-03-09T21:41:53.325067
33163f98-d950-4322-9e3b-be0c9314f97f,11,PURCHASE,2026-03-09T21:47:53.325067
3d00c004-102c-4633-8a05-ddb656eac2f6,14,PURCHASE,2026-03-09T21:48:53.325067
ffa5c930-300a-4e34-a99e-bf085c6d3432,3,SEARCH,2026-03-09T21:58:53.325067
6a5b1597-c097-42f4-b68d-a1b4d1670e5b,22,PURCHASE,2026-03-09T21:59:53.325067
201cabf1-65f9-42b1-8615-e9130ceadfbe,19,SEARCH,2026-03-09T22:05:53.325067
576df0b8-64a6-457e-9ccc-65bbf71e8991,22,SEARCH,2026-03-09T22:07:53.325067
d37ea336-c09e-43fc-98d9-b4fa1cbdfe96,8,SEARCH,2026-03-09T22:25:53.325067
9063f75d-ad77-441d-bb30-de46a6716141,19,SEARCH,2026-03-09T22:46:53.325067
46d4641b-2c5a-41da-b0c1-daae8c4e9be9,7,SEARCH,2026-03-09T23:10:53.325067
3c9f5f5e-4057-4f9b-bd74-b529ecfa677a,10,SEARCH,2026-03-09T23:13:53.325067
ed8d870f-57f0-4c43-81e2-8db499511c37,21,SEARCH,2026-03-09T23:45:53.325067
b53bf36e-44fa-4ab5-82db-853f44cf8e54,6,SEARCH,2026-03-09T23:50:53.325067
516c6646-8b42-45fa-9dc3-a3b89b1e4e26,25,SEARCH,2026-03-09T23:59:53.325067
c64b9411-6286-45b6-9c58-4b7809b57cf9,15,SEARCH,2026-03-10T00:00:53.325067
296d3bca-9d86-40fa-a523-94e710959c8a,15,SEARCH,2026-03-10T00:02:53.325067
69154f7b-e3ef-4c53-99df-21f118c9c540,25,SEARCH,2026-03-10T00:07:53.325067
c9a8645c-8abf-45a4-8122-dc0e289063fe,5,SEARCH,2026-03-10T00:10:53.325067
b4f47da9-9f4e-4b98-ae9c-bb815ae1bed4,25,SEARCH,2026-03-10T00:11:53.325067
11f535cc-5e01-4466-9bee-173cffebc97a,20,SEARCH,2026-03-10T00:16:53.325067
97636ebc-d14c-457f-9ca9-d5e89042ecac,17,SEARCH,2026-03-10T00:19:53.325067
5efcc330-6be7-47cb-97ac-647f1b2074af,7,SEARCH,2026-03-10T00:22:53.325067
08e72634-2463-427b-b483-84616f3685a4,12,PURCHASE,2026-03-10T00:23:53.325067
a2e7871b-6fe3-4322-aa44-f620c1694932,17,SEARCH,2026-03-10T00:24:53.325067
86d658a5-b15f-4ac1-a7fc-f30974f84164,17,SEARCH,2026-03-10T00:27:53.325067
b0dc1cb2-7de9-4b0c-8611-aa4300a53faf,15,SEARCH,2026-03-10T00:27:53.325067
aa6b21a4-8c72-4957-9afa-6231cd81b533,8,SEARCH,2026-03-10T00:41:53.325067
93464a6b-ef94-4603-a3ed-00786c9be40c,4,SEARCH,2026-03-10T00:42:53.325067
c79c14ee-62df-4edf-baef-0b521cd8b3a9,8,SEARCH,2026-03-10T00:48:53.325067
d7e15291-054f-4cef-9258-1af87c8a1dc4,13,SEARCH,2026-03-10T00:56:53.325067
40b0d04a-ac3a-497e-a265-a239bf90a988,8,SEARCH,2026-03-10T01:05:53.325067
98007922-1f86-4b8e-b8a1-c8f08d97f8d9,15,SEARCH,2026-03-10T01:09:53.325067
ea88356f-27fa-4a01-82ca-d699a940f2b2,10,SEARCH,2026-03-10T01:12:53.325067
06589e07-2571-41d1-a784-6361a9ad35b1,16,SEARCH,2026-03-10T01:12:53.325067
72b6e864-78a7-4e9c-96fe-6840cbd0bd9e,35,SEARCH,2026-03-10T01:16:53.325067
0e4891c7-dfb1-4146-a36d-8dc97450f860,28,SEARCH,2026-03-10T01:18:53.325067
3c40efe4-b5a2-4255-9451-8f4273e6d7bd,22,SEARCH,2026-03-10T01:20:53.325067
a411d6a4-de67-444c-a8c0-308e8d06e7f9,22,SEARCH,2026-03-10T01:25:53.325067
2d604157-6dd3-49cd-8d09-518c32ac42d1,2,SEARCH,2026-03-10T01:36:53.325067
af55ce6d-8ccc-4ab6-aedb-2a0ab42a12e3,6,SEARCH,2026-03-10T01:41:53.325067
51190cd5-9692-45e9-81a0-31ea67943df9,23,SEARCH,2026-03-10T01:43:53.325067
e9903e8d-7458-4f4f-9745-a59f893cc56c,31,SEARCH,2026-03-10T01:50:53.325067
e739eb39-5034-468c-b5e7-b7c1679c2f05,23,SEARCH,2026-03-10T02:00:53.325067
b28b69dc-d2c1-4964-8ff0-3991ce0cbb4d,7,SEARCH,2026-03-10T02:01:53.325067
94e4d379-358e-468b-8f7c-126dbbb289fa,17,SEARCH,2026-03-10T02:49:53.325067
61e2bd04-bc08-4f83-a50c-ca72347e4c0d,16,PURCHASE,2026-03-10T03:12:53.325067
da12df1d-55f9-4f50-8846-73974e7a3589,16,PURCHASE,2026-03-10T03:24:53.325067
42465bac-01ec-4687-8265-81e0e15fb5c6,12,SEARCH,2026-03-10T03:31:53.325067
3c9f5f5e-4057-4f9b-bd74-b529ecfa677a,2,SEARCH,2026-03-10T03:38:53.325067
40b65422-3f7f-4252-83c7-3faf9f7f73d9,28,SEARCH,2026-03-10T03:45:53.325067
58a5a34c-bd4d-4ee6-bc1a-49fa95b55592,16,PURCHASE,2026-03-10T03:56:53.325067
7f6ddb48-9c93-4ada-b720-e394f9da044e,8,SEARCH,2026-03-10T04:08:53.325067
57a0ee7c-be22-482d-83db-f232845aaf0a,9,PURCHASE,2026-03-10T04:24:53.325067
10736b4a-8fdb-4b0d-bcd2-3658eb891b12,15,PURCHASE,2026-03-10T04:25:53.325067
952e40d1-9bb7-4e22-8bab-97cf9e8f7a1e,5,SEARCH,2026-03-10T04:27:53.325067
575a857f-54be-428f-8863-5245aca9ebd4,14,SEARCH,2026-03-10T04:30:53.325067
a9997e2c-1247-4e74-9f46-182e61dd09f2,25,SEARCH,2026-03-10T04:55:53.325067
a411d6a4-de67-444c-a8c0-308e8d06e7f9,12,SEARCH,2026-03-10T05:00:53.325067
990e87ab-835e-4dc4-8e87-09a6add62ed7,11,PURCHASE,2026-03-10T05:01:53.325067
0cf97aed-2f42-42d3-ab87-67b1f77fd99f,7,SEARCH,2026-03-10T05:27:53.325067
b635d7c5-712e-4ec6-b70c-134b9c948fd8,14,SEARCH,2026-03-10T05:31:53.325067
905d306a-e61c-4450-8d56-c3c9d8cf6ec1,12,SEARCH,2026-03-10T05:31:53.325067
670178d5-1be2-43b8-ae51-c78b6e95596d,24,SEARCH,2026-03-10T05:42:53.325067
bb2204d1-bf5a-4650-b7c2-af557946c2ff,12,SEARCH,2026-03-10T05:45:53.325067
622e8cf8-40ca-4030-b114-0140ec8889a1,30,PURCHASE,2026-03-10T05:49:53.325067
b4e35238-0ed8-4b94-8821-f723d26ed22c,10,SEARCH,2026-03-10T05:51:53.325067
990e87ab-835e-4dc4-8e87-09a6add62ed7,20,SEARCH,2026-03-10T05:55:53.325067
95118bab-6ddb-43da-877d-761917f1c52b,17,SEARCH,2026-03-10T05:55:53.325067
c560c8ad-79bd-4d20-8c19-c023d548a907,22,PURCHASE,2026-03-10T05:55:53.325067
c79c14ee-62df-4edf-baef-0b521cd8b3a9,21,SEARCH,2026-03-10T06:26:53.325067
a104e888-08f8-401e-a3e4-e91eced010d5,10,SEARCH,2026-03-10T06:26:53.325067
1248e958-b915-4c0e-bdde-efe06a0fa923,31,SEARCH,2026-03-10T06:27:53.325067
571de027-be48-4045-b4cd-7124699f435e,16,SEARCH,2026-03-10T06:37:53.325067
f2a91885-84ac-4819-b0c7-9ec58273439e,22,SEARCH,2026-03-10T06:39:53.325067
42465bac-01ec-4687-8265-81e0e15fb5c6,17,SEARCH,2026-03-10T06:42:53.325067
f71f8f90-fd42-4dbf-a735-c02dba113881,8,SEARCH,2026-03-10T06:42:53.325067
930b3803-3763-494c-9c8e-f522f4a0184d,25,PURCHASE,2026-03-10T06:47:53.325067
b3d5b452-8ff5-4c78-9a69-0f08e2dbd3a6,29,PURCHASE,2026-03-10T06:47:53.325067
2ac44fa5-420c-4322-8205-6f996ab44548,14,SEARCH,2026-03-10T07:01:53.325067
f5a24716-0b1a-4022-9c26-9ba796ce0e0b,11,PURCHASE,2026-03-10T07:05:53.325067
85f21559-3af2-4897-841a-ff65292442f0,14,SEARCH,2026-03-10T07:08:53.325067
a266d188-7a9f-4b44-b73e-2d7af82b6ca9,10,SEARCH,2026-03-10T07:20:53.325067
e6051a4d-abd3-44a0-916c-40d50fc0f738,18,PURCHASE,2026-03-10T07:26:53.325067
e1f9159b-0c8e-4734-a379-c6745ef1486c,10,SEARCH,2026-03-10T07:27:53.325067
314b8cfb-73bd-4078-b4cf-a792e36bbd0d,16,SEARCH,2026-03-10T07:29:53.325067
e83eb82f-1852-4dc1-91a8-74d876cf69ef,30,SEARCH,2026-03-10T07:37:53.325067
516c6646-8b42-45fa-9dc3-a3b89b1e4e26,18,SEARCH,2026-03-10T07:55:53.325067
fe818ba4-0153-43af-9d9f-d010085c48d3,33,SEARCH,2026-03-10T08:07:53.325067
a4856a37-4ff9-4684-b895-fa21a8cbd085,12,SEARCH,2026-03-10T08:21:53.325067
73fe18cf-94b1-4974-bdc7-7cc358c52e03,10,SEARCH,2026-03-10T08:37:53.325067
a97b1044-6e48-4aea-b988-5c6d42bdefb6,20,SEARCH,2026-03-10T08:47:53.325067
f7ead430-c618-4c5a-91a0-c628782dadfc,11,SEARCH,2026-03-10T09:05:53.325067
57a0ee7c-be22-482d-83db-f232845aaf0a,3,PURCHASE,2026-03-10T09:08:53.325067
58509eb1-425d-4ca5-81bd-306d21b3d8e4,16,PURCHASE,2026-03-10T09:10:53.325067
39356aa4-1005-4f5d-873e-2bedf8ab70b6,16,SEARCH,2026-03-10T09:28:53.325067
57a0ee7c-be22-482d-83db-f232845aaf0a,31,SEARCH,2026-03-10T09:30:53.325067
b01bb9cc-efd9-471d-981d-546f87f111f8,31,SEARCH,2026-03-10T09:34:53.325067
16e66dc7-20a0-40d0-b443-52fdad377a39,20,SEARCH,2026-03-10T09:41:53.325067
3af5dfea-d509-43c2-b0d4-9fbc5a1f50eb,10,SEARCH,2026-03-10T09:44:53.325067
228f70d1-8981-4a30-9694-1d276a881382,3,PURCHASE,2026-03-10T09:45:53.325067
30105cba-fafd-492e-be7e-b1e0ac9e282d,12,SEARCH,2026-03-10T09:49:53.325067
58509eb1-425d-4ca5-81bd-306d21b3d8e4,10,PURCHASE,2026-03-10T10:02:53.325067
30725a43-4ef2-4381-8299-b5e965efb313,22,SEARCH,2026-03-10T10:08:53.325067
659760cc-0f68-416d-a3b0-c36876d92e07,5,SEARCH,2026-03-10T10:09:53.325067
9063f75d-ad77-441d-bb30-de46a6716141,22,SEARCH,2026-03-10T10:27:53.325067
e698bee2-3a4d-4773-bbb1-ea8778919f86,15,SEARCH,2026-03-10T10:35:53.325067
b392a2ea-6797-4320-9af3-01ba20730ada,6,SEARCH,2026-03-10T10:36:53.325067
ffc7c64f-dde1-44f2-9cf7-74e6493333b1,20,SEARCH,2026-03-10T10:48:53.325067
1656ea37-9d31-40a9-89f2-4986e158ea4b,18,SEARCH,2026-03-10T10:52:53.325067
d3a790da-c37a-4724-9a5c-988365751ae3,11,SEARCH,2026-03-10T10:55:53.325067
3b807a78-e1dc-4eda-9a48-0f7d2fdebf76,23,SEARCH,2026-03-10T10:57:53.325067
ff9c1a41-68e5-45af-b6a7-b78af120e27c,7,SEARCH,2026-03-10T11:07:53.325067
6a5b1597-c097-42f4-b68d-a1b4d1670e5b,21,PURCHASE,2026-03-10T11:26:53.325067
b20079f1-1592-49c2-8197-ef8085ad0348,20,PURCHASE,2026-03-10T11:46:53.325067
b635d7c5-712e-4ec6-b70c-134b9c948fd8,4,SEARCH,2026-03-10T11:57:53.325067
213d181a-c484-4cd9-b77a-556fd29f693e,38,SEARCH,2026-03-10T12:11:53.325067
6b4554d8-ea98-424e-b4be-aab8653db58d,14,SEARCH,2026-03-10T12:25:53.325067
993f0dbf-2553-415d-9d50-be9b0928e9b7,14,PURCHASE,2026-03-10T12:37:53.325067
28d4420d-cf3a-4cd8-8912-bc9447596b91,17,SEARCH,2026-03-10T12:40:53.325067
1b74deef-1d13-4b12-bb5d-3eba04c38638,21,SEARCH,2026-03-10T12:42:53.325067
c0ddc42f-ccd4-4c30-8db6-7154bd9a32cd,2,SEARCH,2026-03-10T12:49:53.325067
1daf6cb5-b47b-4197-89f2-3e9e8659bdc1,15,SEARCH,2026-03-10T12:54:53.325067
8ff32a31-17ef-4383-b1da-c325a30d8972,12,SEARCH,2026-03-10T12:55:53.325067
3c9f5f5e-4057-4f9b-bd74-b529ecfa677a,5,SEARCH,2026-03-10T12:57:53.325067
a97b1044-6e48-4aea-b988-5c6d42bdefb6,3,SEARCH,2026-03-10T13:01:53.325067
631e86cf-35a6-4045-af3c-160a94ce637b,16,PURCHASE,2026-03-10T13:36:53.325067
d68a52f6-e14d-436a-b6bd-8a499a1e564d,14,PURCHASE,2026-03-10T13:54:53.325067
65b00138-3ad1-4210-8326-f5f0f920a927,14,SEARCH,2026-03-10T13:55:53.325067
efeaa17c-3754-4025-b0fd-57188c4aef5e,19,SEARCH,2026-03-10T14:14:53.325067
27116756-15f1-4e13-84ae-412fb8a0372d,7,SEARCH,2026-03-10T14:18:53.325067
4738e68f-b0ba-40cf-a34e-28d8c2e45516,4,PURCHASE,2026-03-10T14:20:53.325067
2c295371-4654-4268-8b49-03e1855770c2,13,PURCHASE,2026-03-10T14:29:53.325067
e400a7b4-49fc-4f34-8ee1-eb1089a0a1e4,26,SEARCH,2026-03-10T14:33:53.325067
0e881dc0-e5d7-42ac-b53d-4ef8f745502a,4,SEARCH,2026-03-10T14:37:53.325067
f56e5db2-c63d-432e-ab21-652e585a1229,5,SEARCH,2026-03-10T14:45:53.325067
ab7e4d50-a6ed-4359-a257-ac576760a6f5,9,SEARCH,2026-03-10T14:58:53.325067
a3a3e7fd-0509-4231-a9f5-b23f1c697f12,17,SEARCH,2026-03-10T14:59:53.325067
b98cd1f3-3b05-4f31-9a57-b968715100b3,19,SEARCH,2026-03-10T15:30:53.325067
585ff55e-0e22-4a24-8778-c481e8a8f372,4,SEARCH,2026-03-10T15:38:53.325067
d7e77be1-9611-427c-9c23-b257a02e74d2,14,SEARCH,2026-03-10T15:43:53.325067
cb9726b6-0a1f-4ad1-8362-4a50548667ba,17,SEARCH,2026-03-10T15:48:53.325067
1248e958-b915-4c0e-bdde-efe06a0fa923,11,SEARCH,2026-03-10T15:51:53.325067
27116756-15f1-4e13-84ae-412fb8a0372d,25,SEARCH,2026-03-10T16:04:53.325067
3a5fc1da-6412-4109-81e5-e7e06b0c788e,20,SEARCH,2026-03-10T16:09:53.325067
abb9826b-4bb0-4c47-b79d-ea82adf92050,10,SEARCH,2026-03-10T16:10:53.325067
636d7396-1683-4a3e-82c0-9ae0c3301625,16,SEARCH,2026-03-10T16:22:53.325067
b4f47da9-9f4e-4b98-ae9c-bb815ae1bed4,6,PURCHASE,2026-03-10T16:26:53.325067
ae1e8831-0783-4359-9259-63a1ac78a340,8,PURCHASE,2026-03-10T16:32:53.325067
7803904e-2247-4d5c-963f-ccd4ca26faf0,10,SEARCH,2026-03-10T16:33:53.325067
6caa8d1a-d55a-4d7a-8573-c09cb368290c,4,SEARCH,2026-03-10T16:47:53.325067
7a9371cb-01a9-499f-86f5-d0bd6452b509,20,SEARCH,2026-03-10T16:53:53.325067
3543cf5f-f9e4-45cc-853e-61e31cdf3d23,33,SEARCH,2026-03-10T17:02:53.325067
cd17b9bc-254b-4036-9136-94c57211675e,19,SEARCH,2026-03-10T17:05:53.325067
952e40d1-9bb7-4e22-8bab-97cf9e8f7a1e,3,SEARCH,2026-03-10T17:15:53.325067
42465bac-01ec-4687-8265-81e0e15fb5c6,6,SEARCH,2026-03-10T17:34:53.325067
531e8327-da0a-43e5-89ad-4038b82508d7,9,SEARCH,2026-03-10T17:51:53.325067
d822cfc8-2e23-41a3-bb09-ddbc0af60dfa,15,SEARCH,2026-03-10T18:01:53.325067
bb2204d1-bf5a-4650-b7c2-af557946c2ff,8,SEARCH,2026-03-10T18:08:53.325067
f9319695-b786-429e-bafc-67d5cbc9597d,5,PURCHASE,2026-03-10T18:10:53.325067
49fd6910-4863-40e7-bee4-2397a54d89dd,11,SEARCH,2026-03-10T18:14:53.325067
69154f7b-e3ef-4c53-99df-21f118c9c540,7,SEARCH,2026-03-10T18:25:53.325067
e739eb39-5034-468c-b5e7-b7c1679c2f05,15,SEARCH,2026-03-10T18:53:53.325067
e520989e-7717-4c98-b144-c70127cf42a1,38,SEARCH,2026-03-10T19:03:53.325067
27116756-15f1-4e13-84ae-412fb8a0372d,11,SEARCH,2026-03-10T19:04:53.325067
756233ce-74a6-4cc7-81a8-d9f3d1e0ca29,13,SEARCH,2026-03-10T19:13:53.325067
80b80c0a-551e-4066-8130-783583b6341a,25,SEARCH,2026-03-10T19:27:53.325067
4a23856f-1744-4f2d-9fa5-e3b8a9c98d5d,20,SEARCH,2026-03-10T19:28:53.325067
d4770df7-1eb0-4af7-8f6f-e9563e68b661,5,SEARCH,2026-03-10T19:38:53.325067
7e2ae8e8-578a-47ff-ad9a-ff2af99edb89,16,SEARCH,2026-03-10T19:44:53.325067
8ff32a31-17ef-4383-b1da-c325a30d8972,13,SEARCH,2026-03-10T19:48:53.325067
482db056-98f2-4992-b2ac-4d904f495e51,21,SEARCH,2026-03-10T19:59:53.325067
3c40efe4-b5a2-4255-9451-8f4273e6d7bd,21,SEARCH,2026-03-10T20:00:53.325067
df13e12f-6ea3-4c43-8ff0-b64bee8abfd4,10,SEARCH,2026-03-10T20:10:53.325067
f7f334f6-5642-4135-a8e4-3ebf647136be,23,SEARCH,2026-03-10T20:32:53.325067
ffa5c930-300a-4e34-a99e-bf085c6d3432,6,SEARCH,2026-03-10T20:34:53.325067
49aa35fa-fc76-44c6-a7dc-7c8b42da8859,17,SEARCH,2026-03-10T20:36:53.325067
c837742f-a090-4aef-a889-de4e3baf9ebf,15,SEARCH,2026-03-10T20:36:53.325067
242b50ce-bbaa-43a5-b558-5e8566db4856,21,SEARCH,2026-03-10T20:47:53.325067
cd353de9-6e32-40d6-9c2d-680726598e91,30,SEARCH,2026-03-10T20:57:53.325067
049d9430-a8c1-4b84-abb6-f4a7d83457ee,23,PURCHASE,2026-03-10T21:07:53.325067
209e1b4f-9340-42d8-b737-0f3435787db4,11,SEARCH,2026-03-10T21:11:53.325067
771db771-b160-40df-bdda-3c4effd1c9b7,5,SEARCH,2026-03-10T21:32:53.325067
27d24a11-f94d-4ebd-ad87-de9dce3f42da,17,SEARCH,2026-03-10T21:33:53.325067
c560c8ad-79bd-4d20-8c19-c023d548a907,3,SEARCH,2026-03-10T21:35:53.325067
b1b1b89a-fee0-4235-8467-73910d194ed8,12,PURCHASE,2026-03-10T21:44:53.325067
da12df1d-55f9-4f50-8846-73974e7a3589,21,SEARCH,2026-03-10T21:44:53.325067
09acf0d1-0c42-4614-ba7b-024042ad1bb9,16,SEARCH,2026-03-10T21:46:53.325067
ba8f0e72-3209-4387-a358-72c4c62ebad3,25,SEARCH,2026-03-10T21:54:53.325067
f2a91885-84ac-4819-b0c7-9ec58273439e,16,SEARCH,2026-03-10T22:06:53.325067
75e4a6e3-1c6c-4926-a5ac-2bfccf017440,25,SEARCH,2026-03-10T22:15:53.325067
da12df1d-55f9-4f50-8846-73974e7a3589,22,PURCHASE,2026-03-10T22:28:53.325067
cb418dbd-a329-402b-a43c-3e3c06508991,4,PURCHASE,2026-03-10T22:36:53.325067
7c08278c-45df-4aec-a828-f8ec5848e626,36,SEARCH,2026-03-10T22:37:53.325067
920036aa-1e46-4c61-b723-5f6d549697b4,11,SEARCH,2026-03-10T22:44:53.325067
c5e57418-eebb-4887-abd9-ba54dbb7529c,4,SEARCH,2026-03-10T23:22:53.325067
bbf8db0d-1781-4bf8-b19e-b0dfc9d06bab,28,PURCHASE,2026-03-10T23:27:53.325067
296d3bca-9d86-40fa-a523-94e710959c8a,33,SEARCH,2026-03-10T23:32:53.325067
622e8cf8-40ca-4030-b114-0140ec8889a1,10,SEARCH,2026-03-10T23:43:53.325067
9f1cfd91-01fa-41a2-a636-af0b8b4ade9f,18,SEARCH,2026-03-10T23:44:53.325067
cc876e06-27ba-4dfa-b925-231965647920,32,SEARCH,2026-03-10T23:55:53.325067
f5a24716-0b1a-4022-9c26-9ba796ce0e0b,8,SEARCH,2026-03-11T00:14:53.325067
a9997e2c-1247-4e74-9f46-182e61dd09f2,6,SEARCH,2026-03-11T00:15:53.325067
beac9ba3-aa64-4f03-b94a-7023bf75b478,12,SEARCH,2026-03-11T00:25:53.325067
8cd8d36b-2249-410a-863c-4887671d5e9c,10,SEARCH,2026-03-11T00:30:53.325067
5373c04b-8165-4b0c-8cc5-edd291bca6b2,9,PURCHASE,2026-03-11T00:31:53.325067
7771832c-852f-4810-a1fd-f125909e786d,6,SEARCH,2026-03-11T00:34:53.325067
4febf5cb-8b1b-41fb-9f2a-ef336bf8dee3,3,SEARCH,2026-03-11T00:35:53.325067
bb2204d1-bf5a-4650-b7c2-af557946c2ff,11,SEARCH,2026-03-11T00:47:53.325067
13226df5-061b-4a9f-b90c-461443dc42a6,24,PURCHASE,2026-03-11T00:47:53.325067
efeaa17c-3754-4025-b0fd-57188c4aef5e,25,SEARCH,2026-03-11T00:47:53.325067
d37ea336-c09e-43fc-98d9-b4fa1cbdfe96,14,SEARCH,2026-03-11T01:07:53.325067
d9cfa097-b8b1-438c-ba43-f186292c2fd4,15,SEARCH,2026-03-11T01:09:53.325067
6970fdd5-2a61-4aa5-b1ee-eca9ae7bbbd9,4,PURCHASE,2026-03-11T01:24:53.325067
114a3a20-1ec3-41c7-9356-8bcf7aff63fa,18,SEARCH,2026-03-11T01:28:53.325067
f71f8f90-fd42-4dbf-a735-c02dba113881,21,SEARCH,2026-03-11T01:32:53.325067
25a9a47e-8243-4dd7-a1ea-c6a1291bd002,19,SEARCH,2026-03-11T01:44:53.325067
97636ebc-d14c-457f-9ca9-d5e89042ecac,16,SEARCH,2026-03-11T02:01:53.325067
37fe6ce2-628b-4a7a-b843-6301327f59b9,35,SEARCH,2026-03-11T02:04:53.325067
60ffff00-535c-4dcc-9517-66e081dac5f4,7,PURCHASE,2026-03-11T02:09:53.325067
b53bf36e-44fa-4ab5-82db-853f44cf8e54,16,SEARCH,2026-03-11T02:23:53.325067
69154f7b-e3ef-4c53-99df-21f118c9c540,7,SEARCH,2026-03-11T02:24:53.325067
3d00c004-102c-4633-8a05-ddb656eac2f6,14,SEARCH,2026-03-11T02:38:53.325067
beac9ba3-aa64-4f03-b94a-7023bf75b478,14,PURCHASE,2026-03-11T02:46:53.325067
18e9d94d-07bd-4efa-be63-e36cea6f79a4,12,SEARCH,2026-03-11T02:51:53.325067
b28b69dc-d2c1-4964-8ff0-3991ce0cbb4d,8,SEARCH,2026-03-11T02:56:53.325067
52abc553-3b64-471c-b98c-edcb66b4a155,8,SEARCH,2026-03-11T02:57:53.325067
1aeab7f6-de86-4010-bc33-de2b26dc48d9,23,PURCHASE,2026-03-11T02:59:53.325067
c323d4f0-2ea5-4c35-9ed7-eb6f37c442a8,29,SEARCH,2026-03-11T03:17:53.325067
2b95a003-e0b9-4cd7-b99d-90bbfffcfde0,16,SEARCH,2026-03-11T03:29:53.325067
f235ab0f-557a-40dd-afaa-9ea9983aeb5f,14,SEARCH,2026-03-11T03:39:53.325067
ff549393-31f3-414b-818d-aba373db6163,13,SEARCH,2026-03-11T04:07:53.325067
550a571a-5410-405b-bb49-ee5a46ec245b,26,PURCHASE,2026-03-11T04:19:53.325067
516c6646-8b42-45fa-9dc3-a3b89b1e4e26,19,SEARCH,2026-03-11T04:19:53.325067
48493cc2-eb14-4ea1-a460-40c419e10aaa,13,SEARCH,2026-03-11T04:22:53.325067
d6f65542-48fa-4984-bb0f-49c757934d5a,10,SEARCH,2026-03-11T04:23:53.325067
791aa91a-97a8-4d4c-ae8b-c16f01ef3be0,19,SEARCH,2026-03-11T04:25:53.325067
182ef987-a6d6-4329-abe8-2da0782d5dfb,15,SEARCH,2026-03-11T04:25:53.325067
6491a90a-1252-4522-a4aa-568e054ea3e6,34,SEARCH,2026-03-11T04:29:53.325067
518d1791-c480-4d43-9842-025adce0018a,4,SEARCH,2026-03-11T04:38:53.325067
4e8c9646-1deb-488d-8e1e-86a46ac95885,20,SEARCH,2026-03-11T04:44:53.325067
8d48589b-224d-4458-ab9a-bf947357f7bf,28,SEARCH,2026-03-11T04:49:53.325067
37fe6ce2-628b-4a7a-b843-6301327f59b9,17,SEARCH,2026-03-11T05:01:53.325067
ff549393-31f3-414b-818d-aba373db6163,16,SEARCH,2026-03-11T05:01:53.325067
313a75c2-6499-4c10-ab25-7c04da298bcb,10,SEARCH,2026-03-11T05:04:53.325067
531e8327-da0a-43e5-89ad-4038b82508d7,4,SEARCH,2026-03-11T05:05:53.325067
eea6fef7-54a8-4ff0-bdfb-923b4c4641ae,15,SEARCH,2026-03-11T05:12:53.325067
5373c04b-8165-4b0c-8cc5-edd291bca6b2,28,SEARCH,2026-03-11T05:18:53.325067
c0f3be62-17ed-46b4-9717-2cebd19f20b6,28,SEARCH,2026-03-11T05:22:53.325067
b4e35238-0ed8-4b94-8821-f723d26ed22c,24,SEARCH,2026-03-11T05:37:53.325067
e0a9d7da-890c-4d19-aa6d-18ae709ee7c3,16,SEARCH,2026-03-11T05:50:53.325067
b53efe65-64f1-49cd-b06b-498b73ec1364,14,PURCHASE,2026-03-11T05:52:53.325067
ab7e4d50-a6ed-4359-a257-ac576760a6f5,10,SEARCH,2026-03-11T06:11:53.325067
7771832c-852f-4810-a1fd-f125909e786d,15,SEARCH,2026-03-11T06:32:53.325067
b24f8168-69cc-47f5-9566-a4630930bdcf,8,SEARCH,2026-03-11T06:37:53.325067
153982c3-0a07-4f2c-bf34-6bc1b976aa1b,21,PURCHASE,2026-03-11T07:01:53.325067
c837742f-a090-4aef-a889-de4e3baf9ebf,4,SEARCH,2026-03-11T07:25:53.325067
0d626224-6601-4454-8228-d48324dffd72,6,SEARCH,2026-03-11T07:37:53.325067
433f9cd8-a64b-42cc-8304-054b6770950f,8,SEARCH,2026-03-11T07:41:53.325067
9c0318d6-9f22-457c-b755-26f3433ec25f,2,SEARCH,2026-03-11T07:45:53.325067
b01bb9cc-efd9-471d-981d-546f87f111f8,9,SEARCH,2026-03-11T07:54:53.325067
f989b4c3-a07f-4c59-bf58-a8e48cb67c2c,17,SEARCH,2026-03-11T08:00:53.325067
2d604157-6dd3-49cd-8d09-518c32ac42d1,26,SEARCH,2026-03-11T08:03:53.325067
cf0e19c2-6c69-40d8-8d02-2d6e00b017b9,12,SEARCH,2026-03-11T08:22:53.325067
ed8d870f-57f0-4c43-81e2-8db499511c37,30,SEARCH,2026-03-11T08:32:53.325067
6b08405f-b4ce-42bd-9146-6292de6f1e65,5,PURCHASE,2026-03-11T09:19:53.325067
75d49fe9-872c-4b3a-86dc-1932937fee8a,8,SEARCH,2026-03-11T09:27:53.325067
090b81e2-0e0d-44fd-be63-77c6570bb85a,14,PURCHASE,2026-03-11T09:41:53.325067
57a0ee7c-be22-482d-83db-f232845aaf0a,25,SEARCH,2026-03-11T09:44:53.325067
242b50ce-bbaa-43a5-b558-5e8566db4856,5,SEARCH,2026-03-11T09:50:53.325067
ea88356f-27fa-4a01-82ca-d699a940f2b2,4,SEARCH,2026-03-11T09:52:53.325067
9b42292f-a51f-4d75-8725-5d2ab7b41c74,15,SEARCH,2026-03-11T09:53:53.325067
d9cfa097-b8b1-438c-ba43-f186292c2fd4,9,SEARCH,2026-03-11T10:14:53.325067
499e0a6a-0709-4df6-82f3-c75fa0ae73db,7,SEARCH,2026-03-11T11:06:53.325067
5adc5e8e-3072-4753-befd-147c4de46bb2,17,SEARCH,2026-03-11T11:12:53.325067
2d604157-6dd3-49cd-8d09-518c32ac42d1,21,PURCHASE,2026-03-11T11:17:53.325067
b5ee5466-b470-4bfd-995c-77ee91769403,17,SEARCH,2026-03-11T11:26:53.325067
b4f47da9-9f4e-4b98-ae9c-bb815ae1bed4,13,SEARCH,2026-03-11T11:28:53.325067
cced0094-90fa-45a3-9711-dd4566cd0f92,4,PURCHASE,2026-03-11T11:30:53.325067
bbf8db0d-1781-4bf8-b19e-b0dfc9d06bab,22,SEARCH,2026-03-11T11:42:53.325067
f81d9aac-045b-487b-8eb7-78f2e6c87ad6,3,PURCHASE,2026-03-11T11:44:53.325067
494a6b18-4354-4af1-89e1-cb307e55c9eb,12,SEARCH,2026-03-11T12:10:53.325067
e520989e-7717-4c98-b144-c70127cf42a1,28,SEARCH,2026-03-11T12:15:53.325067
2c295371-4654-4268-8b49-03e1855770c2,15,SEARCH,2026-03-11T12:18:53.325067
a8f93f6a-d3b2-4b87-88d5-5c8e35fb44da,25,SEARCH,2026-03-11T12:32:53.325067
45b4e5b2-5e91-4e33-a1f3-bcc3cd492b2b,14,SEARCH,2026-03-11T12:33:53.325067
4ba1e89e-4107-41af-9d43-5feed90d28fc,19,SEARCH,2026-03-11T12:40:53.325067
182b81ed-1deb-4823-baab-501fadbac2c5,16,SEARCH,2026-03-11T12:41:53.325067
dd555b7b-8353-4885-872e-2d0c9a1439ff,3,SEARCH,2026-03-11T13:00:53.325067
e713fcfa-0921-4f87-9b0b-f4fea9c533b3,3,PURCHASE,2026-03-11T13:18:53.325067
53d42c57-4ffb-4e03-a869-2338cde94adf,17,SEARCH,2026-03-11T13:19:53.325067
a809b711-aa64-4474-8e48-d243ab6f8baf,5,SEARCH,2026-03-11T13:19:53.325067
b17de091-de72-4f42-87be-e738a35d85a5,27,SEARCH,2026-03-11T13:22:53.325067
90b4b949-3ac4-4655-a229-286c9bd897ec,13,SEARCH,2026-03-11T13:31:53.325067
d37ea336-c09e-43fc-98d9-b4fa1cbdfe96,7,SEARCH,2026-03-11T13:34:53.325067
f56e5db2-c63d-432e-ab21-652e585a1229,15,PURCHASE,2026-03-11T13:36:53.325067
fcb22bfc-6128-495e-be2c-b0a43c231973,10,SEARCH,2026-03-11T13:51:53.325067
4d036e41-d90b-41cf-9073-34efdbe8ec2e,16,SEARCH,2026-03-11T13:57:53.325067
82f01968-17c4-4417-a691-e7a2988e5978,20,SEARCH,2026-03-11T14:04:53.325067
8aa4e24e-b641-4e27-90ad-ae70b2653a10,7,SEARCH,2026-03-11T14:05:53.325067
a104e888-08f8-401e-a3e4-e91eced010d5,8,SEARCH,2026-03-11T14:06:53.325067
b17de091-de72-4f42-87be-e738a35d85a5,19,SEARCH,2026-03-11T14:15:53.325067
a7074121-cd9e-4595-a23e-5345f274fb8a,7,SEARCH,2026-03-11T14:21:53.325067
499e0a6a-0709-4df6-82f3-c75fa0ae73db,7,PURCHASE,2026-03-11T14:28:53.325067
dd555b7b-8353-4885-872e-2d0c9a1439ff,23,SEARCH,2026-03-11T14:34:53.325067
7ad89e3d-f89e-4d18-a766-5559b26f9aba,19,SEARCH,2026-03-11T14:43:53.325067
b28b69dc-d2c1-4964-8ff0-3991ce0cbb4d,15,SEARCH,2026-03-11T15:10:53.325067
beac9ba3-aa64-4f03-b94a-7023bf75b478,31,SEARCH,2026-03-11T15:11:53.325067
4c682d9e-2f19-46a9-af00-13d29cfbdfb6,15,SEARCH,2026-03-11T15:40:53.325067
42465bac-01ec-4687-8265-81e0e15fb5c6,19,SEARCH,2026-03-11T15:54:53.325067
bf25f2cc-5280-4b7d-955d-1f98969c2450,22,SEARCH,2026-03-11T15:56:53.325067
01e53c67-0cb2-4f21-8eee-ef6246003908,7,PURCHASE,2026-03-11T15:59:53.325067
3c9f5f5e-4057-4f9b-bd74-b529ecfa677a,22,SEARCH,2026-03-11T16:02:53.325067
6caa8d1a-d55a-4d7a-8573-c09cb368290c,7,SEARCH,2026-03-11T16:12:53.325067
e9903e8d-7458-4f4f-9745-a59f893cc56c,30,SEARCH,2026-03-11T16:13:53.325067
ffc7c64f-dde1-44f2-9cf7-74e6493333b1,13,SEARCH,2026-03-11T16:17:53.325067
242b50ce-bbaa-43a5-b558-5e8566db4856,22,SEARCH,2026-03-11T16:22:53.325067
da2676de-00a0-4815-bd02-43e018860d96,14,SEARCH,2026-03-11T16:23:53.325067
5283ccce-a054-40e5-b753-f8fac4704baf,18,PURCHASE,2026-03-11T16:25:53.325067
f989b4c3-a07f-4c59-bf58-a8e48cb67c2c,34,SEARCH,2026-03-11T16:26:53.325067
a5194c33-76e7-4078-b66d-bc382b838987,12,SEARCH,2026-03-11T16:45:53.325067
7a23bd45-f094-4da0-a454-e5e51780f9d8,6,SEARCH,2026-03-11T16:57:53.325067
c24a1f2c-e995-4ab7-b371-51f3919a5d97,7,SEARCH,2026-03-11T17:12:53.325067
905d306a-e61c-4450-8d56-c3c9d8cf6ec1,9,SEARCH,2026-03-11T17:29:53.325067
6c70e8d6-0101-4704-bb35-39d5e9ecd5c2,13,SEARCH,2026-03-11T17:34:53.325067
4601a6c8-8df1-44ae-9935-ace3346f3fb3,18,SEARCH,2026-03-11T17:35:53.325067
c14f5d5a-2027-47cf-8566-4878bc8b557d,16,SEARCH,2026-03-11T17:43:53.325067
296d3bca-9d86-40fa-a523-94e710959c8a,24,SEARCH,2026-03-11T18:11:53.325067
66a50361-a3ff-4a69-9662-265256095fda,13,SEARCH,2026-03-11T18:19:53.325067
d714b999-3c14-4075-87a4-786b3d3df991,13,PURCHASE,2026-03-11T18:29:53.325067
756233ce-74a6-4cc7-81a8-d9f3d1e0ca29,23,SEARCH,2026-03-11T18:52:53.325067
242c3f83-43b1-408e-b05b-6fc2ed10168f,10,SEARCH,2026-03-11T18:52:53.325067
f539cbba-8e63-49a0-888f-a69e5387f5e7,3,SEARCH,2026-03-11T19:26:53.325067
4c682d9e-2f19-46a9-af00-13d29cfbdfb6,8,SEARCH,2026-03-11T19:54:53.325067
7c08278c-45df-4aec-a828-f8ec5848e626,5,SEARCH,2026-03-11T20:03:53.325067
fe56cc6a-d6e2-45c9-8ff5-23371d3f93f8,5,PURCHASE,2026-03-11T20:18:53.325067
a03e24ce-8ee9-48b7-b665-b66c9cc568d9,20,SEARCH,2026-03-11T20:39:53.325067
b96b592a-4e5c-4d1b-accc-2777368aa4be,8,SEARCH,2026-03-11T20:40:53.325067
28b67510-16da-4c77-896b-2ffba172b497,20,SEARCH,2026-03-11T20:43:53.325067
e5635040-1736-4b05-9eaf-c6d0eca3b36b,7,SEARCH,2026-03-11T21:08:53.325067
aa6b21a4-8c72-4957-9afa-6231cd81b533,24,PURCHASE,2026-03-11T21:19:53.325067
997877d2-c5e2-4aff-ab06-e7dfd522f8cf,8,SEARCH,2026-03-11T21:23:53.325067
e52aaa84-a13e-4176-9949-70c69bd54d38,29,SEARCH,2026-03-11T21:26:53.325067
eae4987c-f9cc-4e78-ac55-f53f9f963a42,28,SEARCH,2026-03-11T21:35:53.325067
60ffff00-535c-4dcc-9517-66e081dac5f4,14,PURCHASE,2026-03-11T21:42:53.325067
f5a24716-0b1a-4022-9c26-9ba796ce0e0b,6,SEARCH,2026-03-11T21:49:53.325067
aa6b21a4-8c72-4957-9afa-6231cd81b533,13,SEARCH,2026-03-11T22:08:53.325067
57a0ee7c-be22-482d-83db-f232845aaf0a,20,SEARCH,2026-03-11T22:31:53.325067
482db056-98f2-4992-b2ac-4d904f495e51,21,SEARCH,2026-03-11T22:31:53.325067
51190cd5-9692-45e9-81a0-31ea67943df9,10,PURCHASE,2026-03-11T22:35:53.325067
694d4b11-cdb4-46da-869c-44dc427440bc,26,SEARCH,2026-03-11T22:43:53.325067
aa5b2f50-8c9f-47cd-9860-186f7200044e,19,SEARCH,2026-03-11T22:47:53.325067
10736b4a-8fdb-4b0d-bcd2-3658eb891b12,23,SEARCH,2026-03-11T22:55:53.325067
32363098-54ef-4853-93c8-083b04b5aa7f,21,PURCHASE,2026-03-11T23:09:53.325067
b20079f1-1592-49c2-8197-ef8085ad0348,15,SEARCH,2026-03-11T23:17:53.325067
fc14947a-d538-4d41-9ffe-e69397a72b32,6,SEARCH,2026-03-11T23:24:53.325067
03e12c65-f5c6-4994-a25f-4b40e3f5ce46,16,SEARCH,2026-03-11T23:49:53.325067
090b81e2-0e0d-44fd-be63-77c6570bb85a,6,SEARCH,2026-03-11T23:53:53.325067
c39f6053-cb21-4a6b-98bb-4036625cd5b7,29,SEARCH,2026-03-11T23:53:53.325067
b53efe65-64f1-49cd-b06b-498b73ec1364,31,SEARCH,2026-03-11T23:53:53.325067
482db056-98f2-4992-b2ac-4d904f495e51,12,SEARCH,2026-03-12T00:13:53.325067
adb57e5e-5a91-4d39-9039-d02a28817f53,4,SEARCH,2026-03-12T00:27:53.325067
a5194c33-76e7-4078-b66d-bc382b838987,6,SEARCH,2026-03-12T00:30:53.325067
791aa91a-97a8-4d4c-ae8b-c16f01ef3be0,14,SEARCH,2026-03-12T00:47:53.325067
6865ed66-412e-4e21-83e6-46107262df72,4,SEARCH,2026-03-12T01:09:53.325067
30725a43-4ef2-4381-8299-b5e965efb313,12,SEARCH,2026-03-12T01:16:53.325067
ed8d870f-57f0-4c43-81e2-8db499511c37,12,SEARCH,2026-03-12T01:17:53.325067
433f9cd8-a64b-42cc-8304-054b6770950f,24,SEARCH,2026-03-12T01:25:53.325067
fe818ba4-0153-43af-9d9f-d010085c48d3,27,SEARCH,2026-03-12T01:29:53.325067
1b74deef-1d13-4b12-bb5d-3eba04c38638,13,SEARCH,2026-03-12T01:31:53.325067
9da8e83a-ee12-4409-965b-324e3e2198fa,18,SEARCH,2026-03-12T01:49:53.325067
ff9c1a41-68e5-45af-b6a7-b78af120e27c,14,SEARCH,2026-03-12T01:51:53.325067
89ee4286-f4a6-40b0-9d45-6041c20cfcb1,16,SEARCH,2026-03-12T01:58:53.325067
ffa5c930-300a-4e34-a99e-bf085c6d3432,3,PURCHASE,2026-03-12T02:21:53.325067
82f01968-17c4-4417-a691-e7a2988e5978,4,SEARCH,2026-03-12T02:30:53.325067
d1d3a393-8a5c-47fb-b5bc-9297839685ee,15,SEARCH,2026-03-12T02:37:53.325067
c2ed763e-ec0e-4b59-b7ff-b2d4bc4f294b,12,SEARCH,2026-03-12T02:40:53.325067
d58a8e77-5dfb-4e2a-9cb2-4ca81ba24791,24,SEARCH,2026-03-12T03:05:53.325067
1065d688-efca-47ec-bfc1-67edc379d735,18,SEARCH,2026-03-12T03:05:53.325067
ec5bf1f7-2a55-4a83-9709-2df9b1283cc9,10,SEARCH,2026-03-12T03:16:53.325067
61eeeca9-226b-4492-9998-205f7a300447,7,SEARCH,2026-03-12T03:20:53.325067
a9346e7e-17e3-4628-ad19-3b8932ed9b4d,14,SEARCH,2026-03-12T03:32:53.325067
494a6b18-4354-4af1-89e1-cb307e55c9eb,4,SEARCH,2026-03-12T03:38:53.325067
993f0dbf-2553-415d-9d50-be9b0928e9b7,7,SEARCH,2026-03-12T03:38:53.325067
b35e0ba4-5b13-4e14-8262-969524977292,19,SEARCH,2026-03-12T03:38:53.325067
ab7e4d50-a6ed-4359-a257-ac576760a6f5,29,SEARCH,2026-03-12T03:38:53.325067
72b6e864-78a7-4e9c-96fe-6840cbd0bd9e,20,SEARCH,2026-03-12T03:45:53.325067
c0f3be62-17ed-46b4-9717-2cebd19f20b6,11,SEARCH,2026-03-12T03:46:53.325067
4f3f236e-eaa9-436d-81ef-0c13dab5154f,10,SEARCH,2026-03-12T04:03:53.325067
d4770df7-1eb0-4af7-8f6f-e9563e68b661,10,SEARCH,2026-03-12T04:15:53.325067
be9356ce-e999-4003-9fdd-02d9422dba77,13,PURCHASE,2026-03-12T04:29:53.325067
9f1cfd91-01fa-41a2-a636-af0b8b4ade9f,7,PURCHASE,2026-03-12T04:36:53.325067
cd353de9-6e32-40d6-9c2d-680726598e91,18,SEARCH,2026-03-12T04:37:53.325067
72b6e864-78a7-4e9c-96fe-6840cbd0bd9e,13,SEARCH,2026-03-12T04:37:53.325067
67fc04f2-f83c-49fc-bf0a-b7acd06a81dc,26,SEARCH,2026-03-12T04:40:53.325067
ab10de25-9543-4ead-9a7e-ef5d55b2e648,23,SEARCH,2026-03-12T04:48:53.325067
fe818ba4-0153-43af-9d9f-d010085c48d3,14,SEARCH,2026-03-12T04:49:53.325067
3af5dfea-d509-43c2-b0d4-9fbc5a1f50eb,9,SEARCH,2026-03-12T05:15:53.325067
4c682d9e-2f19-46a9-af00-13d29cfbdfb6,15,SEARCH,2026-03-12T05:15:53.325067
711674ac-dc45-4de7-9011-a7e336437ff1,5,SEARCH,2026-03-12T05:19:53.325067
cff25f10-4746-434c-a27d-cf9673e18828,23,SEARCH,2026-03-12T05:23:53.325067
575a857f-54be-428f-8863-5245aca9ebd4,30,SEARCH,2026-03-12T05:24:53.325067
abb9826b-4bb0-4c47-b79d-ea82adf92050,15,SEARCH,2026-03-12T05:35:53.325067
a3af1b4b-67a2-4c90-8b8f-e8de1f44596e,30,PURCHASE,2026-03-12T05:38:53.325067
3b807a78-e1dc-4eda-9a48-0f7d2fdebf76,16,SEARCH,2026-03-12T05:55:53.325067
e6adaca6-d504-473e-98eb-50e97661d70d,29,SEARCH,2026-03-12T05:57:53.325067
242b50ce-bbaa-43a5-b558-5e8566db4856,10,SEARCH,2026-03-12T06:00:53.325067
fc0f0f36-1dd0-4cf1-9125-bd9cef554e1a,13,SEARCH,2026-03-12T06:06:53.325067
6b388271-763a-4a1e-b54d-9a41473d6cc7,23,SEARCH,2026-03-12T06:11:53.325067
313a75c2-6499-4c10-ab25-7c04da298bcb,29,SEARCH,2026-03-12T06:16:53.325067
0ce550f0-2261-430c-87e4-108642207c14,8,SEARCH,2026-03-12T06:26:53.325067
7583157b-c485-47ba-a784-d27950bebdca,9,SEARCH,2026-03-12T06:30:53.325067
80cc2ae5-5000-4948-82e6-cd47416f1529,15,SEARCH,2026-03-12T06:57:53.325067
51190cd5-9692-45e9-81a0-31ea67943df9,19,PURCHASE,2026-03-12T07:03:53.325067
08c339e5-d7df-4047-8cf4-d409a9dfb6ab,11,SEARCH,2026-03-12T07:04:53.325067
32d89891-5b6f-49af-8a74-dd0d02624fde,32,SEARCH,2026-03-12T07:05:53.325067
182b81ed-1deb-4823-baab-501fadbac2c5,12,SEARCH,2026-03-12T07:07:53.325067
c7e06cd1-5015-48c6-8ee7-2c10cc0bb46e,7,SEARCH,2026-03-12T07:10:53.325067
9345cf47-4508-4fcb-8fc2-de521160be73,7,SEARCH,2026-03-12T07:54:53.325067
e0178b1c-b664-4fb1-ba29-c4fa6109c485,16,SEARCH,2026-03-12T08:03:53.325067
8e4ec77c-6c3e-43c0-9afa-ef07d9f92ffd,14,SEARCH,2026-03-12T08:13:53.325067
e8108cd8-6fef-4a59-bd95-717b807705f7,12,SEARCH,2026-03-12T08:13:53.325067
d37ea336-c09e-43fc-98d9-b4fa1cbdfe96,15,SEARCH,2026-03-12T08:23:53.325067
8aa4e24e-b641-4e27-90ad-ae70b2653a10,20,SEARCH,2026-03-12T08:25:53.325067
a2cab50a-a546-4179-b87c-d78b53283047,6,SEARCH,2026-03-12T08:28:53.325067
242b50ce-bbaa-43a5-b558-5e8566db4856,11,SEARCH,2026-03-12T08:29:53.325067
9ccd0302-b258-442e-b66b-3c33a6f7b0eb,19,PURCHASE,2026-03-12T08:34:53.325067
e400a7b4-49fc-4f34-8ee1-eb1089a0a1e4,39,SEARCH,2026-03-12T08:43:53.325067
225e16c3-0e71-4167-a4bf-05fd86a3077d,10,SEARCH,2026-03-12T08:43:53.325067
9345cf47-4508-4fcb-8fc2-de521160be73,8,PURCHASE,2026-03-12T08:57:53.325067
9a65e84a-85cc-479a-9c97-480ce62d2100,12,SEARCH,2026-03-12T08:59:53.325067
57a0ee7c-be22-482d-83db-f232845aaf0a,20,SEARCH,2026-03-12T09:01:53.325067
153982c3-0a07-4f2c-bf34-6bc1b976aa1b,3,SEARCH,2026-03-12T09:17:53.325067
025da52c-3daa-4ade-be62-1f35affd5e4d,11,SEARCH,2026-03-12T09:18:53.325067
28b67510-16da-4c77-896b-2ffba172b497,23,SEARCH,2026-03-12T09:20:53.325067
756233ce-74a6-4cc7-81a8-d9f3d1e0ca29,13,SEARCH,2026-03-12T09:27:53.325067
1844715d-6c92-4eb9-b947-dc14a551090f,31,SEARCH,2026-03-12T09:41:53.325067
e739eb39-5034-468c-b5e7-b7c1679c2f05,12,SEARCH,2026-03-12T10:00:53.325067
99a0f925-6e74-4262-b2c2-7923c909af64,22,SEARCH,2026-03-12T10:11:53.325067
f7f334f6-5642-4135-a8e4-3ebf647136be,10,SEARCH,2026-03-12T10:17:53.325067
93464a6b-ef94-4603-a3ed-00786c9be40c,12,SEARCH,2026-03-12T10:42:53.325067
98007922-1f86-4b8e-b8a1-c8f08d97f8d9,21,SEARCH,2026-03-12T10:46:53.325067
090b81e2-0e0d-44fd-be63-77c6570bb85a,21,SEARCH,2026-03-12T10:51:53.325067
1aeab7f6-de86-4010-bc33-de2b26dc48d9,4,SEARCH,2026-03-12T10:54:53.325067
c837742f-a090-4aef-a889-de4e3baf9ebf,2,SEARCH,2026-03-12T11:01:53.325067
48493cc2-eb14-4ea1-a460-40c419e10aaa,13,SEARCH,2026-03-12T11:06:53.325067
fcf4e7de-ac03-4e81-99f9-b10b754c96a3,8,SEARCH,2026-03-12T11:09:53.325067
b0f0703f-1ab9-4b58-a3a7-c5abaa6ccbee,29,PURCHASE,2026-03-12T11:19:53.325067
32363098-54ef-4853-93c8-083b04b5aa7f,27,PURCHASE,2026-03-12T11:30:53.325067
7981a1ff-35a7-4d84-9f26-48042b761273,22,SEARCH,2026-03-12T11:40:53.325067
c323d4f0-2ea5-4c35-9ed7-eb6f37c442a8,18,PURCHASE,2026-03-12T11:46:53.325067
53d42c57-4ffb-4e03-a869-2338cde94adf,28,SEARCH,2026-03-12T11:57:53.325067
9ccd0302-b258-442e-b66b-3c33a6f7b0eb,4,SEARCH,2026-03-12T11:58:53.325067
6c70e8d6-0101-4704-bb35-39d5e9ecd5c2,23,SEARCH,2026-03-12T12:01:53.325067
9c8f276e-86ba-4f0a-8a32-5ed55f5cc597,8,SEARCH,2026-03-12T12:08:53.325067
e8b648b5-cc25-4d43-904e-4c720bd6b748,17,PURCHASE,2026-03-12T12:21:53.325067
9ccd0302-b258-442e-b66b-3c33a6f7b0eb,8,PURCHASE,2026-03-12T12:26:53.325067
a9a7ad70-48a1-4c4b-a7d0-51e7f1c0081c,8,PURCHASE,2026-03-12T12:30:53.325067
575a857f-54be-428f-8863-5245aca9ebd4,18,SEARCH,2026-03-12T12:32:53.325067
fc14947a-d538-4d41-9ffe-e69397a72b32,15,SEARCH,2026-03-12T12:32:53.325067
d68a52f6-e14d-436a-b6bd-8a499a1e564d,12,PURCHASE,2026-03-12T12:47:53.325067
1e682063-354b-4a0a-b1fb-d4744df87fb1,23,SEARCH,2026-03-12T12:52:53.325067
5efcc330-6be7-47cb-97ac-647f1b2074af,7,SEARCH,2026-03-12T13:06:53.325067
b96b592a-4e5c-4d1b-accc-2777368aa4be,11,SEARCH,2026-03-12T13:19:53.325067
a3af1b4b-67a2-4c90-8b8f-e8de1f44596e,9,SEARCH,2026-03-12T13:40:53.325067
9463cdf4-2301-41a4-aba5-f74c1946ae9d,13,SEARCH,2026-03-12T14:12:53.325067
c0ddc42f-ccd4-4c30-8db6-7154bd9a32cd,21,SEARCH,2026-03-12T14:12:53.325067
f42190bc-15f2-4928-b31e-76e81ca22d83,31,SEARCH,2026-03-12T14:21:53.325067
a7b0a94f-8f1c-4958-b500-5144b98128ad,22,SEARCH,2026-03-12T14:24:53.325067
c21ec16c-cc3d-45fa-be76-9ffc68d79ae3,2,SEARCH,2026-03-12T14:33:53.325067
6b4554d8-ea98-424e-b4be-aab8653db58d,22,SEARCH,2026-03-12T14:55:53.325067
66a50361-a3ff-4a69-9662-265256095fda,8,SEARCH,2026-03-12T15:11:53.325067
153982c3-0a07-4f2c-bf34-6bc1b976aa1b,19,SEARCH,2026-03-12T15:15:53.325067
cb9726b6-0a1f-4ad1-8362-4a50548667ba,6,SEARCH,2026-03-12T15:18:53.325067
f7f334f6-5642-4135-a8e4-3ebf647136be,24,SEARCH,2026-03-12T15:28:53.325067
483f4ce6-409d-4630-911f-f580fc8e4081,11,SEARCH,2026-03-12T15:44:53.325067
e698bee2-3a4d-4773-bbb1-ea8778919f86,24,SEARCH,2026-03-12T15:55:53.325067
e698bee2-3a4d-4773-bbb1-ea8778919f86,23,SEARCH,2026-03-12T15:59:53.325067
5b5ca9f4-bcca-4a64-9f37-442e28c71e88,25,PURCHASE,2026-03-12T16:00:53.325067
d08f1b46-5424-4de2-9a3b-0c0c9a656260,26,SEARCH,2026-03-12T16:07:53.325067
bb2204d1-bf5a-4650-b7c2-af557946c2ff,8,SEARCH,2026-03-12T16:09:53.325067
8ff32a31-17ef-4383-b1da-c325a30d8972,10,PURCHASE,2026-03-12T16:37:53.325067
7f31a02d-6bf8-4c93-ae8c-a227e3dd4e1c,11,SEARCH,2026-03-12T16:38:53.325067
cb418dbd-a329-402b-a43c-3e3c06508991,20,SEARCH,2026-03-12T16:52:53.325067
e698bee2-3a4d-4773-bbb1-ea8778919f86,20,PURCHASE,2026-03-12T16:59:53.325067
c2c49c28-c2f2-414d-be9c-903e90fa7cb1,7,SEARCH,2026-03-12T17:15:53.325067
eea6fef7-54a8-4ff0-bdfb-923b4c4641ae,15,SEARCH,2026-03-12T17:19:53.325067
a002615b-76fb-4fc4-b07f-41e5ae4b2c8b,22,SEARCH,2026-03-12T17:20:53.325067
3543cf5f-f9e4-45cc-853e-61e31cdf3d23,11,SEARCH,2026-03-12T17:21:53.325067
c9a8645c-8abf-45a4-8122-dc0e289063fe,14,PURCHASE,2026-03-12T17:22:53.325067
77097335-9bf1-4ce5-a34c-c9cb92e53352,25,SEARCH,2026-03-12T17:30:53.325067
0cf97aed-2f42-42d3-ab87-67b1f77fd99f,27,SEARCH,2026-03-12T17:34:53.325067
6970fdd5-2a61-4aa5-b1ee-eca9ae7bbbd9,26,SEARCH,2026-03-12T17:56:53.325067
94e4d379-358e-468b-8f7c-126dbbb289fa,2,SEARCH,2026-03-12T18:15:53.325067
a7074121-cd9e-4595-a23e-5345f274fb8a,9,SEARCH,2026-03-12T18:25:53.325067
efeaa17c-3754-4025-b0fd-57188c4aef5e,27,SEARCH,2026-03-12T18:27:53.325067
f56e5db2-c63d-432e-ab21-652e585a1229,12,SEARCH,2026-03-12T18:28:53.325067
f491c077-9c9e-4db6-9825-b5c397ad2a60,22,SEARCH,2026-03-12T18:37:53.325067
9850d9a8-1839-4238-a5df-8f7edf2390ca,18,SEARCH,2026-03-12T18:41:53.325067
35d284a5-0206-48ba-940a-d3f5eeca6f5a,2,SEARCH,2026-03-12T19:06:53.325067
7c08278c-45df-4aec-a828-f8ec5848e626,10,SEARCH,2026-03-12T19:08:53.325067
e520989e-7717-4c98-b144-c70127cf42a1,11,SEARCH,2026-03-12T19:10:53.325067
03e12c65-f5c6-4994-a25f-4b40e3f5ce46,1,SEARCH,2026-03-12T19:11:53.325067
eea6fef7-54a8-4ff0-bdfb-923b4c4641ae,21,PURCHASE,2026-03-12T19:34:53.325067
c0f3be62-17ed-46b4-9717-2cebd19f20b6,16,SEARCH,2026-03-12T19:35:53.325067
6d5292b3-ee9a-4f00-b7a3-bc17f80f166f,7,SEARCH,2026-03-12T19:37:53.325067
53d42c57-4ffb-4e03-a869-2338cde94adf,17,SEARCH,2026-03-12T19:53:53.325067
f8651bba-e11f-4f31-9157-8ea01fc8309a,20,SEARCH,2026-03-12T20:07:53.325067
67e97542-b13e-4e00-97a5-cbbabea32b12,28,SEARCH,2026-03-12T20:08:53.325067
ab7e4d50-a6ed-4359-a257-ac576760a6f5,6,SEARCH,2026-03-12T20:12:53.325067
25f6d082-6a51-413b-9783-0f019a400f42,10,PURCHASE,2026-03-12T20:33:53.325067
2ac44fa5-420c-4322-8205-6f996ab44548,22,PURCHASE,2026-03-12T20:57:53.325067
659760cc-0f68-416d-a3b0-c36876d92e07,12,SEARCH,2026-03-12T20:58:53.325067
0e881dc0-e5d7-42ac-b53d-4ef8f745502a,16,SEARCH,2026-03-12T21:07:53.325067
1aeab7f6-de86-4010-bc33-de2b26dc48d9,15,SEARCH,2026-03-12T21:20:53.325067
e739eb39-5034-468c-b5e7-b7c1679c2f05,2,SEARCH,2026-03-12T21:34:53.325067
ddb8726e-1052-45d7-84f0-77d9b0847c39,25,SEARCH,2026-03-12T21:54:53.325067
3af5dfea-d509-43c2-b0d4-9fbc5a1f50eb,6,SEARCH,2026-03-12T22:04:53.325067
255a0ae0-2e95-4caf-95fc-b6b01608ce02,4,SEARCH,2026-03-12T22:20:53.325067
96e8c26e-0ec2-4efc-9437-af2b9dbaccd4,9,SEARCH,2026-03-12T22:20:53.325067
494a6b18-4354-4af1-89e1-cb307e55c9eb,14,SEARCH,2026-03-12T22:42:53.325067
28b67510-16da-4c77-896b-2ffba172b497,10,SEARCH,2026-03-12T22:44:53.325067
c14f5d5a-2027-47cf-8566-4878bc8b557d,9,SEARCH,2026-03-12T22:50:53.325067
49fd6910-4863-40e7-bee4-2397a54d89dd,17,SEARCH,2026-03-12T22:51:53.325067
0d626224-6601-4454-8228-d48324dffd72,6,SEARCH,2026-03-12T23:07:53.325067
5b5ca9f4-bcca-4a64-9f37-442e28c71e88,11,PURCHASE,2026-03-12T23:16:53.325067
952e40d1-9bb7-4e22-8bab-97cf9e8f7a1e,22,SEARCH,2026-03-12T23:31:53.325067
a104e888-08f8-401e-a3e4-e91eced010d5,14,SEARCH,2026-03-13T00:09:53.325067
483f4ce6-409d-4630-911f-f580fc8e4081,23,SEARCH,2026-03-13T00:18:53.325067
2d604157-6dd3-49cd-8d09-518c32ac42d1,10,SEARCH,2026-03-13T00:20:53.325067
adb57e5e-5a91-4d39-9039-d02a28817f53,17,SEARCH,2026-03-13T00:29:53.325067
72b6e864-78a7-4e9c-96fe-6840cbd0bd9e,20,SEARCH,2026-03-13T00:30:53.325067
a104e888-08f8-401e-a3e4-e91eced010d5,20,SEARCH,2026-03-13T00:33:53.325067
da2676de-00a0-4815-bd02-43e018860d96,15,SEARCH,2026-03-13T00:44:53.325067
90b8a8f0-b1ab-476a-9f6e-1b4935b5c76f,16,SEARCH,2026-03-13T01:03:53.325067
516c6646-8b42-45fa-9dc3-a3b89b1e4e26,2,SEARCH,2026-03-13T01:16:53.325067
4e8c9646-1deb-488d-8e1e-86a46ac95885,12,SEARCH,2026-03-13T01:26:53.325067
03e12c65-f5c6-4994-a25f-4b40e3f5ce46,24,SEARCH,2026-03-13T01:28:53.325067
26347d35-a405-4d26-8f05-e1e3606c040b,8,SEARCH,2026-03-13T01:30:53.325067
42052f5a-939c-4821-aaab-9e8fc026ddcd,25,SEARCH,2026-03-13T01:31:53.325067
e9a8ef61-8f21-4a1e-a326-fb36dd78499f,6,SEARCH,2026-03-13T01:38:53.325067
6b388271-763a-4a1e-b54d-9a41473d6cc7,18,PURCHASE,2026-03-13T01:48:53.325067
3dc5dc12-5c3f-41de-a6de-cb8ac60ae022,9,SEARCH,2026-03-13T01:58:53.325067
6865ed66-412e-4e21-83e6-46107262df72,15,SEARCH,2026-03-13T02:03:53.325067
f5a24716-0b1a-4022-9c26-9ba796ce0e0b,8,SEARCH,2026-03-13T02:24:53.325067
b392a2ea-6797-4320-9af3-01ba20730ada,12,SEARCH,2026-03-13T02:25:53.325067
0d626224-6601-4454-8228-d48324dffd72,10,SEARCH,2026-03-13T02:29:53.325067
e8108cd8-6fef-4a59-bd95-717b807705f7,11,SEARCH,2026-03-13T02:41:53.325067
82f01968-17c4-4417-a691-e7a2988e5978,24,SEARCH,2026-03-13T02:48:53.325067
1e682063-354b-4a0a-b1fb-d4744df87fb1,14,SEARCH,2026-03-13T03:04:53.325067
16e66dc7-20a0-40d0-b443-52fdad377a39,17,SEARCH,2026-03-13T03:10:53.325067
37fe6ce2-628b-4a7a-b843-6301327f59b9,11,SEARCH,2026-03-13T03:14:53.325067
30725a43-4ef2-4381-8299-b5e965efb313,5,SEARCH,2026-03-13T03:16:53.325067
41ee7aa6-429b-4629-8b57-1eb39489d14d,24,SEARCH,2026-03-13T03:21:53.325067
a21c5513-9d37-4926-9729-0f802f6f6304,8,SEARCH,2026-03-13T03:22:53.325067
2215fb8b-67c1-4f89-bfd5-52d068c5ca4f,15,SEARCH,2026-03-13T03:40:53.325067
5b48744a-3ab9-4929-b9b3-2a391792b2a6,24,SEARCH,2026-03-13T03:59:53.325067
ba8f0e72-3209-4387-a358-72c4c62ebad3,20,SEARCH,2026-03-13T04:00:53.325067
9f58599b-54cf-4662-9270-1c54f3d4385f,7,SEARCH,2026-03-13T04:02:53.325067
45ae47a9-2614-40b2-84b3-530b061ae6f3,10,SEARCH,2026-03-13T04:05:53.325067
590dfae6-1765-4981-abc4-9bfc8a8eb228,14,PURCHASE,2026-03-13T04:17:53.325067
53346a36-6f23-45f7-8089-1bd846183d7f,12,SEARCH,2026-03-13T04:19:53.325067
c64b9411-6286-45b6-9c58-4b7809b57cf9,23,SEARCH,2026-03-13T04:21:53.325067
b96b592a-4e5c-4d1b-accc-2777368aa4be,38,SEARCH,2026-03-13T04:36:53.325067
58a5a34c-bd4d-4ee6-bc1a-49fa95b55592,18,SEARCH,2026-03-13T04:57:53.325067
c79c14ee-62df-4edf-baef-0b521cd8b3a9,9,SEARCH,2026-03-13T05:03:53.325067
edc9014e-4596-4b2b-bf2c-4ce00a2724d1,4,SEARCH,2026-03-13T05:04:53.325067
40b0d04a-ac3a-497e-a265-a239bf90a988,5,SEARCH,2026-03-13T05:05:53.325067
7b0402c8-8b63-43fb-a207-85f2189eb508,12,PURCHASE,2026-03-13T05:09:53.325067
a7b0a94f-8f1c-4958-b500-5144b98128ad,8,SEARCH,2026-03-13T05:14:53.325067
f7f334f6-5642-4135-a8e4-3ebf647136be,4,SEARCH,2026-03-13T05:25:53.325067
a4856a37-4ff9-4684-b895-fa21a8cbd085,20,PURCHASE,2026-03-13T05:32:53.325067
e0a9d7da-890c-4d19-aa6d-18ae709ee7c3,14,SEARCH,2026-03-13T05:41:53.325067
65b00138-3ad1-4210-8326-f5f0f920a927,5,PURCHASE,2026-03-13T05:53:53.325067
5efcc330-6be7-47cb-97ac-647f1b2074af,28,SEARCH,2026-03-13T05:55:53.325067
7f6ddb48-9c93-4ada-b720-e394f9da044e,2,SEARCH,2026-03-13T05:57:53.325067
f42190bc-15f2-4928-b31e-76e81ca22d83,16,SEARCH,2026-03-13T06:01:53.325067
d9ca6b6a-45ce-4b4a-8b51-78b07e3e6adb,2,SEARCH,2026-03-13T06:03:53.325067
5de2bb93-220e-49e0-ab70-5c8617b7b4e9,34,PURCHASE,2026-03-13T06:05:53.325067
9647378f-753b-42a1-b37b-420d38ccf753,34,PURCHASE,2026-03-13T06:07:53.325067
a9346e7e-17e3-4628-ad19-3b8932ed9b4d,12,SEARCH,2026-03-13T06:20:53.325067
7c08278c-45df-4aec-a828-f8ec5848e626,9,SEARCH,2026-03-13T06:29:53.325067
4c682d9e-2f19-46a9-af00-13d29cfbdfb6,14,SEARCH,2026-03-13T06:43:53.325067
a35b5e7f-b562-4240-9e36-2a1fa2f5fe51,27,SEARCH,2026-03-13T06:46:53.325067
1a7c3d97-7767-4d24-b808-86c709c1b938,4,SEARCH,2026-03-13T06:47:53.325067
28d4420d-cf3a-4cd8-8912-bc9447596b91,9,SEARCH,2026-03-13T06:53:53.325067
c830beb8-36fa-491c-9280-eb536a6eeb4f,25,SEARCH,2026-03-13T06:54:53.325067
10736b4a-8fdb-4b0d-bcd2-3658eb891b12,6,PURCHASE,2026-03-13T06:56:53.325067
025da52c-3daa-4ade-be62-1f35affd5e4d,16,SEARCH,2026-03-13T06:57:53.325067
313a75c2-6499-4c10-ab25-7c04da298bcb,15,SEARCH,2026-03-13T07:14:53.325067
ea88356f-27fa-4a01-82ca-d699a940f2b2,15,SEARCH,2026-03-13T07:39:53.325067
8a0d91f3-a9bd-4807-b9a3-10a5660c7198,9,SEARCH,2026-03-13T07:46:53.325067
6c70e8d6-0101-4704-bb35-39d5e9ecd5c2,9,SEARCH,2026-03-13T07:59:53.325067
4453932d-0094-4102-b5e1-d4f9438748e5,19,SEARCH,2026-03-13T08:01:53.325067
9f58599b-54cf-4662-9270-1c54f3d4385f,9,SEARCH,2026-03-13T08:43:53.325067
242c3f83-43b1-408e-b05b-6fc2ed10168f,23,SEARCH,2026-03-13T08:53:53.325067
c5846c3d-3f65-4152-bf10-d1fef5f44b56,14,SEARCH,2026-03-13T09:01:53.325067
7ad89e3d-f89e-4d18-a766-5559b26f9aba,21,SEARCH,2026-03-13T09:11:53.325067
7b0402c8-8b63-43fb-a207-85f2189eb508,9,SEARCH,2026-03-13T09:15:53.325067
52abc553-3b64-471c-b98c-edcb66b4a155,11,SEARCH,2026-03-13T09:16:53.325067
585ff55e-0e22-4a24-8778-c481e8a8f372,25,SEARCH,2026-03-13T09:47:53.325067
d68a52f6-e14d-436a-b6bd-8a499a1e564d,11,SEARCH,2026-03-13T09:53:53.325067
939104dd-4d20-4b27-9fa0-d8f87d70973b,13,SEARCH,2026-03-13T09:55:53.325067
0d9df06b-fab6-464c-92e2-5a874d44718a,19,SEARCH,2026-03-13T10:16:53.325067
52a0a704-e6eb-40b0-9474-a2b9f3b1b933,28,SEARCH,2026-03-13T10:24:53.325067
cd353de9-6e32-40d6-9c2d-680726598e91,12,SEARCH,2026-03-13T10:26:53.325067
65b3a875-4c50-41b3-835e-05d868593233,11,SEARCH,2026-03-13T10:28:53.325067
902a18a8-02f3-4165-acd5-8d7ae962d613,15,PURCHASE,2026-03-13T10:28:53.325067
1065d688-efca-47ec-bfc1-67edc379d735,26,PURCHASE,2026-03-13T10:38:53.325067
f491c077-9c9e-4db6-9825-b5c397ad2a60,9,SEARCH,2026-03-13T10:42:53.325067
c2ed763e-ec0e-4b59-b7ff-b2d4bc4f294b,14,SEARCH,2026-03-13T11:03:53.325067
86d658a5-b15f-4ac1-a7fc-f30974f84164,9,SEARCH,2026-03-13T11:11:53.325067
571de027-be48-4045-b4cd-7124699f435e,30,SEARCH,2026-03-13T11:11:53.325067
622e8cf8-40ca-4030-b114-0140ec8889a1,24,SEARCH,2026-03-13T11:16:53.325067
abfb412e-37c0-489f-9efe-79058e16df0d,13,PURCHASE,2026-03-13T11:19:53.325067
08e72634-2463-427b-b483-84616f3685a4,12,PURCHASE,2026-03-13T11:28:53.325067
4453932d-0094-4102-b5e1-d4f9438748e5,11,PURCHASE,2026-03-13T11:29:53.325067
3af5dfea-d509-43c2-b0d4-9fbc5a1f50eb,12,SEARCH,2026-03-13T11:31:53.325067
abb9826b-4bb0-4c47-b79d-ea82adf92050,20,SEARCH,2026-03-13T11:58:53.325067
4febf5cb-8b1b-41fb-9f2a-ef336bf8dee3,26,SEARCH,2026-03-13T11:59:53.325067
a3af1b4b-67a2-4c90-8b8f-e8de1f44596e,17,SEARCH,2026-03-13T12:04:53.325067
4453932d-0094-4102-b5e1-d4f9438748e5,9,SEARCH,2026-03-13T12:15:53.325067
b4d8ef13-63c6-4cd5-8013-261faa512ff8,20,SEARCH,2026-03-13T12:17:53.325067
3c9f5f5e-4057-4f9b-bd74-b529ecfa677a,12,SEARCH,2026-03-13T12:24:53.325067
ed8d870f-57f0-4c43-81e2-8db499511c37,22,SEARCH,2026-03-13T12:28:53.325067
8aa4e24e-b641-4e27-90ad-ae70b2653a10,26,SEARCH,2026-03-13T12:37:53.325067
9463cdf4-2301-41a4-aba5-f74c1946ae9d,18,SEARCH,2026-03-13T12:46:53.325067
e520989e-7717-4c98-b144-c70127cf42a1,4,SEARCH,2026-03-13T12:55:53.325067
f7ead430-c618-4c5a-91a0-c628782dadfc,11,SEARCH,2026-03-13T12:59:53.325067
9463cdf4-2301-41a4-aba5-f74c1946ae9d,21,SEARCH,2026-03-13T13:01:53.325067
ed8d870f-57f0-4c43-81e2-8db499511c37,8,PURCHASE,2026-03-13T13:04:53.325067
79cb8b38-5cd9-4b11-bf31-20b782e0f357,37,SEARCH,2026-03-13T13:20:53.325067
bafee8fe-61e3-4094-8b70-c522f511b4e6,12,SEARCH,2026-03-13T13:29:53.325067
83cc2298-5978-4813-82b3-44bd610242d8,13,SEARCH,2026-03-13T13:36:53.325067
28b67510-16da-4c77-896b-2ffba172b497,18,SEARCH,2026-03-13T13:41:53.325067
756233ce-74a6-4cc7-81a8-d9f3d1e0ca29,18,SEARCH,2026-03-13T13:48:53.325067
482db056-98f2-4992-b2ac-4d904f495e51,18,SEARCH,2026-03-13T13:56:53.325067
59d71863-56d4-431a-b846-38c3ff9fa769,30,SEARCH,2026-03-13T14:04:53.325067
d7e15291-054f-4cef-9258-1af87c8a1dc4,23,SEARCH,2026-03-13T14:22:53.325067
7c08278c-45df-4aec-a828-f8ec5848e626,23,PURCHASE,2026-03-13T14:24:53.325067
c0be9d60-fe5a-420a-b129-7df87ddca226,14,SEARCH,2026-03-13T14:31:53.325067
d4770df7-1eb0-4af7-8f6f-e9563e68b661,15,PURCHASE,2026-03-13T14:32:53.325067
5b5ca9f4-bcca-4a64-9f37-442e28c71e88,21,SEARCH,2026-03-13T14:46:53.325067
58e6b90e-7ffb-4711-8a7a-d4cc429e2e2f,7,SEARCH,2026-03-13T15:02:53.325067
255a0ae0-2e95-4caf-95fc-b6b01608ce02,30,SEARCH,2026-03-13T15:13:53.325067
58f53eb2-ec53-4e5d-bb22-a1c097ab9cec,16,PURCHASE,2026-03-13T15:25:53.325067
6b11e257-0626-4984-b586-4da8c2814316,13,SEARCH,2026-03-13T15:26:53.325067
1a7c3d97-7767-4d24-b808-86c709c1b938,17,SEARCH,2026-03-13T15:28:53.325067
7e2ae8e8-578a-47ff-ad9a-ff2af99edb89,20,PURCHASE,2026-03-13T15:36:53.325067
1afa6b41-20e7-4505-992d-33ffad21857d,16,SEARCH,2026-03-13T15:39:53.325067
114a3a20-1ec3-41c7-9356-8bcf7aff63fa,13,SEARCH,2026-03-13T15:47:53.325067
585ff55e-0e22-4a24-8778-c481e8a8f372,20,SEARCH,2026-03-13T16:02:53.325067
7803904e-2247-4d5c-963f-ccd4ca26faf0,15,SEARCH,2026-03-13T16:10:53.325067
6c70e8d6-0101-4704-bb35-39d5e9ecd5c2,16,SEARCH,2026-03-13T16:32:53.325067
952e40d1-9bb7-4e22-8bab-97cf9e8f7a1e,14,SEARCH,2026-03-13T16:44:53.325067
84532ebd-82c9-4c67-b7ea-55c3ece9c7a4,4,SEARCH,2026-03-13T17:01:53.325067
bf25f2cc-5280-4b7d-955d-1f98969c2450,22,SEARCH,2026-03-13T17:28:53.325067
b635d7c5-712e-4ec6-b70c-134b9c948fd8,8,SEARCH,2026-03-13T17:28:53.325067
ff66b882-8c64-4453-96af-33ea3fc977ae,6,SEARCH,2026-03-13T17:35:53.325067
531e8327-da0a-43e5-89ad-4038b82508d7,19,SEARCH,2026-03-13T17:41:53.325067
39240802-bb56-4802-b2c3-7ce6909d2480,18,SEARCH,2026-03-13T17:56:53.325067
b2751dc4-94d4-455a-a9a4-41dda0314e2b,28,SEARCH,2026-03-13T18:06:53.325067
9f58599b-54cf-4662-9270-1c54f3d4385f,7,PURCHASE,2026-03-13T18:16:53.325067
69e263ee-7429-4a8d-8504-5817a13a7c44,4,SEARCH,2026-03-13T18:19:53.325067
a2c99087-55d9-47cd-89bf-ee21b3e28061,3,SEARCH,2026-03-13T18:20:53.325067
bbf8db0d-1781-4bf8-b19e-b0dfc9d06bab,5,PURCHASE,2026-03-13T18:45:53.325067
90b4b949-3ac4-4655-a229-286c9bd897ec,18,SEARCH,2026-03-13T18:58:53.325067
be27ad6a-f5a6-49b2-b27d-714f889c9ef0,13,PURCHASE,2026-03-13T19:22:53.325067
f491c077-9c9e-4db6-9825-b5c397ad2a60,22,SEARCH,2026-03-13T19:40:53.325067
1656ea37-9d31-40a9-89f2-4986e158ea4b,13,SEARCH,2026-03-13T19:57:53.325067
77be904d-ae03-46de-a946-154376326fac,19,SEARCH,2026-03-13T20:10:53.325067
d08f1b46-5424-4de2-9a3b-0c0c9a656260,16,SEARCH,2026-03-13T20:20:53.325067
efeaa17c-3754-4025-b0fd-57188c4aef5e,30,PURCHASE,2026-03-13T20:40:53.325067
952e40d1-9bb7-4e22-8bab-97cf9e8f7a1e,23,SEARCH,2026-03-13T20:41:53.325067
f5a24716-0b1a-4022-9c26-9ba796ce0e0b,7,PURCHASE,2026-03-13T20:44:53.325067
090b81e2-0e0d-44fd-be63-77c6570bb85a,21,SEARCH,2026-03-13T20:55:53.325067
b0f0703f-1ab9-4b58-a3a7-c5abaa6ccbee,19,PURCHASE,2026-03-13T21:00:53.325067
73061176-624e-40a7-ae78-fae7400aec38,11,SEARCH,2026-03-13T21:06:53.325067
bafee8fe-61e3-4094-8b70-c522f511b4e6,5,SEARCH,2026-03-13T21:12:53.325067
d5355a54-1fab-49ee-9adc-ab2f6e6d987b,18,SEARCH,2026-03-13T21:13:53.325067
edc9014e-4596-4b2b-bf2c-4ce00a2724d1,10,SEARCH,2026-03-13T21:27:53.325067
585ff55e-0e22-4a24-8778-c481e8a8f372,13,SEARCH,2026-03-13T21:40:53.325067
a9997e2c-1247-4e74-9f46-182e61dd09f2,20,SEARCH,2026-03-13T21:46:53.325067
9a65e84a-85cc-479a-9c97-480ce62d2100,22,SEARCH,2026-03-13T22:05:53.325067
6eab0579-7d84-4c14-93f7-7afac138240b,27,SEARCH,2026-03-13T22:10:53.325067
711674ac-dc45-4de7-9011-a7e336437ff1,11,SEARCH,2026-03-13T22:21:53.325067
fcf4e7de-ac03-4e81-99f9-b10b754c96a3,8,SEARCH,2026-03-13T22:22:53.325067
c830beb8-36fa-491c-9280-eb536a6eeb4f,6,SEARCH,2026-03-13T22:36:53.325067
81fe3ab1-8822-4b3c-9872-ef9cbd69657a,41,SEARCH,2026-03-13T22:42:53.325067
433f9cd8-a64b-42cc-8304-054b6770950f,26,SEARCH,2026-03-13T22:56:53.325067
d3a790da-c37a-4724-9a5c-988365751ae3,6,SEARCH,2026-03-13T23:21:53.325067
45ae47a9-2614-40b2-84b3-530b061ae6f3,11,SEARCH,2026-03-13T23:41:53.325067
f989b4c3-a07f-4c59-bf58-a8e48cb67c2c,13,SEARCH,2026-03-13T23:48:53.325067
74c694be-f2f1-48b5-9fbb-0a6233a71792,10,SEARCH,2026-03-13T23:56:53.325067
e739eb39-5034-468c-b5e7-b7c1679c2f05,23,SEARCH,2026-03-14T00:08:53.325067
9daf70ca-0e57-4862-90bc-00be9bbcd923,18,SEARCH,2026-03-14T00:11:53.325067
b53bf36e-44fa-4ab5-82db-853f44cf8e54,29,SEARCH,2026-03-14T00:21:53.325067
39356aa4-1005-4f5d-873e-2bedf8ab70b6,8,SEARCH,2026-03-14T00:23:53.325067
a41e8b1f-8ac5-43c0-8363-edbad92b0719,10,SEARCH,2026-03-14T00:25:53.325067
f42190bc-15f2-4928-b31e-76e81ca22d83,11,SEARCH,2026-03-14T00:38:53.325067
0e1e7889-c27a-483b-97db-e2eaa38fbfcd,1,PURCHASE,2026-03-14T00:58:53.325067
7a9371cb-01a9-499f-86f5-d0bd6452b509,5,SEARCH,2026-03-14T01:07:53.325067
61e2bd04-bc08-4f83-a50c-ca72347e4c0d,22,SEARCH,2026-03-14T01:19:53.325067
228f70d1-8981-4a30-9694-1d276a881382,15,PURCHASE,2026-03-14T01:22:53.325067
a3a3e7fd-0509-4231-a9f5-b23f1c697f12,18,SEARCH,2026-03-14T01:25:53.325067
1afa6b41-20e7-4505-992d-33ffad21857d,12,SEARCH,2026-03-14T01:27:53.325067
4738e68f-b0ba-40cf-a34e-28d8c2e45516,4,PURCHASE,2026-03-14T01:37:53.325067
78376492-dfe4-4410-8dc6-4d19ec461fec,8,SEARCH,2026-03-14T01:39:53.325067
d5355a54-1fab-49ee-9adc-ab2f6e6d987b,2,SEARCH,2026-03-14T01:42:53.325067
2b95a003-e0b9-4cd7-b99d-90bbfffcfde0,8,SEARCH,2026-03-14T01:59:53.325067
e713fcfa-0921-4f87-9b0b-f4fea9c533b3,7,SEARCH,2026-03-14T02:01:53.325067
a4a13f18-f3c2-4670-b91a-710b108d53a4,11,SEARCH,2026-03-14T02:51:53.325067
4ba1e89e-4107-41af-9d43-5feed90d28fc,17,SEARCH,2026-03-14T02:53:53.325067
cb418dbd-a329-402b-a43c-3e3c06508991,9,SEARCH,2026-03-14T03:02:53.325067
b2751dc4-94d4-455a-a9a4-41dda0314e2b,30,SEARCH,2026-03-14T03:07:53.325067
7b0402c8-8b63-43fb-a207-85f2189eb508,19,SEARCH,2026-03-14T03:29:53.325067
f7f334f6-5642-4135-a8e4-3ebf647136be,9,SEARCH,2026-03-14T03:43:53.325067
d9ca6b6a-45ce-4b4a-8b51-78b07e3e6adb,6,SEARCH,2026-03-14T03:44:53.325067
6b08405f-b4ce-42bd-9146-6292de6f1e65,7,PURCHASE,2026-03-14T03:50:53.325067
5bd2b13f-2c10-4795-b1e4-c9a840aaece9,17,SEARCH,2026-03-14T03:53:53.325067
7a9371cb-01a9-499f-86f5-d0bd6452b509,7,SEARCH,2026-03-14T04:05:53.325067
5efcc330-6be7-47cb-97ac-647f1b2074af,23,SEARCH,2026-03-14T04:06:53.325067
6491a90a-1252-4522-a4aa-568e054ea3e6,23,SEARCH,2026-03-14T04:40:53.325067
4bd6b982-dac9-4d73-b582-eeda940ab590,22,SEARCH,2026-03-14T04:43:53.325067
756233ce-74a6-4cc7-81a8-d9f3d1e0ca29,23,SEARCH,2026-03-14T05:21:53.325067
379e08e5-0428-4f95-a431-246914c078aa,7,SEARCH,2026-03-14T05:23:53.325067
a5194c33-76e7-4078-b66d-bc382b838987,8,SEARCH,2026-03-14T05:24:53.325067
3dc5dc12-5c3f-41de-a6de-cb8ac60ae022,8,SEARCH,2026-03-14T05:24:53.325067
79cb8b38-5cd9-4b11-bf31-20b782e0f357,9,SEARCH,2026-03-14T05:25:53.325067
4841323c-9834-439e-a84f-71a77a9d4d1c,25,SEARCH,2026-03-14T05:34:53.325067
efeaa17c-3754-4025-b0fd-57188c4aef5e,32,SEARCH,2026-03-14T05:38:53.325067
4738e68f-b0ba-40cf-a34e-28d8c2e45516,27,PURCHASE,2026-03-14T05:44:53.325067
ef6d8c59-0cd7-4538-85ec-fd90391165f7,11,SEARCH,2026-03-14T05:48:53.325067
918a7dab-fad0-4b26-8de2-2fcadd0fc18f,10,SEARCH,2026-03-14T06:23:53.325067
e52aaa84-a13e-4176-9949-70c69bd54d38,28,SEARCH,2026-03-14T06:24:53.325067
46ccf373-e384-449e-9168-3c0d8d3c2a87,9,PURCHASE,2026-03-14T06:39:53.325067
6b388271-763a-4a1e-b54d-9a41473d6cc7,5,SEARCH,2026-03-14T06:58:53.325067
52abc553-3b64-471c-b98c-edcb66b4a155,5,SEARCH,2026-03-14T07:02:53.325067
f7f334f6-5642-4135-a8e4-3ebf647136be,14,SEARCH,2026-03-14T07:15:53.325067
9345cf47-4508-4fcb-8fc2-de521160be73,11,SEARCH,2026-03-14T07:19:53.325067
1844715d-6c92-4eb9-b947-dc14a551090f,24,SEARCH,2026-03-14T07:23:53.325067
4a23856f-1744-4f2d-9fa5-e3b8a9c98d5d,9,SEARCH,2026-03-14T07:24:53.325067
a3af1b4b-67a2-4c90-8b8f-e8de1f44596e,12,SEARCH,2026-03-14T07:25:53.325067
74c694be-f2f1-48b5-9fbb-0a6233a71792,7,SEARCH,2026-03-14T07:35:53.325067
cd17b9bc-254b-4036-9136-94c57211675e,6,SEARCH,2026-03-14T07:36:53.325067
9f1cfd91-01fa-41a2-a636-af0b8b4ade9f,21,SEARCH,2026-03-14T07:36:53.325067
be9356ce-e999-4003-9fdd-02d9422dba77,17,SEARCH,2026-03-14T07:40:53.325067
96e8c26e-0ec2-4efc-9437-af2b9dbaccd4,18,SEARCH,2026-03-14T08:01:53.325067
19fa6e83-b771-4a97-ae21-c241e196de8e,14,SEARCH,2026-03-14T08:09:53.325067
cd353de9-6e32-40d6-9c2d-680726598e91,11,SEARCH,2026-03-14T08:11:53.325067
f81d9aac-045b-487b-8eb7-78f2e6c87ad6,8,SEARCH,2026-03-14T08:27:53.325067
08c339e5-d7df-4047-8cf4-d409a9dfb6ab,27,SEARCH,2026-03-14T08:40:53.325067
314b8cfb-73bd-4078-b4cf-a792e36bbd0d,18,SEARCH,2026-03-14T08:42:53.325067
482db056-98f2-4992-b2ac-4d904f495e51,39,SEARCH,2026-03-14T09:00:53.325067
58509eb1-425d-4ca5-81bd-306d21b3d8e4,12,SEARCH,2026-03-14T09:04:53.325067
bafee8fe-61e3-4094-8b70-c522f511b4e6,6,SEARCH,2026-03-14T09:07:53.325067
114a3a20-1ec3-41c7-9356-8bcf7aff63fa,6,SEARCH,2026-03-14T09:18:53.325067
c560c8ad-79bd-4d20-8c19-c023d548a907,30,SEARCH,2026-03-14T09:32:53.325067
e83eb82f-1852-4dc1-91a8-74d876cf69ef,20,SEARCH,2026-03-14T09:45:53.325067
1daf6cb5-b47b-4197-89f2-3e9e8659bdc1,13,SEARCH,2026-03-14T10:00:53.325067
b635d7c5-712e-4ec6-b70c-134b9c948fd8,29,SEARCH,2026-03-14T10:24:53.325067
b5ee5466-b470-4bfd-995c-77ee91769403,13,SEARCH,2026-03-14T10:32:53.325067
cd4ee3a2-47e1-4627-b2b7-51c6b6e70707,6,SEARCH,2026-03-14T10:35:53.325067
c5846c3d-3f65-4152-bf10-d1fef5f44b56,23,SEARCH,2026-03-14T10:46:53.325067
ffc7c64f-dde1-44f2-9cf7-74e6493333b1,13,SEARCH,2026-03-14T10:53:53.325067
c560c8ad-79bd-4d20-8c19-c023d548a907,16,SEARCH,2026-03-14T10:55:53.325067
a104e888-08f8-401e-a3e4-e91eced010d5,12,SEARCH,2026-03-14T11:01:53.325067
df13e12f-6ea3-4c43-8ff0-b64bee8abfd4,23,PURCHASE,2026-03-14T11:05:53.325067
9647378f-753b-42a1-b37b-420d38ccf753,12,SEARCH,2026-03-14T11:08:53.325067
da2676de-00a0-4815-bd02-43e018860d96,13,SEARCH,2026-03-14T11:15:53.325067
83cc2298-5978-4813-82b3-44bd610242d8,23,SEARCH,2026-03-14T11:18:53.325067
622e8cf8-40ca-4030-b114-0140ec8889a1,24,SEARCH,2026-03-14T11:19:53.325067
a4a13f18-f3c2-4670-b91a-710b108d53a4,10,SEARCH,2026-03-14T11:22:53.325067
8e4ec77c-6c3e-43c0-9afa-ef07d9f92ffd,23,SEARCH,2026-03-14T11:23:53.325067
7b0402c8-8b63-43fb-a207-85f2189eb508,37,SEARCH,2026-03-14T11:36:53.325067
b53efe65-64f1-49cd-b06b-498b73ec1364,6,SEARCH,2026-03-14T11:38:53.325067
9c8f276e-86ba-4f0a-8a32-5ed55f5cc597,28,SEARCH,2026-03-14T12:10:53.325067
9345cf47-4508-4fcb-8fc2-de521160be73,14,SEARCH,2026-03-14T12:11:53.325067
01e53c67-0cb2-4f21-8eee-ef6246003908,15,SEARCH,2026-03-14T12:13:53.325067
b96b592a-4e5c-4d1b-accc-2777368aa4be,2,SEARCH,2026-03-14T12:14:53.325067
a7074121-cd9e-4595-a23e-5345f274fb8a,15,SEARCH,2026-03-14T12:19:53.325067
27116756-15f1-4e13-84ae-412fb8a0372d,25,SEARCH,2026-03-14T12:28:53.325067
ff66b882-8c64-4453-96af-33ea3fc977ae,18,SEARCH,2026-03-14T12:48:53.325067
94e4d379-358e-468b-8f7c-126dbbb289fa,17,SEARCH,2026-03-14T12:54:53.325067
46ccf373-e384-449e-9168-3c0d8d3c2a87,10,SEARCH,2026-03-14T13:00:53.325067
4ba1e89e-4107-41af-9d43-5feed90d28fc,14,SEARCH,2026-03-14T13:06:53.325067
984775f1-a021-46d8-b8f7-f7c4a7db6d81,8,SEARCH,2026-03-14T13:10:53.325067
c14f5d5a-2027-47cf-8566-4878bc8b557d,41,SEARCH,2026-03-14T13:13:53.325067
902a18a8-02f3-4165-acd5-8d7ae962d613,10,SEARCH,2026-03-14T13:15:53.325067
58f53eb2-ec53-4e5d-bb22-a1c097ab9cec,15,SEARCH,2026-03-14T13:26:53.325067
023d151c-6757-4419-87e2-88e1c2687a07,30,SEARCH,2026-03-14T13:27:53.325067
27116756-15f1-4e13-84ae-412fb8a0372d,15,PURCHASE,2026-03-14T13:27:53.325067
2d604157-6dd3-49cd-8d09-518c32ac42d1,9,SEARCH,2026-03-14T13:30:53.325067
90106b81-6da1-4962-b339-2e4818d625ca,19,PURCHASE,2026-03-14T13:32:53.325067
49fe03be-dcd7-468e-94c9-5e30bdcf9474,19,PURCHASE,2026-03-14T13:34:53.325067
c5846c3d-3f65-4152-bf10-d1fef5f44b56,6,SEARCH,2026-03-14T13:38:53.325067
9ccd0da8-437a-4a8f-a695-55c0be365599,13,SEARCH,2026-03-14T13:39:53.325067
a41e8b1f-8ac5-43c0-8363-edbad92b0719,17,SEARCH,2026-03-14T13:52:53.325067
9345cf47-4508-4fcb-8fc2-de521160be73,13,SEARCH,2026-03-14T13:54:53.325067
d714b999-3c14-4075-87a4-786b3d3df991,7,SEARCH,2026-03-14T14:06:53.325067
920036aa-1e46-4c61-b723-5f6d549697b4,17,SEARCH,2026-03-14T14:08:53.325067
e9903e8d-7458-4f4f-9745-a59f893cc56c,19,PURCHASE,2026-03-14T14:20:53.325067
1844715d-6c92-4eb9-b947-dc14a551090f,15,SEARCH,2026-03-14T14:32:53.325067
e9a8ef61-8f21-4a1e-a326-fb36dd78499f,3,SEARCH,2026-03-14T14:41:53.325067
905d306a-e61c-4450-8d56-c3c9d8cf6ec1,5,PURCHASE,2026-03-14T14:42:53.325067
45b4e5b2-5e91-4e33-a1f3-bcc3cd492b2b,17,SEARCH,2026-03-14T14:45:53.325067
abfb412e-37c0-489f-9efe-79058e16df0d,5,SEARCH,2026-03-14T14:49:53.325067
a583ef34-aa92-4f8d-b127-f99f7b6f094a,17,SEARCH,2026-03-14T14:58:53.325067
8aa4e24e-b641-4e27-90ad-ae70b2653a10,19,SEARCH,2026-03-14T15:01:53.325067
bafee8fe-61e3-4094-8b70-c522f511b4e6,10,SEARCH,2026-03-14T15:04:53.325067
153982c3-0a07-4f2c-bf34-6bc1b976aa1b,11,PURCHASE,2026-03-14T15:16:53.325067
7583157b-c485-47ba-a784-d27950bebdca,11,SEARCH,2026-03-14T15:18:53.325067
3e090f07-9e2c-4ad5-9519-d9f09eddd069,6,SEARCH,2026-03-14T15:20:53.325067
90b4b949-3ac4-4655-a229-286c9bd897ec,9,SEARCH,2026-03-14T15:26:53.325067
f989b4c3-a07f-4c59-bf58-a8e48cb67c2c,7,SEARCH,2026-03-14T15:27:53.325067
a809b711-aa64-4474-8e48-d243ab6f8baf,15,SEARCH,2026-03-14T15:28:53.325067
46d4641b-2c5a-41da-b0c1-daae8c4e9be9,26,SEARCH,2026-03-14T15:43:53.325067
19fa6e83-b771-4a97-ae21-c241e196de8e,9,SEARCH,2026-03-14T16:06:53.325067
aa6b21a4-8c72-4957-9afa-6231cd81b533,30,SEARCH,2026-03-14T16:08:53.325067
ab10de25-9543-4ead-9a7e-ef5d55b2e648,19,SEARCH,2026-03-14T16:19:53.325067
425260d4-ed1f-4c19-9d2d-5fad0141f6c5,6,SEARCH,2026-03-14T16:20:53.325067
fc0f0f36-1dd0-4cf1-9125-bd9cef554e1a,36,SEARCH,2026-03-14T16:23:53.325067
7981a1ff-35a7-4d84-9f26-48042b761273,12,SEARCH,2026-03-14T16:35:53.325067
4bd6b982-dac9-4d73-b582-eeda940ab590,18,SEARCH,2026-03-14T17:01:53.325067
3a5fc1da-6412-4109-81e5-e7e06b0c788e,25,SEARCH,2026-03-14T17:03:53.325067
ab10de25-9543-4ead-9a7e-ef5d55b2e648,5,SEARCH,2026-03-14T17:05:53.325067
30725a43-4ef2-4381-8299-b5e965efb313,6,SEARCH,2026-03-14T17:06:53.325067
bb2204d1-bf5a-4650-b7c2-af557946c2ff,30,PURCHASE,2026-03-14T17:21:53.325067
939104dd-4d20-4b27-9fa0-d8f87d70973b,9,PURCHASE,2026-03-14T17:28:53.325067
b53efe65-64f1-49cd-b06b-498b73ec1364,29,SEARCH,2026-03-14T17:50:53.325067
2d604157-6dd3-49cd-8d09-518c32ac42d1,15,SEARCH,2026-03-14T17:51:53.325067
670178d5-1be2-43b8-ae51-c78b6e95596d,10,PURCHASE,2026-03-14T17:57:53.325067
f7e6ad3f-60cf-4047-b794-461ca3dca627,17,SEARCH,2026-03-14T18:03:53.325067
08c339e5-d7df-4047-8cf4-d409a9dfb6ab,6,SEARCH,2026-03-14T18:07:53.325067
4601a6c8-8df1-44ae-9935-ace3346f3fb3,17,SEARCH,2026-03-14T18:09:53.325067
aa5b2f50-8c9f-47cd-9860-186f7200044e,2,SEARCH,2026-03-14T18:33:53.325067
4601a6c8-8df1-44ae-9935-ace3346f3fb3,16,SEARCH,2026-03-14T18:34:53.325067
45b4e5b2-5e91-4e33-a1f3-bcc3cd492b2b,29,SEARCH,2026-03-14T18:40:53.325067
cd4ee3a2-47e1-4627-b2b7-51c6b6e70707,5,SEARCH,2026-03-14T18:52:53.325067
4c682d9e-2f19-46a9-af00-13d29cfbdfb6,14,SEARCH,2026-03-14T18:54:53.325067
8bbf9955-a497-4453-a7a3-7675c8c98080,23,SEARCH,2026-03-14T19:00:53.325067
08e72634-2463-427b-b483-84616f3685a4,10,PURCHASE,2026-03-14T19:12:53.325067
c837742f-a090-4aef-a889-de4e3baf9ebf,27,SEARCH,2026-03-14T19:18:53.325067
d37ea336-c09e-43fc-98d9-b4fa1cbdfe96,8,SEARCH,2026-03-14T19:30:53.325067
2b95a003-e0b9-4cd7-b99d-90bbfffcfde0,17,SEARCH,2026-03-14T19:38:53.325067
182ef987-a6d6-4329-abe8-2da0782d5dfb,3,SEARCH,2026-03-14T19:44:53.325067
6a337bfb-e9cc-4380-b663-66489efc264e,15,SEARCH,2026-03-14T19:48:53.325067
beac9ba3-aa64-4f03-b94a-7023bf75b478,9,SEARCH,2026-03-14T19:56:53.325067
30105cba-fafd-492e-be7e-b1e0ac9e282d,16,SEARCH,2026-03-14T20:02:53.325067
a9a7ad70-48a1-4c4b-a7d0-51e7f1c0081c,15,PURCHASE,2026-03-14T20:10:53.325067
eae4987c-f9cc-4e78-ac55-f53f9f963a42,14,SEARCH,2026-03-14T20:12:53.325067
a2e7871b-6fe3-4322-aa44-f620c1694932,18,SEARCH,2026-03-14T20:14:53.325067
cfcaaa68-2c98-4f75-81fb-468ef00b4e72,9,SEARCH,2026-03-14T20:20:53.325067
9da8e83a-ee12-4409-965b-324e3e2198fa,30,SEARCH,2026-03-14T20:26:53.325067
fcb22bfc-6128-495e-be2c-b0a43c231973,21,PURCHASE,2026-03-14T20:34:53.325067
a4856a37-4ff9-4684-b895-fa21a8cbd085,9,SEARCH,2026-03-14T20:40:53.325067
d68a52f6-e14d-436a-b6bd-8a499a1e564d,10,SEARCH,2026-03-14T20:55:53.325067
f71f8f90-fd42-4dbf-a735-c02dba113881,16,SEARCH,2026-03-14T21:20:53.325067
abfb412e-37c0-489f-9efe-79058e16df0d,5,SEARCH,2026-03-14T21:29:53.325067
8a0d91f3-a9bd-4807-b9a3-10a5660c7198,37,SEARCH,2026-03-14T21:36:53.325067
be9356ce-e999-4003-9fdd-02d9422dba77,20,SEARCH,2026-03-14T21:57:53.325067
cd17b9bc-254b-4036-9136-94c57211675e,9,SEARCH,2026-03-14T22:03:53.325067
81fe3ab1-8822-4b3c-9872-ef9cbd69657a,7,PURCHASE,2026-03-14T22:04:53.325067
18e9d94d-07bd-4efa-be63-e36cea6f79a4,11,SEARCH,2026-03-14T22:15:53.325067
be27ad6a-f5a6-49b2-b27d-714f889c9ef0,12,SEARCH,2026-03-14T22:20:53.325067
95118bab-6ddb-43da-877d-761917f1c52b,17,SEARCH,2026-03-14T22:39:53.325067
1065d688-efca-47ec-bfc1-67edc379d735,17,SEARCH,2026-03-14T22:41:53.325067
b4f47da9-9f4e-4b98-ae9c-bb815ae1bed4,26,SEARCH,2026-03-14T23:09:53.325067
518d1791-c480-4d43-9842-025adce0018a,11,SEARCH,2026-03-14T23:29:53.325067
59d71863-56d4-431a-b846-38c3ff9fa769,12,SEARCH,2026-03-14T23:41:53.325067
9b42292f-a51f-4d75-8725-5d2ab7b41c74,11,SEARCH,2026-03-14T23:44:53.325067
69e263ee-7429-4a8d-8504-5817a13a7c44,24,SEARCH,2026-03-14T23:47:53.325067
beac9ba3-aa64-4f03-b94a-7023bf75b478,2,PURCHASE,2026-03-15T00:13:53.325067
3a5fc1da-6412-4109-81e5-e7e06b0c788e,6,SEARCH,2026-03-15T00:24:53.325067
89ee4286-f4a6-40b0-9d45-6041c20cfcb1,3,SEARCH,2026-03-15T00:41:53.325067
0007b2db-6653-42bd-8ba0-71309134929e,5,SEARCH,2026-03-15T00:49:53.325067
20f0883d-d9be-484b-b68a-a5737eeae40a,4,SEARCH,2026-03-15T00:57:53.325067
ff9c1a41-68e5-45af-b6a7-b78af120e27c,5,SEARCH,2026-03-15T01:00:53.325067
e9903e8d-7458-4f4f-9745-a59f893cc56c,16,SEARCH,2026-03-15T01:14:53.325067
905d306a-e61c-4450-8d56-c3c9d8cf6ec1,26,SEARCH,2026-03-15T01:47:53.325067
5efcc330-6be7-47cb-97ac-647f1b2074af,17,SEARCH,2026-03-15T01:53:53.325067
7ad89e3d-f89e-4d18-a766-5559b26f9aba,6,SEARCH,2026-03-15T01:54:53.325067
2ac44fa5-420c-4322-8205-6f996ab44548,20,SEARCH,2026-03-15T01:54:53.325067
b635d7c5-712e-4ec6-b70c-134b9c948fd8,10,SEARCH,2026-03-15T01:54:53.325067
0eb92297-0d4f-4289-8e1e-473d7a621960,11,PURCHASE,2026-03-15T02:15:53.325067
61eeeca9-226b-4492-9998-205f7a300447,23,SEARCH,2026-03-15T03:05:53.325067
e520989e-7717-4c98-b144-c70127cf42a1,23,SEARCH,2026-03-15T03:06:53.325067
d58a8e77-5dfb-4e2a-9cb2-4ca81ba24791,19,SEARCH,2026-03-15T03:27:53.325067
952e40d1-9bb7-4e22-8bab-97cf9e8f7a1e,25,SEARCH,2026-03-15T03:32:53.325067
a266d188-7a9f-4b44-b73e-2d7af82b6ca9,18,PURCHASE,2026-03-15T03:46:53.325067
756233ce-74a6-4cc7-81a8-d9f3d1e0ca29,11,SEARCH,2026-03-15T03:53:53.325067
d7e15291-054f-4cef-9258-1af87c8a1dc4,26,SEARCH,2026-03-15T04:06:53.325067
ff66b882-8c64-4453-96af-33ea3fc977ae,11,SEARCH,2026-03-15T04:19:53.325067
025da52c-3daa-4ade-be62-1f35affd5e4d,9,SEARCH,2026-03-15T05:06:53.325067
3543cf5f-f9e4-45cc-853e-61e31cdf3d23,8,PURCHASE,2026-03-15T05:13:53.325067
15638f0f-2c5f-4501-accc-7180adec7352,10,PURCHASE,2026-03-15T05:22:53.325067
03e12c65-f5c6-4994-a25f-4b40e3f5ce46,13,SEARCH,2026-03-15T05:29:53.325067
6b388271-763a-4a1e-b54d-9a41473d6cc7,6,PURCHASE,2026-03-15T05:29:53.325067
eae4987c-f9cc-4e78-ac55-f53f9f963a42,21,SEARCH,2026-03-15T05:47:53.325067
71852831-90ad-4deb-9abc-4a1baee33cb6,5,PURCHASE,2026-03-15T05:49:53.325067
cb9726b6-0a1f-4ad1-8362-4a50548667ba,25,SEARCH,2026-03-15T05:49:53.325067
b392a2ea-6797-4320-9af3-01ba20730ada,17,SEARCH,2026-03-15T06:01:53.325067
6b4554d8-ea98-424e-b4be-aab8653db58d,14,SEARCH,2026-03-15T06:13:53.325067
a411d6a4-de67-444c-a8c0-308e8d06e7f9,22,SEARCH,2026-03-15T06:19:53.325067
9ccd0da8-437a-4a8f-a695-55c0be365599,17,SEARCH,2026-03-15T06:50:53.325067
1656ea37-9d31-40a9-89f2-4986e158ea4b,13,SEARCH,2026-03-15T07:01:53.325067
80cc2ae5-5000-4948-82e6-cd47416f1529,23,SEARCH,2026-03-15T07:10:53.325067
9daf70ca-0e57-4862-90bc-00be9bbcd923,31,SEARCH,2026-03-15T07:17:53.325067
6b4554d8-ea98-424e-b4be-aab8653db58d,23,PURCHASE,2026-03-15T07:25:53.325067
8fb04133-739c-4977-b1b4-50e729b3b1a9,8,SEARCH,2026-03-15T07:28:53.325067
f549fe2e-bad5-4330-ad02-22ce552041a3,3,SEARCH,2026-03-15T07:38:53.325067
a583ef34-aa92-4f8d-b127-f99f7b6f094a,13,SEARCH,2026-03-15T07:39:53.325067
05ecab31-be05-4cdd-97bd-8fa1a1d86061,17,PURCHASE,2026-03-15T07:39:53.325067
997877d2-c5e2-4aff-ab06-e7dfd522f8cf,8,SEARCH,2026-03-15T08:08:53.325067
79332f3d-1eed-42f9-a7c7-9f511c98e52b,16,SEARCH,2026-03-15T08:10:53.325067
94e4d379-358e-468b-8f7c-126dbbb289fa,28,PURCHASE,2026-03-15T08:12:53.325067
b4d8ef13-63c6-4cd5-8013-261faa512ff8,26,SEARCH,2026-03-15T08:17:53.325067
9da8e83a-ee12-4409-965b-324e3e2198fa,12,SEARCH,2026-03-15T08:17:53.325067
905d306a-e61c-4450-8d56-c3c9d8cf6ec1,4,SEARCH,2026-03-15T08:25:53.325067
a3af1b4b-67a2-4c90-8b8f-e8de1f44596e,9,PURCHASE,2026-03-15T08:38:53.325067
1548e1ba-cfa7-4b92-8268-97da7eddff49,23,SEARCH,2026-03-15T08:44:53.325067
4a23856f-1744-4f2d-9fa5-e3b8a9c98d5d,26,PURCHASE,2026-03-15T08:52:53.325067
30725a43-4ef2-4381-8299-b5e965efb313,4,SEARCH,2026-03-15T08:55:53.325067
46d4641b-2c5a-41da-b0c1-daae8c4e9be9,16,SEARCH,2026-03-15T09:00:53.325067
20f0883d-d9be-484b-b68a-a5737eeae40a,8,PURCHASE,2026-03-15T09:03:53.325067
147ac0ae-d8fe-4eed-8053-f2e45c8d9a0b,29,SEARCH,2026-03-15T09:03:53.325067
6a02f2af-bf52-4219-a484-36c3503deea8,11,SEARCH,2026-03-15T09:06:53.325067
a8f93f6a-d3b2-4b87-88d5-5c8e35fb44da,8,SEARCH,2026-03-15T09:06:53.325067
e698bee2-3a4d-4773-bbb1-ea8778919f86,17,PURCHASE,2026-03-15T09:06:53.325067
8cb126e9-21f0-4b02-90b2-c15e6504b750,18,PURCHASE,2026-03-15T09:10:53.325067
659760cc-0f68-416d-a3b0-c36876d92e07,24,SEARCH,2026-03-15T09:23:53.325067
b635d7c5-712e-4ec6-b70c-134b9c948fd8,15,SEARCH,2026-03-15T09:48:53.325067
b0f0703f-1ab9-4b58-a3a7-c5abaa6ccbee,15,SEARCH,2026-03-15T09:58:53.325067
20f0883d-d9be-484b-b68a-a5737eeae40a,11,PURCHASE,2026-03-15T10:01:53.325067
9f1cfd91-01fa-41a2-a636-af0b8b4ade9f,11,SEARCH,2026-03-15T10:06:53.325067
890da6f7-a41d-4719-9d26-58ed800a02f8,17,PURCHASE,2026-03-15T10:08:53.325067
ffc7c64f-dde1-44f2-9cf7-74e6493333b1,19,SEARCH,2026-03-15T10:11:53.325067
13226df5-061b-4a9f-b90c-461443dc42a6,20,PURCHASE,2026-03-15T10:25:53.325067
8ae31719-bfe7-462d-98c9-062cc514b618,18,PURCHASE,2026-03-15T10:28:53.325067
771db771-b160-40df-bdda-3c4effd1c9b7,10,SEARCH,2026-03-15T10:34:53.325067
5efcc330-6be7-47cb-97ac-647f1b2074af,22,SEARCH,2026-03-15T10:35:53.325067
d58a8e77-5dfb-4e2a-9cb2-4ca81ba24791,32,PURCHASE,2026-03-15T10:37:53.325067
1b14a076-d2ef-4e4a-b995-407e692c52c0,6,SEARCH,2026-03-15T10:37:53.325067
147ac0ae-d8fe-4eed-8053-f2e45c8d9a0b,6,SEARCH,2026-03-15T10:59:53.325067
7c08278c-45df-4aec-a828-f8ec5848e626,7,SEARCH,2026-03-15T11:02:53.325067
6b3f9a86-54b2-440b-bc2e-1b1f1c640d49,11,SEARCH,2026-03-15T11:02:53.325067
79332f3d-1eed-42f9-a7c7-9f511c98e52b,15,SEARCH,2026-03-15T11:09:53.325067
c64b9411-6286-45b6-9c58-4b7809b57cf9,19,SEARCH,2026-03-15T11:58:53.325067
abb9826b-4bb0-4c47-b79d-ea82adf92050,1,SEARCH,2026-03-15T12:01:53.325067
9f1cfd91-01fa-41a2-a636-af0b8b4ade9f,16,SEARCH,2026-03-15T12:01:53.325067
918a7dab-fad0-4b26-8de2-2fcadd0fc18f,23,PURCHASE,2026-03-15T12:12:53.325067
c14f5d5a-2027-47cf-8566-4878bc8b557d,20,SEARCH,2026-03-15T12:19:53.325067
a3af1b4b-67a2-4c90-8b8f-e8de1f44596e,22,SEARCH,2026-03-15T12:27:53.325067
10736b4a-8fdb-4b0d-bcd2-3658eb891b12,11,SEARCH,2026-03-15T12:29:53.325067
a4a13f18-f3c2-4670-b91a-710b108d53a4,14,SEARCH,2026-03-15T12:45:53.325067
c9a94ebb-ba55-4f77-a535-b3b156e8cd6c,5,SEARCH,2026-03-15T13:02:53.325067
aa5b2f50-8c9f-47cd-9860-186f7200044e,19,SEARCH,2026-03-15T13:11:53.325067
b392a2ea-6797-4320-9af3-01ba20730ada,11,SEARCH,2026-03-15T13:25:53.325067
51190cd5-9692-45e9-81a0-31ea67943df9,6,PURCHASE,2026-03-15T13:30:53.325067
f539cbba-8e63-49a0-888f-a69e5387f5e7,21,PURCHASE,2026-03-15T13:37:53.325067
25a9a47e-8243-4dd7-a1ea-c6a1291bd002,14,SEARCH,2026-03-15T13:44:53.325067
5b5ca9f4-bcca-4a64-9f37-442e28c71e88,13,SEARCH,2026-03-15T13:50:53.325067
ef6d8c59-0cd7-4538-85ec-fd90391165f7,38,PURCHASE,2026-03-15T13:53:53.325067
33163f98-d950-4322-9e3b-be0c9314f97f,21,SEARCH,2026-03-15T13:56:53.325067
b35e0ba4-5b13-4e14-8262-969524977292,7,SEARCH,2026-03-15T14:04:53.325067
4d036e41-d90b-41cf-9073-34efdbe8ec2e,8,SEARCH,2026-03-15T14:27:53.325067
52685bf4-2338-4240-931f-2fa58bd2e882,26,SEARCH,2026-03-15T14:28:53.325067
0136a4e4-4cf3-4568-a345-e6c1ac040b27,11,SEARCH,2026-03-15T14:39:53.325067
5e8f98d1-7eb6-4588-a7aa-75e76da460aa,4,PURCHASE,2026-03-15T14:45:53.325067
41ee7aa6-429b-4629-8b57-1eb39489d14d,7,SEARCH,2026-03-15T15:01:53.325067
46ccf373-e384-449e-9168-3c0d8d3c2a87,5,SEARCH,2026-03-15T15:07:53.325067
f56e5db2-c63d-432e-ab21-652e585a1229,7,SEARCH,2026-03-15T15:21:53.325067
d7e77be1-9611-427c-9c23-b257a02e74d2,14,SEARCH,2026-03-15T15:31:53.325067
8e4ec77c-6c3e-43c0-9afa-ef07d9f92ffd,12,PURCHASE,2026-03-15T15:42:53.325067
990e87ab-835e-4dc4-8e87-09a6add62ed7,8,SEARCH,2026-03-15T15:55:53.325067
5b48744a-3ab9-4929-b9b3-2a391792b2a6,19,SEARCH,2026-03-15T15:59:53.325067
631e86cf-35a6-4045-af3c-160a94ce637b,17,SEARCH,2026-03-15T16:12:53.325067
73061176-624e-40a7-ae78-fae7400aec38,10,SEARCH,2026-03-15T16:22:53.325067
53d42c57-4ffb-4e03-a869-2338cde94adf,16,SEARCH,2026-03-15T16:33:53.325067
fd9d531f-1f9b-4f29-b369-cdd3f6f82fd7,8,SEARCH,2026-03-15T16:45:53.325067
6970fdd5-2a61-4aa5-b1ee-eca9ae7bbbd9,16,SEARCH,2026-03-15T16:49:53.325067
df596bcd-5a68-47cc-a9bd-570b97482ed5,2,SEARCH,2026-03-15T16:49:53.325067
425260d4-ed1f-4c19-9d2d-5fad0141f6c5,9,SEARCH,2026-03-15T16:55:53.325067
0eb92297-0d4f-4289-8e1e-473d7a621960,13,SEARCH,2026-03-15T17:02:53.325067
b6a94374-7d42-4029-a262-dbf92b8615ed,12,PURCHASE,2026-03-15T17:08:53.325067
83cc2298-5978-4813-82b3-44bd610242d8,23,SEARCH,2026-03-15T17:12:53.325067
7583157b-c485-47ba-a784-d27950bebdca,23,SEARCH,2026-03-15T17:20:53.325067
d6f65542-48fa-4984-bb0f-49c757934d5a,20,SEARCH,2026-03-15T17:33:53.325067
f7ead430-c618-4c5a-91a0-c628782dadfc,17,SEARCH,2026-03-15T17:43:53.325067
1656ea37-9d31-40a9-89f2-4986e158ea4b,4,PURCHASE,2026-03-15T17:46:53.325067
756233ce-74a6-4cc7-81a8-d9f3d1e0ca29,13,PURCHASE,2026-03-15T17:49:53.325067
6b11e257-0626-4984-b586-4da8c2814316,4,SEARCH,2026-03-15T17:52:53.325067
46ccf373-e384-449e-9168-3c0d8d3c2a87,10,SEARCH,2026-03-15T17:59:53.325067
c0be9d60-fe5a-420a-b129-7df87ddca226,22,SEARCH,2026-03-15T18:04:53.325067
c830beb8-36fa-491c-9280-eb536a6eeb4f,16,SEARCH,2026-03-15T18:09:53.325067
d5355a54-1fab-49ee-9adc-ab2f6e6d987b,26,SEARCH,2026-03-15T18:30:53.325067
1bc4281b-e7ff-46f0-95f9-a753144c12f5,14,SEARCH,2026-03-15T18:41:53.325067
1065d688-efca-47ec-bfc1-67edc379d735,10,SEARCH,2026-03-15T18:48:53.325067
b5ee5466-b470-4bfd-995c-77ee91769403,3,SEARCH,2026-03-15T18:49:53.325067
e518304f-f0c2-4d0e-b24c-df7c91bc9983,28,SEARCH,2026-03-15T18:55:53.325067
abb9826b-4bb0-4c47-b79d-ea82adf92050,35,SEARCH,2026-03-15T19:01:53.325067
57a84dbf-f52a-40c1-8835-0ceaefc725f0,14,SEARCH,2026-03-15T19:02:53.325067
73fe18cf-94b1-4974-bdc7-7cc358c52e03,16,SEARCH,2026-03-15T19:06:53.325067
518d1791-c480-4d43-9842-025adce0018a,33,SEARCH,2026-03-15T19:21:53.325067
499e0a6a-0709-4df6-82f3-c75fa0ae73db,13,SEARCH,2026-03-15T19:25:53.325067
e9a8ef61-8f21-4a1e-a326-fb36dd78499f,6,SEARCH,2026-03-15T19:45:53.325067
f5f14641-d463-40f3-84cb-e86ebe1ddd5a,13,SEARCH,2026-03-15T19:48:53.325067
3a5e0c14-6426-4a1f-b80a-f5d8174568d8,12,SEARCH,2026-03-15T20:08:53.325067
65b00138-3ad1-4210-8326-f5f0f920a927,24,SEARCH,2026-03-15T20:55:53.325067
77097335-9bf1-4ce5-a34c-c9cb92e53352,2,SEARCH,2026-03-15T21:22:53.325067
f539cbba-8e63-49a0-888f-a69e5387f5e7,5,SEARCH,2026-03-15T21:26:53.325067
670178d5-1be2-43b8-ae51-c78b6e95596d,15,SEARCH,2026-03-15T21:39:53.325067
d5355a54-1fab-49ee-9adc-ab2f6e6d987b,17,SEARCH,2026-03-15T21:44:53.325067
45ae47a9-2614-40b2-84b3-530b061ae6f3,12,SEARCH,2026-03-15T21:45:53.325067
e6051a4d-abd3-44a0-916c-40d50fc0f738,14,SEARCH,2026-03-15T21:45:53.325067
483f4ce6-409d-4630-911f-f580fc8e4081,16,SEARCH,2026-03-15T21:46:53.325067
5de2bb93-220e-49e0-ab70-5c8617b7b4e9,4,SEARCH,2026-03-15T21:51:53.325067
e0178b1c-b664-4fb1-ba29-c4fa6109c485,17,SEARCH,2026-03-15T22:06:53.325067
025da52c-3daa-4ade-be62-1f35affd5e4d,17,SEARCH,2026-03-15T22:06:53.325067
ad965232-d3a1-429c-a8a6-8736e3192620,16,SEARCH,2026-03-15T22:20:53.325067
0ce550f0-2261-430c-87e4-108642207c14,6,SEARCH,2026-03-15T22:21:53.325067
cced0094-90fa-45a3-9711-dd4566cd0f92,19,SEARCH,2026-03-15T22:23:53.325067
025da52c-3daa-4ade-be62-1f35affd5e4d,26,SEARCH,2026-03-15T22:23:53.325067
abb9826b-4bb0-4c47-b79d-ea82adf92050,6,SEARCH,2026-03-15T22:28:53.325067
52685bf4-2338-4240-931f-2fa58bd2e882,12,SEARCH,2026-03-15T22:42:53.325067
585ff55e-0e22-4a24-8778-c481e8a8f372,17,SEARCH,2026-03-15T22:46:53.325067
71852831-90ad-4deb-9abc-4a1baee33cb6,11,SEARCH,2026-03-15T22:47:53.325067
45b4e5b2-5e91-4e33-a1f3-bcc3cd492b2b,33,SEARCH,2026-03-15T23:28:53.325067
b35e0ba4-5b13-4e14-8262-969524977292,20,SEARCH,2026-03-15T23:30:53.325067
65b00138-3ad1-4210-8326-f5f0f920a927,28,SEARCH,2026-03-15T23:31:53.325067
15638f0f-2c5f-4501-accc-7180adec7352,15,SEARCH,2026-03-15T23:57:53.325067
9daf70ca-0e57-4862-90bc-00be9bbcd923,19,PURCHASE,2026-03-16T00:05:53.325067
6747140c-efd0-4e7b-989d-bdffb18081a8,27,PURCHASE,2026-03-16T00:10:53.325067
aa6b21a4-8c72-4957-9afa-6231cd81b533,23,SEARCH,2026-03-16T00:11:53.325067
153982c3-0a07-4f2c-bf34-6bc1b976aa1b,7,SEARCH,2026-03-16T00:23:53.325067
cc876e06-27ba-4dfa-b925-231965647920,9,SEARCH,2026-03-16T00:31:53.325067
433f9cd8-a64b-42cc-8304-054b6770950f,17,SEARCH,2026-03-16T00:50:53.325067
df3ad564-7cee-4fe9-96a9-84a7092a5e63,15,SEARCH,2026-03-16T00:59:53.325067
21dae28c-1b0b-4331-9a64-bfec29296aab,21,SEARCH,2026-03-16T01:33:53.325067
9647378f-753b-42a1-b37b-420d38ccf753,12,SEARCH,2026-03-16T01:35:53.325067
499e0a6a-0709-4df6-82f3-c75fa0ae73db,27,SEARCH,2026-03-16T01:53:53.325067
a21c5513-9d37-4926-9729-0f802f6f6304,30,PURCHASE,2026-03-16T01:57:53.325067
3c40efe4-b5a2-4255-9451-8f4273e6d7bd,8,SEARCH,2026-03-16T02:08:53.325067
fcf4e7de-ac03-4e81-99f9-b10b754c96a3,6,SEARCH,2026-03-16T02:11:53.325067
6865ed66-412e-4e21-83e6-46107262df72,4,PURCHASE,2026-03-16T02:23:53.325067
483f4ce6-409d-4630-911f-f580fc8e4081,6,SEARCH,2026-03-16T02:28:53.325067
c323d4f0-2ea5-4c35-9ed7-eb6f37c442a8,16,SEARCH,2026-03-16T02:28:53.325067
c5e57418-eebb-4887-abd9-ba54dbb7529c,7,SEARCH,2026-03-16T02:34:53.325067
f539cbba-8e63-49a0-888f-a69e5387f5e7,8,SEARCH,2026-03-16T02:47:53.325067
7771832c-852f-4810-a1fd-f125909e786d,12,SEARCH,2026-03-16T02:47:53.325067
ba73a637-3b51-4b92-83ae-1eb0047fa0e6,21,SEARCH,2026-03-16T02:51:53.325067
90b4b949-3ac4-4655-a229-286c9bd897ec,9,SEARCH,2026-03-16T03:00:53.325067
8aa4e24e-b641-4e27-90ad-ae70b2653a10,15,SEARCH,2026-03-16T03:29:53.325067
94e4d379-358e-468b-8f7c-126dbbb289fa,6,SEARCH,2026-03-16T03:33:53.325067
14475413-bfe4-45ff-9516-e0d88e2673ce,33,SEARCH,2026-03-16T03:48:53.325067
e518304f-f0c2-4d0e-b24c-df7c91bc9983,5,SEARCH,2026-03-16T03:48:53.325067
d08f1b46-5424-4de2-9a3b-0c0c9a656260,25,SEARCH,2026-03-16T03:53:53.325067
e400a7b4-49fc-4f34-8ee1-eb1089a0a1e4,10,SEARCH,2026-03-16T03:57:53.325067
c2c49c28-c2f2-414d-be9c-903e90fa7cb1,19,SEARCH,2026-03-16T03:57:53.325067
77be904d-ae03-46de-a946-154376326fac,17,SEARCH,2026-03-16T04:06:53.325067
8c83272a-9e38-4894-9116-5734b90f6da3,6,SEARCH,2026-03-16T04:07:53.325067
cd353de9-6e32-40d6-9c2d-680726598e91,22,SEARCH,2026-03-16T04:13:53.325067
58a5a34c-bd4d-4ee6-bc1a-49fa95b55592,19,SEARCH,2026-03-16T04:25:53.325067
209e1b4f-9340-42d8-b737-0f3435787db4,18,SEARCH,2026-03-16T04:28:53.325067
153982c3-0a07-4f2c-bf34-6bc1b976aa1b,10,SEARCH,2026-03-16T04:32:53.325067
993f0dbf-2553-415d-9d50-be9b0928e9b7,23,SEARCH,2026-03-16T04:33:53.325067
b35e0ba4-5b13-4e14-8262-969524977292,25,PURCHASE,2026-03-16T04:35:53.325067
a7074121-cd9e-4595-a23e-5345f274fb8a,7,SEARCH,2026-03-16T04:37:53.325067
a7074121-cd9e-4595-a23e-5345f274fb8a,12,SEARCH,2026-03-16T04:40:53.325067
35d284a5-0206-48ba-940a-d3f5eeca6f5a,28,SEARCH,2026-03-16T04:44:53.325067
f4c4d321-f7c1-4ff1-8731-53e8e0a0f715,6,SEARCH,2026-03-16T04:47:53.325067
cc641e38-4587-4679-b245-6094f0dd6eec,19,SEARCH,2026-03-16T04:53:53.325067
6970fdd5-2a61-4aa5-b1ee-eca9ae7bbbd9,3,SEARCH,2026-03-16T05:01:53.325067
dd555b7b-8353-4885-872e-2d0c9a1439ff,6,SEARCH,2026-03-16T05:22:53.325067
2ac44fa5-420c-4322-8205-6f996ab44548,10,PURCHASE,2026-03-16T05:31:53.325067
a69a944d-df32-48a7-828c-541bfd89d18c,13,SEARCH,2026-03-16T05:36:53.325067
b4f47da9-9f4e-4b98-ae9c-bb815ae1bed4,6,SEARCH,2026-03-16T05:36:53.325067
c79c14ee-62df-4edf-baef-0b521cd8b3a9,5,SEARCH,2026-03-16T05:49:53.325067
d5355a54-1fab-49ee-9adc-ab2f6e6d987b,11,SEARCH,2026-03-16T06:07:53.325067
1ef1084f-e562-4722-b60f-a03cb724022e,16,SEARCH,2026-03-16T06:15:53.325067
27116756-15f1-4e13-84ae-412fb8a0372d,22,SEARCH,2026-03-16T07:16:53.325067
80b80c0a-551e-4066-8130-783583b6341a,17,SEARCH,2026-03-16T07:19:53.325067
a9a7ad70-48a1-4c4b-a7d0-51e7f1c0081c,22,SEARCH,2026-03-16T07:22:53.325067
c0ddc42f-ccd4-4c30-8db6-7154bd9a32cd,33,SEARCH,2026-03-16T07:24:53.325067
0ebfddde-402d-4f23-90ec-1f60f3a58d80,9,SEARCH,2026-03-16T07:42:53.325067
42465bac-01ec-4687-8265-81e0e15fb5c6,15,SEARCH,2026-03-16T07:47:53.325067
30725a43-4ef2-4381-8299-b5e965efb313,9,SEARCH,2026-03-16T07:51:53.325067
d0dfd001-aa3f-40c1-8c8d-6d5a0594735b,7,SEARCH,2026-03-16T07:56:53.325067
829dfd5f-4297-4a1a-b229-c9152f168d4a,18,SEARCH,2026-03-16T08:02:53.325067
26347d35-a405-4d26-8f05-e1e3606c040b,19,SEARCH,2026-03-16T08:07:53.325067
5b5ca9f4-bcca-4a64-9f37-442e28c71e88,2,PURCHASE,2026-03-16T08:16:53.325067
33163f98-d950-4322-9e3b-be0c9314f97f,38,SEARCH,2026-03-16T08:55:53.325067
fe56cc6a-d6e2-45c9-8ff5-23371d3f93f8,12,SEARCH,2026-03-16T09:30:53.325067
575a857f-54be-428f-8863-5245aca9ebd4,6,SEARCH,2026-03-16T09:31:53.325067
ba8f0e72-3209-4387-a358-72c4c62ebad3,14,SEARCH,2026-03-16T09:49:53.325067
58a5a34c-bd4d-4ee6-bc1a-49fa95b55592,11,PURCHASE,2026-03-16T10:01:53.325067
73fe18cf-94b1-4974-bdc7-7cc358c52e03,18,SEARCH,2026-03-16T10:12:53.325067
cc07b342-7e38-49da-924a-c9a0b47d3972,6,SEARCH,2026-03-16T10:19:53.325067
53346a36-6f23-45f7-8089-1bd846183d7f,12,SEARCH,2026-03-16T10:22:53.325067
ffa5c930-300a-4e34-a99e-bf085c6d3432,25,PURCHASE,2026-03-16T10:23:53.325067
49fd6910-4863-40e7-bee4-2397a54d89dd,14,SEARCH,2026-03-16T10:31:53.325067
b3d5b452-8ff5-4c78-9a69-0f08e2dbd3a6,14,SEARCH,2026-03-16T10:42:53.325067
3543cf5f-f9e4-45cc-853e-61e31cdf3d23,7,SEARCH,2026-03-16T10:43:53.325067
076b8612-ddc3-456c-b388-05385ab6a674,7,SEARCH,2026-03-16T10:50:53.325067
9f1cfd91-01fa-41a2-a636-af0b8b4ade9f,13,PURCHASE,2026-03-16T11:05:53.325067
97636ebc-d14c-457f-9ca9-d5e89042ecac,14,SEARCH,2026-03-16T11:06:53.325067
67fc04f2-f83c-49fc-bf0a-b7acd06a81dc,17,SEARCH,2026-03-16T11:26:53.325067
3e090f07-9e2c-4ad5-9519-d9f09eddd069,15,PURCHASE,2026-03-16T11:26:53.325067
e1f9159b-0c8e-4734-a379-c6745ef1486c,14,SEARCH,2026-03-16T11:33:53.325067
585ff55e-0e22-4a24-8778-c481e8a8f372,20,SEARCH,2026-03-16T11:43:53.325067
f2a91885-84ac-4819-b0c7-9ec58273439e,4,SEARCH,2026-03-16T11:44:53.325067
f64c66fa-0171-4968-8c28-16069d56f17a,5,SEARCH,2026-03-16T11:55:53.325067
c5846c3d-3f65-4152-bf10-d1fef5f44b56,21,SEARCH,2026-03-16T11:56:53.325067
cced0094-90fa-45a3-9711-dd4566cd0f92,23,SEARCH,2026-03-16T11:57:53.325067
5de2bb93-220e-49e0-ab70-5c8617b7b4e9,21,SEARCH,2026-03-16T12:16:53.325067
7803904e-2247-4d5c-963f-ccd4ca26faf0,30,SEARCH,2026-03-16T12:24:53.325067
f2264fb0-f9a4-4943-baa1-3cd4f092e0d0,14,SEARCH,2026-03-16T12:30:53.325067
c830beb8-36fa-491c-9280-eb536a6eeb4f,12,SEARCH,2026-03-16T12:37:53.325067
153982c3-0a07-4f2c-bf34-6bc1b976aa1b,26,SEARCH,2026-03-16T12:47:53.325067
ba8f0e72-3209-4387-a358-72c4c62ebad3,6,PURCHASE,2026-03-16T12:52:53.325067
a809b711-aa64-4474-8e48-d243ab6f8baf,29,SEARCH,2026-03-16T13:01:53.325067
ba8f0e72-3209-4387-a358-72c4c62ebad3,18,SEARCH,2026-03-16T13:02:53.325067
f4c4d321-f7c1-4ff1-8731-53e8e0a0f715,4,SEARCH,2026-03-16T13:46:53.325067
05ecab31-be05-4cdd-97bd-8fa1a1d86061,37,SEARCH,2026-03-16T13:50:53.325067
b15e9dc1-38e1-4813-86df-d556946ff7ad,25,PURCHASE,2026-03-16T13:53:53.325067
60c0cadf-a5e5-43fd-965f-2aca4f4ed21e,22,SEARCH,2026-03-16T13:54:53.325067
a9346e7e-17e3-4628-ad19-3b8932ed9b4d,12,SEARCH,2026-03-16T13:59:53.325067
b6a94374-7d42-4029-a262-dbf92b8615ed,15,SEARCH,2026-03-16T14:04:53.325067
711674ac-dc45-4de7-9011-a7e336437ff1,22,SEARCH,2026-03-16T14:09:53.325067
b2751dc4-94d4-455a-a9a4-41dda0314e2b,31,SEARCH,2026-03-16T14:45:53.325067
98007922-1f86-4b8e-b8a1-c8f08d97f8d9,21,SEARCH,2026-03-16T14:46:53.325067
51190cd5-9692-45e9-81a0-31ea67943df9,33,PURCHASE,2026-03-16T14:56:53.325067
be27ad6a-f5a6-49b2-b27d-714f889c9ef0,24,SEARCH,2026-03-16T14:59:53.325067
5efcc330-6be7-47cb-97ac-647f1b2074af,21,SEARCH,2026-03-16T15:00:53.325067
e83eb82f-1852-4dc1-91a8-74d876cf69ef,18,PURCHASE,2026-03-16T15:03:53.325067
fcb22bfc-6128-495e-be2c-b0a43c231973,10,PURCHASE,2026-03-16T15:24:53.325067
ff66b882-8c64-4453-96af-33ea3fc977ae,6,PURCHASE,2026-03-16T15:29:53.325067
cd353de9-6e32-40d6-9c2d-680726598e91,4,PURCHASE,2026-03-16T15:42:53.325067
7a9371cb-01a9-499f-86f5-d0bd6452b509,5,SEARCH,2026-03-16T15:56:53.325067
25a9a47e-8243-4dd7-a1ea-c6a1291bd002,10,SEARCH,2026-03-16T16:02:53.325067
48493cc2-eb14-4ea1-a460-40c419e10aaa,15,SEARCH,2026-03-16T16:08:53.325067
42465bac-01ec-4687-8265-81e0e15fb5c6,7,SEARCH,2026-03-16T16:19:53.325067
6d5292b3-ee9a-4f00-b7a3-bc17f80f166f,19,SEARCH,2026-03-16T16:34:53.325067
aa6b21a4-8c72-4957-9afa-6231cd81b533,18,SEARCH,2026-03-16T17:08:53.325067
e6051a4d-abd3-44a0-916c-40d50fc0f738,18,SEARCH,2026-03-16T17:13:53.325067
5283ccce-a054-40e5-b753-f8fac4704baf,18,SEARCH,2026-03-16T17:21:53.325067
c2208498-58e8-4a60-aee9-784ba412ecce,29,SEARCH,2026-03-16T17:34:53.325067
984775f1-a021-46d8-b8f7-f7c4a7db6d81,15,SEARCH,2026-03-16T17:40:53.325067
f2264fb0-f9a4-4943-baa1-3cd4f092e0d0,9,SEARCH,2026-03-16T18:00:53.325067
36bdc412-fa89-4f9e-b7c8-a13e1b2570a9,5,SEARCH,2026-03-16T18:35:53.325067
aa5b2f50-8c9f-47cd-9860-186f7200044e,6,SEARCH,2026-03-16T18:35:53.325067
e361ca2c-d5b2-4165-ae61-cbc9895bd43b,24,SEARCH,2026-03-16T18:38:53.325067
659760cc-0f68-416d-a3b0-c36876d92e07,17,SEARCH,2026-03-16T18:44:53.325067
a9a7ad70-48a1-4c4b-a7d0-51e7f1c0081c,26,SEARCH,2026-03-16T18:46:53.325067
e3556b91-8a79-40ee-8564-73f6a8c294a8,26,SEARCH,2026-03-16T18:49:53.325067
8fb04133-739c-4977-b1b4-50e729b3b1a9,13,SEARCH,2026-03-16T18:49:53.325067
314b8cfb-73bd-4078-b4cf-a792e36bbd0d,23,PURCHASE,2026-03-16T18:56:53.325067
80b80c0a-551e-4066-8130-783583b6341a,11,SEARCH,2026-03-16T18:59:53.325067
cc641e38-4587-4679-b245-6094f0dd6eec,16,SEARCH,2026-03-16T19:07:53.325067
74c694be-f2f1-48b5-9fbb-0a6233a71792,7,SEARCH,2026-03-16T19:27:53.325067
79cb8b38-5cd9-4b11-bf31-20b782e0f357,8,SEARCH,2026-03-16T19:40:53.325067
c0e792a3-7927-4223-bec7-202c6fbcef07,7,SEARCH,2026-03-16T19:48:53.325067
b5ee5466-b470-4bfd-995c-77ee91769403,25,SEARCH,2026-03-16T19:51:53.325067
e6051a4d-abd3-44a0-916c-40d50fc0f738,9,SEARCH,2026-03-16T20:17:53.325067
80b80c0a-551e-4066-8130-783583b6341a,10,SEARCH,2026-03-16T20:27:53.325067
15638f0f-2c5f-4501-accc-7180adec7352,23,SEARCH,2026-03-16T20:37:53.325067
d7e15291-054f-4cef-9258-1af87c8a1dc4,26,SEARCH,2026-03-16T20:42:53.325067
fcf4e7de-ac03-4e81-99f9-b10b754c96a3,16,SEARCH,2026-03-16T21:00:53.325067
f81d9aac-045b-487b-8eb7-78f2e6c87ad6,16,SEARCH,2026-03-16T21:01:53.325067
296d3bca-9d86-40fa-a523-94e710959c8a,27,SEARCH,2026-03-16T21:05:53.325067
26347d35-a405-4d26-8f05-e1e3606c040b,11,SEARCH,2026-03-16T21:07:53.325067
a8593aa1-caa8-4e24-ae7e-4b22b873b129,13,SEARCH,2026-03-16T21:07:53.325067
82f01968-17c4-4417-a691-e7a2988e5978,12,PURCHASE,2026-03-16T21:17:53.325067
27116756-15f1-4e13-84ae-412fb8a0372d,25,SEARCH,2026-03-16T21:24:53.325067
e713fcfa-0921-4f87-9b0b-f4fea9c533b3,10,SEARCH,2026-03-16T21:32:53.325067
ba73a637-3b51-4b92-83ae-1eb0047fa0e6,20,PURCHASE,2026-03-16T21:56:53.325067
13226df5-061b-4a9f-b90c-461443dc42a6,2,SEARCH,2026-03-16T22:18:53.325067
f7ead430-c618-4c5a-91a0-c628782dadfc,31,SEARCH,2026-03-16T22:22:53.325067
a41e8b1f-8ac5-43c0-8363-edbad92b0719,11,SEARCH,2026-03-16T22:26:53.325067
d9cfa097-b8b1-438c-ba43-f186292c2fd4,8,SEARCH,2026-03-16T22:56:53.325067
8cb126e9-21f0-4b02-90b2-c15e6504b750,18,SEARCH,2026-03-16T23:11:53.325067
41aabca9-3913-4b03-930d-6c49127df644,13,PURCHASE,2026-03-16T23:11:53.325067
a7074121-cd9e-4595-a23e-5345f274fb8a,4,SEARCH,2026-03-16T23:11:53.325067
78376492-dfe4-4410-8dc6-4d19ec461fec,17,SEARCH,2026-03-16T23:13:53.325067
a41e8b1f-8ac5-43c0-8363-edbad92b0719,23,SEARCH,2026-03-16T23:15:53.325067
cc07b342-7e38-49da-924a-c9a0b47d3972,9,PURCHASE,2026-03-16T23:22:53.325067
06589e07-2571-41d1-a784-6361a9ad35b1,10,SEARCH,2026-03-16T23:41:53.325067
182ef987-a6d6-4329-abe8-2da0782d5dfb,9,SEARCH,2026-03-16T23:59:53.325067
4c682d9e-2f19-46a9-af00-13d29cfbdfb6,5,SEARCH,2026-03-17T00:00:53.325067
9063f75d-ad77-441d-bb30-de46a6716141,15,SEARCH,2026-03-17T00:07:53.325067
a266d188-7a9f-4b44-b73e-2d7af82b6ca9,10,SEARCH,2026-03-17T00:07:53.325067
8bbf9955-a497-4453-a7a3-7675c8c98080,5,SEARCH,2026-03-17T00:38:53.325067
78b207a8-4f03-4de8-8b7a-56f69d1aa3ce,14,PURCHASE,2026-03-17T00:39:53.325067
36bdc412-fa89-4f9e-b7c8-a13e1b2570a9,10,SEARCH,2026-03-17T00:49:53.325067
4c682d9e-2f19-46a9-af00-13d29cfbdfb6,7,PURCHASE,2026-03-17T01:31:53.325067
e9a8ef61-8f21-4a1e-a326-fb36dd78499f,10,SEARCH,2026-03-17T01:38:53.325067
a21c5513-9d37-4926-9729-0f802f6f6304,20,SEARCH,2026-03-17T01:41:53.325067
7981a1ff-35a7-4d84-9f26-48042b761273,14,PURCHASE,2026-03-17T02:07:53.325067
81fe3ab1-8822-4b3c-9872-ef9cbd69657a,7,PURCHASE,2026-03-17T02:35:53.325067
19fa6e83-b771-4a97-ae21-c241e196de8e,4,PURCHASE,2026-03-17T02:42:53.325067
6491a90a-1252-4522-a4aa-568e054ea3e6,11,SEARCH,2026-03-17T02:52:53.325067
9b42292f-a51f-4d75-8725-5d2ab7b41c74,16,SEARCH,2026-03-17T03:03:53.325067
d68a52f6-e14d-436a-b6bd-8a499a1e564d,8,SEARCH,2026-03-17T03:08:53.325067
75e4a6e3-1c6c-4926-a5ac-2bfccf017440,12,SEARCH,2026-03-17T03:20:53.325067
1afa6b41-20e7-4505-992d-33ffad21857d,15,SEARCH,2026-03-17T04:09:53.325067
a21c5513-9d37-4926-9729-0f802f6f6304,18,SEARCH,2026-03-17T04:12:53.325067
6747140c-efd0-4e7b-989d-bdffb18081a8,14,PURCHASE,2026-03-17T04:18:53.325067
313a75c2-6499-4c10-ab25-7c04da298bcb,11,SEARCH,2026-03-17T04:32:53.325067
45b4e5b2-5e91-4e33-a1f3-bcc3cd492b2b,13,PURCHASE,2026-03-17T04:46:53.325067
182b81ed-1deb-4823-baab-501fadbac2c5,14,SEARCH,2026-03-17T04:50:53.325067
ffa5c930-300a-4e34-a99e-bf085c6d3432,18,SEARCH,2026-03-17T04:52:53.325067
c2208498-58e8-4a60-aee9-784ba412ecce,3,SEARCH,2026-03-17T04:55:53.325067
69e263ee-7429-4a8d-8504-5817a13a7c44,26,SEARCH,2026-03-17T05:00:53.325067
4f3f236e-eaa9-436d-81ef-0c13dab5154f,16,SEARCH,2026-03-17T05:36:53.325067
a2cab50a-a546-4179-b87c-d78b53283047,12,SEARCH,2026-03-17T05:40:53.325067
d822cfc8-2e23-41a3-bb09-ddbc0af60dfa,15,SEARCH,2026-03-17T05:48:53.325067
fcb22bfc-6128-495e-be2c-b0a43c231973,21,SEARCH,2026-03-17T05:57:53.325067
516c6646-8b42-45fa-9dc3-a3b89b1e4e26,7,SEARCH,2026-03-17T05:59:53.325067
4ba1e89e-4107-41af-9d43-5feed90d28fc,11,SEARCH,2026-03-17T06:36:53.325067
80cc2ae5-5000-4948-82e6-cd47416f1529,14,SEARCH,2026-03-17T06:40:53.325067
48493cc2-eb14-4ea1-a460-40c419e10aaa,13,SEARCH,2026-03-17T07:08:53.325067
918a7dab-fad0-4b26-8de2-2fcadd0fc18f,9,SEARCH,2026-03-17T07:12:53.325067
e361ca2c-d5b2-4165-ae61-cbc9895bd43b,5,SEARCH,2026-03-17T07:19:53.325067
6e14bc6d-596f-402c-9364-0466af03fd90,25,SEARCH,2026-03-17T07:22:53.325067
36bdc412-fa89-4f9e-b7c8-a13e1b2570a9,16,PURCHASE,2026-03-17T07:35:53.325067
b4e35238-0ed8-4b94-8821-f723d26ed22c,23,PURCHASE,2026-03-17T07:35:53.325067
af55ce6d-8ccc-4ab6-aedb-2a0ab42a12e3,9,SEARCH,2026-03-17T07:39:53.325067
228f70d1-8981-4a30-9694-1d276a881382,14,SEARCH,2026-03-17T07:43:53.325067
5b5ca9f4-bcca-4a64-9f37-442e28c71e88,29,SEARCH,2026-03-17T07:58:53.325067
f5f14641-d463-40f3-84cb-e86ebe1ddd5a,13,SEARCH,2026-03-17T08:04:53.325067
d1d39266-15c0-4b5b-a8e5-8cdea23f9a93,12,SEARCH,2026-03-17T08:27:53.325067
fd9d531f-1f9b-4f29-b369-cdd3f6f82fd7,38,SEARCH,2026-03-17T08:44:53.325067
45b4e5b2-5e91-4e33-a1f3-bcc3cd492b2b,18,SEARCH,2026-03-17T09:09:53.325067
c0f3be62-17ed-46b4-9717-2cebd19f20b6,16,SEARCH,2026-03-17T09:20:53.325067
af55ce6d-8ccc-4ab6-aedb-2a0ab42a12e3,16,SEARCH,2026-03-17T09:26:53.325067
d5355a54-1fab-49ee-9adc-ab2f6e6d987b,8,SEARCH,2026-03-17T09:49:53.325067
b635d7c5-712e-4ec6-b70c-134b9c948fd8,23,PURCHASE,2026-03-17T09:57:53.325067
d1d3a393-8a5c-47fb-b5bc-9297839685ee,9,SEARCH,2026-03-17T10:26:53.325067
fe56cc6a-d6e2-45c9-8ff5-23371d3f93f8,15,PURCHASE,2026-03-17T10:34:53.325067
abb9826b-4bb0-4c47-b79d-ea82adf92050,8,SEARCH,2026-03-17T10:37:53.325067
ffc7c64f-dde1-44f2-9cf7-74e6493333b1,13,SEARCH,2026-03-17T10:49:53.325067
27d24a11-f94d-4ebd-ad87-de9dce3f42da,31,SEARCH,2026-03-17T10:59:53.325067
13226df5-061b-4a9f-b90c-461443dc42a6,12,SEARCH,2026-03-17T11:11:53.325067
9f58599b-54cf-4662-9270-1c54f3d4385f,22,SEARCH,2026-03-17T11:30:53.325067
531e8327-da0a-43e5-89ad-4038b82508d7,7,SEARCH,2026-03-17T11:31:53.325067
b96b592a-4e5c-4d1b-accc-2777368aa4be,15,PURCHASE,2026-03-17T11:37:53.325067
19fa6e83-b771-4a97-ae21-c241e196de8e,5,PURCHASE,2026-03-17T11:50:53.325067
25f6d082-6a51-413b-9783-0f019a400f42,27,SEARCH,2026-03-17T11:56:53.325067
4bd6b982-dac9-4d73-b582-eeda940ab590,17,SEARCH,2026-03-17T12:02:53.325067
9647378f-753b-42a1-b37b-420d38ccf753,6,SEARCH,2026-03-17T12:03:53.325067
94e4d379-358e-468b-8f7c-126dbbb289fa,20,SEARCH,2026-03-17T12:11:53.325067
e713fcfa-0921-4f87-9b0b-f4fea9c533b3,14,SEARCH,2026-03-17T12:14:53.325067
fd9d531f-1f9b-4f29-b369-cdd3f6f82fd7,13,SEARCH,2026-03-17T12:36:53.325067
df13e12f-6ea3-4c43-8ff0-b64bee8abfd4,3,SEARCH,2026-03-17T12:40:53.325067
f5a24716-0b1a-4022-9c26-9ba796ce0e0b,6,SEARCH,2026-03-17T13:10:53.325067
7771832c-852f-4810-a1fd-f125909e786d,13,SEARCH,2026-03-17T13:40:53.325067
9a65e84a-85cc-479a-9c97-480ce62d2100,9,SEARCH,2026-03-17T13:53:53.325067
42465bac-01ec-4687-8265-81e0e15fb5c6,10,SEARCH,2026-03-17T14:01:53.325067
36bdc412-fa89-4f9e-b7c8-a13e1b2570a9,12,SEARCH,2026-03-17T14:12:53.325067
